cat_a,cat_b,prompt_id,cluster_id,cluster_name,alpha,beta,cos_joint,cos_marg_a,cos_marg_b,cos_baseline,joint_minus_marg_max,joint_minus_marg_avg
anger,fear,0,0,self-doubt / encouragement,-2.0,-2.0,0.20526054501533508,0.21378503739833832,0.2579997777938843,0.2579997777938843,-0.052739232778549194,-0.030631862580776215
anger,fear,0,0,self-doubt / encouragement,-2.0,2.0,0.1917426884174347,0.21378503739833832,0.17587535083293915,0.2579997777938843,-0.022042348980903625,-0.0030875056982040405
anger,fear,0,0,self-doubt / encouragement,2.0,-2.0,0.17711129784584045,0.21284502744674683,0.2579997777938843,0.2579997777938843,-0.08088847994804382,-0.0583111047744751
anger,fear,0,0,self-doubt / encouragement,2.0,2.0,0.16673703491687775,0.21284502744674683,0.17587535083293915,0.2579997777938843,-0.04610799252986908,-0.02762315422296524
anger,fear,0,1,frustration / despair,-2.0,-2.0,0.17018981277942657,0.19184617698192596,0.1789245754480362,0.1789245754480362,-0.02165636420249939,-0.015195563435554504
anger,fear,0,1,frustration / despair,-2.0,2.0,0.16839700937271118,0.19184617698192596,0.17068102955818176,0.1789245754480362,-0.023449167609214783,-0.012866593897342682
anger,fear,0,1,frustration / despair,2.0,-2.0,0.21496239304542542,0.1304447203874588,0.1789245754480362,0.1789245754480362,0.03603781759738922,0.06027774512767792
anger,fear,0,1,frustration / despair,2.0,2.0,0.19277271628379822,0.1304447203874588,0.17068102955818176,0.1789245754480362,0.022091686725616455,0.042209841310977936
anger,fear,0,2,uncertainty / indecision,-2.0,-2.0,0.20935148000717163,0.2423609495162964,0.29390186071395874,0.29390186071395874,-0.08455038070678711,-0.05877992510795593
anger,fear,0,2,uncertainty / indecision,-2.0,2.0,0.14574716985225677,0.2423609495162964,0.15906034409999847,0.29390186071395874,-0.09661377966403961,-0.054963476955890656
anger,fear,0,2,uncertainty / indecision,2.0,-2.0,0.19592401385307312,0.2458190619945526,0.29390186071395874,0.29390186071395874,-0.09797784686088562,-0.07393644750118256
anger,fear,0,2,uncertainty / indecision,2.0,2.0,0.1866322159767151,0.2458190619945526,0.15906034409999847,0.29390186071395874,-0.059186846017837524,-0.015807487070560455
anger,fear,0,3,romantic idealism,-2.0,-2.0,0.021431617438793182,0.06062449514865875,0.09816206246614456,0.09816206246614456,-0.07673044502735138,-0.057961661368608475
anger,fear,0,3,romantic idealism,-2.0,2.0,0.048949822783470154,0.06062449514865875,0.10870297253131866,0.09816206246614456,-0.05975314974784851,-0.035713911056518555
anger,fear,0,3,romantic idealism,2.0,-2.0,0.008179385215044022,0.10900553315877914,0.09816206246614456,0.09816206246614456,-0.10082614794373512,-0.09540441259741783
anger,fear,0,3,romantic idealism,2.0,2.0,0.04324130341410637,0.10900553315877914,0.10870297253131866,0.09816206246614456,-0.06576422974467278,-0.06561294943094254
anger,fear,0,4,academic ambition / competitive determination,-2.0,-2.0,0.13145127892494202,0.1157606989145279,0.1298098862171173,0.1298098862171173,0.001641392707824707,0.008665986359119415
anger,fear,0,4,academic ambition / competitive determination,-2.0,2.0,0.08717110753059387,0.1157606989145279,0.046992767602205276,0.1298098862171173,-0.02858959138393402,0.005794374272227287
anger,fear,0,4,academic ambition / competitive determination,2.0,-2.0,0.07444795221090317,0.09882301092147827,0.1298098862171173,0.1298098862171173,-0.05536193400621414,-0.03986849635839462
anger,fear,0,4,academic ambition / competitive determination,2.0,2.0,0.11246539652347565,0.09882301092147827,0.046992767602205276,0.1298098862171173,0.013642385601997375,0.03955750726163387
anger,fear,0,5,ironic amusement,-2.0,-2.0,0.2175980806350708,0.1250118464231491,0.1419863998889923,0.1419863998889923,0.07561168074607849,0.08409895747900009
anger,fear,0,5,ironic amusement,-2.0,2.0,0.10677631944417953,0.1250118464231491,0.07731746882200241,0.1419863998889923,-0.018235526978969574,0.005611661821603775
anger,fear,0,5,ironic amusement,2.0,-2.0,0.14283762872219086,0.1224302351474762,0.1419863998889923,0.1419863998889923,0.0008512288331985474,0.010629311203956604
anger,fear,0,5,ironic amusement,2.0,2.0,0.09457536786794662,0.1224302351474762,0.07731746882200241,0.1419863998889923,-0.02785486727952957,-0.005298484116792679
anger,fear,0,6,enthusiasm / curiosity,-2.0,-2.0,0.20904898643493652,0.1549644023180008,0.18679481744766235,0.18679481744766235,0.02225416898727417,0.03816937655210495
anger,fear,0,6,enthusiasm / curiosity,-2.0,2.0,0.12813961505889893,0.1549644023180008,0.13171570003032684,0.18679481744766235,-0.026824787259101868,-0.015200436115264893
anger,fear,0,6,enthusiasm / curiosity,2.0,-2.0,0.14291788637638092,0.14364448189735413,0.18679481744766235,0.18679481744766235,-0.04387693107128143,-0.02230176329612732
anger,fear,0,6,enthusiasm / curiosity,2.0,2.0,0.16297590732574463,0.14364448189735413,0.13171570003032684,0.18679481744766235,0.019331425428390503,0.025295816361904144
anger,fear,1,0,self-doubt / encouragement,-2.0,-2.0,0.14961783587932587,0.05908381938934326,0.10924135148525238,0.08845274150371552,0.040376484394073486,0.06545525044202805
anger,fear,1,0,self-doubt / encouragement,-2.0,2.0,0.12195132672786713,0.05908381938934326,0.15911740064620972,0.08845274150371552,-0.03716607391834259,0.012850716710090637
anger,fear,1,0,self-doubt / encouragement,2.0,-2.0,0.10528334975242615,0.1372314840555191,0.10924135148525238,0.08845274150371552,-0.03194813430309296,-0.017953068017959595
anger,fear,1,0,self-doubt / encouragement,2.0,2.0,0.1474607288837433,0.1372314840555191,0.15911740064620972,0.08845274150371552,-0.01165667176246643,-0.0007137134671211243
anger,fear,1,1,frustration / despair,-2.0,-2.0,0.1577862948179245,0.08640670776367188,0.11108601838350296,0.12093593180179596,0.04670027643442154,0.05903993174433708
anger,fear,1,1,frustration / despair,-2.0,2.0,0.1259993314743042,0.08640670776367188,0.18338552117347717,0.12093593180179596,-0.057386189699172974,-0.008896782994270325
anger,fear,1,1,frustration / despair,2.0,-2.0,0.11092164367437363,0.1495278775691986,0.11108601838350296,0.12093593180179596,-0.03860623389482498,-0.019385304301977158
anger,fear,1,1,frustration / despair,2.0,2.0,0.15300090610980988,0.1495278775691986,0.18338552117347717,0.12093593180179596,-0.030384615063667297,-0.013455793261528015
anger,fear,1,2,uncertainty / indecision,-2.0,-2.0,0.17379043996334076,0.14380322396755219,0.19293516874313354,0.1579023152589798,-0.019144728779792786,0.005421243607997894
anger,fear,1,2,uncertainty / indecision,-2.0,2.0,0.17901310324668884,0.14380322396755219,0.18819817900657654,0.1579023152589798,-0.009185075759887695,0.013012401759624481
anger,fear,1,2,uncertainty / indecision,2.0,-2.0,0.14275315403938293,0.15697774291038513,0.19293516874313354,0.1579023152589798,-0.05018201470375061,-0.032203301787376404
anger,fear,1,2,uncertainty / indecision,2.0,2.0,0.19879493117332458,0.15697774291038513,0.18819817900657654,0.1579023152589798,0.010596752166748047,0.02620697021484375
anger,fear,1,3,romantic idealism,-2.0,-2.0,0.06038453057408333,-0.0004500128561630845,0.02738611400127411,-0.006807968486100435,0.03299841657280922,0.046916480001527816
anger,fear,1,3,romantic idealism,-2.0,2.0,0.047849901020526886,-0.0004500128561630845,0.06501414626836777,-0.006807968486100435,-0.01716424524784088,0.015567834314424545
anger,fear,1,3,romantic idealism,2.0,-2.0,0.010319828055799007,0.039697278290987015,0.02738611400127411,-0.006807968486100435,-0.029377450235188007,-0.023221868090331554
anger,fear,1,3,romantic idealism,2.0,2.0,0.039987653493881226,0.039697278290987015,0.06501414626836777,-0.006807968486100435,-0.025026492774486542,-0.012368058785796165
anger,fear,1,4,academic ambition / competitive determination,-2.0,-2.0,0.06802672147750854,0.08119083195924759,0.09196264296770096,0.07018128782510757,-0.023935921490192413,-0.01855001598596573
anger,fear,1,4,academic ambition / competitive determination,-2.0,2.0,0.05254542455077171,0.08119083195924759,0.1428396999835968,0.07018128782510757,-0.09029427543282509,-0.05946984142065048
anger,fear,1,4,academic ambition / competitive determination,2.0,-2.0,0.10390657931566238,0.1076546460390091,0.09196264296770096,0.07018128782510757,-0.00374806672334671,0.004097934812307358
anger,fear,1,4,academic ambition / competitive determination,2.0,2.0,0.15082867443561554,0.1076546460390091,0.1428396999835968,0.07018128782510757,0.007988974452018738,0.02558150142431259
anger,fear,1,5,ironic amusement,-2.0,-2.0,0.12757083773612976,0.1015855073928833,0.12647168338298798,0.1118372306227684,0.0010991543531417847,0.013542242348194122
anger,fear,1,5,ironic amusement,-2.0,2.0,0.08762183040380478,0.1015855073928833,0.15843820571899414,0.1118372306227684,-0.07081637531518936,-0.04239002615213394
anger,fear,1,5,ironic amusement,2.0,-2.0,0.1227639764547348,0.13755548000335693,0.12647168338298798,0.1118372306227684,-0.014791503548622131,-0.009249605238437653
anger,fear,1,5,ironic amusement,2.0,2.0,0.16416770219802856,0.13755548000335693,0.15843820571899414,0.1118372306227684,0.005729496479034424,0.016170859336853027
anger,fear,1,6,enthusiasm / curiosity,-2.0,-2.0,0.14863082766532898,0.09306027740240097,0.09957394748926163,0.10050424188375473,0.04905688017606735,0.05231371521949768
anger,fear,1,6,enthusiasm / curiosity,-2.0,2.0,0.18528114259243011,0.09306027740240097,0.20069795846939087,0.10050424188375473,-0.015416815876960754,0.038402024656534195
anger,fear,1,6,enthusiasm / curiosity,2.0,-2.0,0.11675653606653214,0.16734068095684052,0.09957394748926163,0.10050424188375473,-0.05058414489030838,-0.016700778156518936
anger,fear,1,6,enthusiasm / curiosity,2.0,2.0,0.1959042102098465,0.16734068095684052,0.20069795846939087,0.10050424188375473,-0.0047937482595443726,0.011884890496730804
anger,fear,2,0,self-doubt / encouragement,-2.0,-2.0,0.17494970560073853,0.11203654110431671,0.13851650059223175,0.11809313297271729,0.036433205008506775,0.049673184752464294
anger,fear,2,0,self-doubt / encouragement,-2.0,2.0,0.16618213057518005,0.11203654110431671,0.12674054503440857,0.11809313297271729,0.039441585540771484,0.04679358750581741
anger,fear,2,0,self-doubt / encouragement,2.0,-2.0,0.11246195435523987,0.16848070919513702,0.13851650059223175,0.11809313297271729,-0.056018754839897156,-0.04103665053844452
anger,fear,2,0,self-doubt / encouragement,2.0,2.0,0.2648674249649048,0.16848070919513702,0.12674054503440857,0.11809313297271729,0.09638671576976776,0.11725679785013199
anger,fear,2,1,frustration / despair,-2.0,-2.0,0.10684092342853546,0.08629456162452698,0.08928446471691132,0.08123224973678589,0.017556458711624146,0.019051410257816315
anger,fear,2,1,frustration / despair,-2.0,2.0,0.06457264721393585,0.08629456162452698,0.06934133172035217,0.08123224973678589,-0.021721914410591125,-0.013245299458503723
anger,fear,2,1,frustration / despair,2.0,-2.0,0.08880400657653809,0.03958519175648689,0.08928446471691132,0.08123224973678589,-0.00048045814037323,0.02436917833983898
anger,fear,2,1,frustration / despair,2.0,2.0,0.06768158078193665,0.03958519175648689,0.06934133172035217,0.08123224973678589,-0.0016597509384155273,0.013218319043517113
anger,fear,2,2,uncertainty / indecision,-2.0,-2.0,0.1948155164718628,0.150186687707901,0.17251801490783691,0.16268309950828552,0.02229750156402588,0.033463165163993835
anger,fear,2,2,uncertainty / indecision,-2.0,2.0,0.10437891632318497,0.150186687707901,0.05134817957878113,0.16268309950828552,-0.045807771384716034,0.0036114826798439026
anger,fear,2,2,uncertainty / indecision,2.0,-2.0,0.1562202274799347,0.09163138270378113,0.17251801490783691,0.16268309950828552,-0.01629778742790222,0.02414552867412567
anger,fear,2,2,uncertainty / indecision,2.0,2.0,0.15356798470020294,0.09163138270378113,0.05134817957878113,0.16268309950828552,0.061936601996421814,0.08207820355892181
anger,fear,2,3,romantic idealism,-2.0,-2.0,0.061302684247493744,0.05919823423027992,0.050403691828250885,0.08184073120355606,0.0021044500172138214,0.00650172121822834
anger,fear,2,3,romantic idealism,-2.0,2.0,0.11313727498054504,0.05919823423027992,0.0494811125099659,0.08184073120355606,0.05393904075026512,0.058797601610422134
anger,fear,2,3,romantic idealism,2.0,-2.0,0.06515420228242874,0.149385005235672,0.050403691828250885,0.08184073120355606,-0.08423080295324326,-0.0347401462495327
anger,fear,2,3,romantic idealism,2.0,2.0,0.11569038033485413,0.149385005235672,0.0494811125099659,0.08184073120355606,-0.03369462490081787,0.01625732146203518
anger,fear,2,4,academic ambition / competitive determination,-2.0,-2.0,0.1644645482301712,0.19814075529575348,0.19722029566764832,0.22492694854736328,-0.033676207065582275,-0.033215977251529694
anger,fear,2,4,academic ambition / competitive determination,-2.0,2.0,0.1512811779975891,0.19814075529575348,0.05046037957072258,0.22492694854736328,-0.04685957729816437,0.026980610564351082
anger,fear,2,4,academic ambition / competitive determination,2.0,-2.0,0.1943763643503189,0.07411760836839676,0.19722029566764832,0.22492694854736328,-0.0028439313173294067,0.05870741233229637
anger,fear,2,4,academic ambition / competitive determination,2.0,2.0,0.17159515619277954,0.07411760836839676,0.05046037957072258,0.22492694854736328,0.09747754782438278,0.10930616222321987
anger,fear,2,5,ironic amusement,-2.0,-2.0,0.13489870727062225,0.05877523869276047,0.048356328159570694,0.0756302997469902,0.07612346857786179,0.08133292384445667
anger,fear,2,5,ironic amusement,-2.0,2.0,0.10528578609228134,0.05877523869276047,0.008855702355504036,0.0756302997469902,0.046510547399520874,0.07147031556814909
anger,fear,2,5,ironic amusement,2.0,-2.0,0.060144707560539246,0.14601309597492218,0.048356328159570694,0.0756302997469902,-0.08586838841438293,-0.03704000450670719
anger,fear,2,5,ironic amusement,2.0,2.0,0.04272812604904175,0.14601309597492218,0.008855702355504036,0.0756302997469902,-0.10328496992588043,-0.03470627311617136
anger,fear,2,6,enthusiasm / curiosity,-2.0,-2.0,0.17144039273262024,0.12807020545005798,0.14655113220214844,0.16488052904605865,0.024889260530471802,0.03412972390651703
anger,fear,2,6,enthusiasm / curiosity,-2.0,2.0,0.20101980865001678,0.12807020545005798,0.13807103037834167,0.16488052904605865,0.06294877827167511,0.06794919073581696
anger,fear,2,6,enthusiasm / curiosity,2.0,-2.0,0.11963852494955063,0.2261088788509369,0.14655113220214844,0.16488052904605865,-0.10647035390138626,-0.06669148057699203
anger,fear,2,6,enthusiasm / curiosity,2.0,2.0,0.16578282415866852,0.2261088788509369,0.13807103037834167,0.16488052904605865,-0.06032605469226837,-0.016307130455970764
anger,fear,3,0,self-doubt / encouragement,-2.0,-2.0,0.08840607851743698,0.04968643561005592,0.06093175336718559,0.05243324488401413,0.02747432515025139,0.03309698402881622
anger,fear,3,0,self-doubt / encouragement,-2.0,2.0,0.04754674807190895,0.04968643561005592,0.056468408554792404,0.05243324488401413,-0.008921660482883453,-0.005530674010515213
anger,fear,3,0,self-doubt / encouragement,2.0,-2.0,0.15437836945056915,0.051011670380830765,0.06093175336718559,0.05243324488401413,0.09344661608338356,0.09840665757656097
anger,fear,3,0,self-doubt / encouragement,2.0,2.0,0.120909683406353,0.051011670380830765,0.056468408554792404,0.05243324488401413,0.06444127485156059,0.06716964393854141
anger,fear,3,1,frustration / despair,-2.0,-2.0,0.10028690099716187,0.10011174529790878,0.10251928865909576,0.09356782585382462,-0.002232387661933899,-0.0010286159813404083
anger,fear,3,1,frustration / despair,-2.0,2.0,0.09557820856571198,0.10011174529790878,0.10151947289705276,0.09356782585382462,-0.00594126433134079,-0.005237400531768799
anger,fear,3,1,frustration / despair,2.0,-2.0,0.12698981165885925,0.0911153182387352,0.10251928865909576,0.09356782585382462,0.02447052299976349,0.03017250820994377
anger,fear,3,1,frustration / despair,2.0,2.0,0.1523641049861908,0.0911153182387352,0.10151947289705276,0.09356782585382462,0.05084463208913803,0.056046709418296814
anger,fear,3,2,uncertainty / indecision,-2.0,-2.0,0.11817175149917603,0.128189817070961,0.16539502143859863,0.12729161977767944,-0.04722326993942261,-0.02862066775560379
anger,fear,3,2,uncertainty / indecision,-2.0,2.0,0.12335959076881409,0.128189817070961,0.13756822049617767,0.12729161977767944,-0.014208629727363586,-0.009519428014755249
anger,fear,3,2,uncertainty / indecision,2.0,-2.0,0.16307567059993744,0.1257820725440979,0.16539502143859863,0.12729161977767944,-0.002319350838661194,0.017487123608589172
anger,fear,3,2,uncertainty / indecision,2.0,2.0,0.18306568264961243,0.1257820725440979,0.13756822049617767,0.12729161977767944,0.04549746215343475,0.05139053612947464
anger,fear,3,3,romantic idealism,-2.0,-2.0,0.07144465297460556,0.038999758660793304,0.03413036838173866,0.030825095251202583,0.032444894313812256,0.03487958945333958
anger,fear,3,3,romantic idealism,-2.0,2.0,0.020721442997455597,0.038999758660793304,0.03691897913813591,0.030825095251202583,-0.018278315663337708,-0.01723792590200901
anger,fear,3,3,romantic idealism,2.0,-2.0,0.04210587963461876,0.03458606079220772,0.03413036838173866,0.030825095251202583,0.007519818842411041,0.007747665047645569
anger,fear,3,3,romantic idealism,2.0,2.0,0.05219312012195587,0.03458606079220772,0.03691897913813591,0.030825095251202583,0.015274140983819962,0.016440600156784058
anger,fear,3,4,academic ambition / competitive determination,-2.0,-2.0,0.06305041164159775,0.04337547719478607,0.0693514347076416,0.0544109046459198,-0.006301023066043854,0.006686955690383911
anger,fear,3,4,academic ambition / competitive determination,-2.0,2.0,0.04710391163825989,0.04337547719478607,0.058205537497997284,0.0544109046459198,-0.011101625859737396,-0.00368659570813179
anger,fear,3,4,academic ambition / competitive determination,2.0,-2.0,0.09551846981048584,0.04760643094778061,0.0693514347076416,0.0544109046459198,0.02616703510284424,0.037039536982774734
anger,fear,3,4,academic ambition / competitive determination,2.0,2.0,0.1000576764345169,0.04760643094778061,0.058205537497997284,0.0544109046459198,0.04185213893651962,0.04715169221162796
anger,fear,3,5,ironic amusement,-2.0,-2.0,0.13417625427246094,0.11101477593183517,0.09954050928354263,0.11290410161018372,0.023161478340625763,0.028898611664772034
anger,fear,3,5,ironic amusement,-2.0,2.0,0.11765428632497787,0.11101477593183517,0.11789689213037491,0.11290410161018372,-0.0002426058053970337,0.0031984522938728333
anger,fear,3,5,ironic amusement,2.0,-2.0,0.11220350861549377,0.13287468254566193,0.09954050928354263,0.11290410161018372,-0.020671173930168152,-0.004004087299108505
anger,fear,3,5,ironic amusement,2.0,2.0,0.14408369362354279,0.13287468254566193,0.11789689213037491,0.11290410161018372,0.01120901107788086,0.01869790628552437
anger,fear,3,6,enthusiasm / curiosity,-2.0,-2.0,0.10549486428499222,0.12609483301639557,0.11298248916864395,0.11533231288194656,-0.02059996873140335,-0.014043796807527542
anger,fear,3,6,enthusiasm / curiosity,-2.0,2.0,0.1399705857038498,0.12609483301639557,0.12192412465810776,0.11533231288194656,0.013875752687454224,0.01596110686659813
anger,fear,3,6,enthusiasm / curiosity,2.0,-2.0,0.1803779900074005,0.11680193990468979,0.11298248916864395,0.11533231288194656,0.06357605010271072,0.06548577547073364
anger,fear,3,6,enthusiasm / curiosity,2.0,2.0,0.19315184652805328,0.11680193990468979,0.12192412465810776,0.11533231288194656,0.07122772186994553,0.07378881424665451
anger,fear,4,0,self-doubt / encouragement,-2.0,-2.0,0.13157841563224792,0.11651457846164703,0.08728994429111481,0.09420821070671082,0.015063837170600891,0.029676154255867004
anger,fear,4,0,self-doubt / encouragement,-2.0,2.0,0.08944772183895111,0.11651457846164703,0.12873487174510956,0.09420821070671082,-0.03928714990615845,-0.033177003264427185
anger,fear,4,0,self-doubt / encouragement,2.0,-2.0,0.047523338347673416,0.10837101191282272,0.08728994429111481,0.09420821070671082,-0.06084767356514931,-0.05030713975429535
anger,fear,4,0,self-doubt / encouragement,2.0,2.0,0.1634911149740219,0.10837101191282272,0.12873487174510956,0.09420821070671082,0.034756243228912354,0.04493817314505577
anger,fear,4,1,frustration / despair,-2.0,-2.0,0.05243239924311638,0.07814192771911621,0.06173887848854065,0.08754955232143402,-0.025709528475999832,-0.01750800386071205
anger,fear,4,1,frustration / despair,-2.0,2.0,0.08179184794425964,0.07814192771911621,0.13585512340068817,0.08754955232143402,-0.05406327545642853,-0.025206677615642548
anger,fear,4,1,frustration / despair,2.0,-2.0,0.06025748699903488,0.08957935869693756,0.06173887848854065,0.08754955232143402,-0.02932187169790268,-0.015401631593704224
anger,fear,4,1,frustration / despair,2.0,2.0,0.12530265748500824,0.08957935869693756,0.13585512340068817,0.08754955232143402,-0.010552465915679932,0.012585416436195374
anger,fear,4,2,uncertainty / indecision,-2.0,-2.0,0.15582172572612762,0.16940926015377045,0.16229671239852905,0.1750241070985794,-0.013587534427642822,-0.010031260550022125
anger,fear,4,2,uncertainty / indecision,-2.0,2.0,0.16639186441898346,0.16940926015377045,0.18124794960021973,0.1750241070985794,-0.014856085181236267,-0.008936740458011627
anger,fear,4,2,uncertainty / indecision,2.0,-2.0,0.1252475380897522,0.16728493571281433,0.16229671239852905,0.1750241070985794,-0.042037397623062134,-0.039543285965919495
anger,fear,4,2,uncertainty / indecision,2.0,2.0,0.15949563682079315,0.16728493571281433,0.18124794960021973,0.1750241070985794,-0.021752312779426575,-0.014770805835723877
anger,fear,4,3,romantic idealism,-2.0,-2.0,0.05722983554005623,0.10259468853473663,0.05726369470357895,0.0778314620256424,-0.045364852994680405,-0.022699356079101562
anger,fear,4,3,romantic idealism,-2.0,2.0,0.09807264059782028,0.10259468853473663,0.11147821694612503,0.0778314620256424,-0.013405576348304749,-0.00896381214261055
anger,fear,4,3,romantic idealism,2.0,-2.0,0.029348846524953842,0.07812293618917465,0.05726369470357895,0.0778314620256424,-0.04877408966422081,-0.03834446892142296
anger,fear,4,3,romantic idealism,2.0,2.0,0.11361384391784668,0.07812293618917465,0.11147821694612503,0.0778314620256424,0.002135626971721649,0.01881326735019684
anger,fear,4,4,academic ambition / competitive determination,-2.0,-2.0,0.13447821140289307,0.16521799564361572,0.10703927278518677,0.17608575522899628,-0.030739784240722656,-0.0016504228115081787
anger,fear,4,4,academic ambition / competitive determination,-2.0,2.0,0.1906457543373108,0.16521799564361572,0.14391951262950897,0.17608575522899628,0.02542775869369507,0.036077000200748444
anger,fear,4,4,academic ambition / competitive determination,2.0,-2.0,0.0604635551571846,0.16520443558692932,0.10703927278518677,0.17608575522899628,-0.10474088042974472,-0.07565829902887344
anger,fear,4,4,academic ambition / competitive determination,2.0,2.0,0.13655363023281097,0.16520443558692932,0.14391951262950897,0.17608575522899628,-0.028650805354118347,-0.018008343875408173
anger,fear,4,5,ironic amusement,-2.0,-2.0,0.05432502552866936,0.0648786723613739,0.052045658230781555,0.04792594164609909,-0.010553646832704544,-0.004137139767408371
anger,fear,4,5,ironic amusement,-2.0,2.0,0.018696442246437073,0.0648786723613739,0.051859527826309204,0.04792594164609909,-0.04618223011493683,-0.03967265784740448
anger,fear,4,5,ironic amusement,2.0,-2.0,0.01936153508722782,0.10444143414497375,0.052045658230781555,0.04792594164609909,-0.08507989905774593,-0.058882011100649834
anger,fear,4,5,ironic amusement,2.0,2.0,0.064913310110569,0.10444143414497375,0.051859527826309204,0.04792594164609909,-0.039528124034404755,-0.01323717087507248
anger,fear,4,6,enthusiasm / curiosity,-2.0,-2.0,0.10760078579187393,0.20355010032653809,0.10717548429965973,0.12139500677585602,-0.09594931453466415,-0.047762006521224976
anger,fear,4,6,enthusiasm / curiosity,-2.0,2.0,0.10835680365562439,0.20355010032653809,0.14379191398620605,0.12139500677585602,-0.0951932966709137,-0.06531420350074768
anger,fear,4,6,enthusiasm / curiosity,2.0,-2.0,0.0770663395524025,0.15574811398983002,0.10717548429965973,0.12139500677585602,-0.07868177443742752,-0.05439545959234238
anger,fear,4,6,enthusiasm / curiosity,2.0,2.0,0.19096530973911285,0.15574811398983002,0.14379191398620605,0.12139500677585602,0.03521719574928284,0.04119529575109482
anger,fear,5,0,self-doubt / encouragement,-2.0,-2.0,0.14537128806114197,0.16927550733089447,0.13340717554092407,0.26054656505584717,-0.023904219269752502,-0.0059700533747673035
anger,fear,5,0,self-doubt / encouragement,-2.0,2.0,0.1492541879415512,0.16927550733089447,0.22758321464061737,0.26054656505584717,-0.07832902669906616,-0.04917517304420471
anger,fear,5,0,self-doubt / encouragement,2.0,-2.0,0.06099396571516991,0.16633149981498718,0.13340717554092407,0.26054656505584717,-0.10533753409981728,-0.08887537196278572
anger,fear,5,0,self-doubt / encouragement,2.0,2.0,0.20830149948596954,0.16633149981498718,0.22758321464061737,0.26054656505584717,-0.019281715154647827,0.011344142258167267
anger,fear,5,1,frustration / despair,-2.0,-2.0,0.1176389679312706,0.12772680819034576,0.13162413239479065,0.18212664127349854,-0.01398516446352005,-0.012036502361297607
anger,fear,5,1,frustration / despair,-2.0,2.0,0.14587561786174774,0.12772680819034576,0.18761566281318665,0.18212664127349854,-0.041740044951438904,-0.011795617640018463
anger,fear,5,1,frustration / despair,2.0,-2.0,0.0826258733868599,0.15711545944213867,0.13162413239479065,0.18212664127349854,-0.07448958605527878,-0.06174392253160477
anger,fear,5,1,frustration / despair,2.0,2.0,0.17095410823822021,0.15711545944213867,0.18761566281318665,0.18212664127349854,-0.01666155457496643,-0.0014114528894424438
anger,fear,5,2,uncertainty / indecision,-2.0,-2.0,0.14984184503555298,0.19697757065296173,0.16089193522930145,0.32548990845680237,-0.04713572561740875,-0.029092907905578613
anger,fear,5,2,uncertainty / indecision,-2.0,2.0,0.1725592166185379,0.19697757065296173,0.2525778114795685,0.32548990845680237,-0.08001859486103058,-0.0522184744477272
anger,fear,5,2,uncertainty / indecision,2.0,-2.0,0.09971735626459122,0.2239469736814499,0.16089193522930145,0.32548990845680237,-0.12422961741685867,-0.09270209819078445
anger,fear,5,2,uncertainty / indecision,2.0,2.0,0.27762624621391296,0.2239469736814499,0.2525778114795685,0.32548990845680237,0.025048434734344482,0.03936385363340378
anger,fear,5,3,romantic idealism,-2.0,-2.0,0.05132035166025162,0.04272943362593651,0.06402648985385895,0.07388083636760712,-0.01270613819360733,-0.0020576100796461105
anger,fear,5,3,romantic idealism,-2.0,2.0,0.026705008000135422,0.04272943362593651,0.1012197807431221,0.07388083636760712,-0.07451477274298668,-0.04526959918439388
anger,fear,5,3,romantic idealism,2.0,-2.0,-0.031433843076229095,0.08975018560886383,0.06402648985385895,0.07388083636760712,-0.12118402868509293,-0.10832218080759048
anger,fear,5,3,romantic idealism,2.0,2.0,0.08345435559749603,0.08975018560886383,0.1012197807431221,0.07388083636760712,-0.017765425145626068,-0.012030627578496933
anger,fear,5,4,academic ambition / competitive determination,-2.0,-2.0,0.0698801726102829,0.12854136526584625,0.10799308866262436,0.2368214726448059,-0.058661192655563354,-0.04838705435395241
anger,fear,5,4,academic ambition / competitive determination,-2.0,2.0,0.08394484966993332,0.12854136526584625,0.09921886771917343,0.2368214726448059,-0.04459651559591293,-0.029935266822576523
anger,fear,5,4,academic ambition / competitive determination,2.0,-2.0,0.034183815121650696,0.14205001294612885,0.10799308866262436,0.2368214726448059,-0.10786619782447815,-0.0908377356827259
anger,fear,5,4,academic ambition / competitive determination,2.0,2.0,0.20886871218681335,0.14205001294612885,0.09921886771917343,0.2368214726448059,0.06681869924068451,0.08823427185416222
anger,fear,5,5,ironic amusement,-2.0,-2.0,0.17298725247383118,0.1335107684135437,0.12329086661338806,0.12936455011367798,0.039476484060287476,0.044586434960365295
anger,fear,5,5,ironic amusement,-2.0,2.0,0.11203843355178833,0.1335107684135437,0.1633627861738205,0.12936455011367798,-0.051324352622032166,-0.03639834374189377
anger,fear,5,5,ironic amusement,2.0,-2.0,0.09093088656663895,0.12396751344203949,0.12329086661338806,0.12936455011367798,-0.03303662687540054,-0.03269830346107483
anger,fear,5,5,ironic amusement,2.0,2.0,0.12954354286193848,0.12396751344203949,0.1633627861738205,0.12936455011367798,-0.03381924331188202,-0.014121606945991516
anger,fear,5,6,enthusiasm / curiosity,-2.0,-2.0,0.16618967056274414,0.236124649643898,0.20928701758384705,0.24971291422843933,-0.06993497908115387,-0.05651616305112839
anger,fear,5,6,enthusiasm / curiosity,-2.0,2.0,0.19020816683769226,0.236124649643898,0.2551378011703491,0.24971291422843933,-0.06492963433265686,-0.055423058569431305
anger,fear,5,6,enthusiasm / curiosity,2.0,-2.0,0.08596382290124893,0.21036139130592346,0.20928701758384705,0.24971291422843933,-0.12439756840467453,-0.12386038154363632
anger,fear,5,6,enthusiasm / curiosity,2.0,2.0,0.2124488353729248,0.21036139130592346,0.2551378011703491,0.24971291422843933,-0.042688965797424316,-0.020300760865211487
anger,fear,6,0,self-doubt / encouragement,-2.0,-2.0,0.12840406596660614,0.08250068128108978,0.03782835602760315,0.05740978196263313,0.04590338468551636,0.06823954731225967
anger,fear,6,0,self-doubt / encouragement,-2.0,2.0,0.19925929605960846,0.08250068128108978,0.09587086737155914,0.05740978196263313,0.10338842868804932,0.110073521733284
anger,fear,6,0,self-doubt / encouragement,2.0,-2.0,0.04343023523688316,0.09339761734008789,0.03782835602760315,0.05740978196263313,-0.04996738210320473,-0.022182751446962357
anger,fear,6,0,self-doubt / encouragement,2.0,2.0,0.08911681175231934,0.09339761734008789,0.09587086737155914,0.05740978196263313,-0.006754055619239807,-0.005517430603504181
anger,fear,6,1,frustration / despair,-2.0,-2.0,0.11961888521909714,0.11992225050926208,0.08399330824613571,0.018406767398118973,-0.0003033652901649475,0.01766110584139824
anger,fear,6,1,frustration / despair,-2.0,2.0,0.12236258387565613,0.11992225050926208,0.1121509000658989,0.018406767398118973,0.002440333366394043,0.006326008588075638
anger,fear,6,1,frustration / despair,2.0,-2.0,0.049233630299568176,0.08502586930990219,0.08399330824613571,0.018406767398118973,-0.035792239010334015,-0.035275958478450775
anger,fear,6,1,frustration / despair,2.0,2.0,0.062204863876104355,0.08502586930990219,0.1121509000658989,0.018406767398118973,-0.04994603618979454,-0.03638352081179619
anger,fear,6,2,uncertainty / indecision,-2.0,-2.0,0.14974530041217804,0.1459178924560547,0.06298138201236725,0.05213114619255066,0.003827407956123352,0.04529566317796707
anger,fear,6,2,uncertainty / indecision,-2.0,2.0,0.1635761260986328,0.1459178924560547,0.17253725230693817,0.05213114619255066,-0.008961126208305359,0.004348553717136383
anger,fear,6,2,uncertainty / indecision,2.0,-2.0,0.06598241627216339,0.10527422279119492,0.06298138201236725,0.05213114619255066,-0.039291806519031525,-0.01814538612961769
anger,fear,6,2,uncertainty / indecision,2.0,2.0,0.11092911660671234,0.10527422279119492,0.17253725230693817,0.05213114619255066,-0.06160813570022583,-0.027976620942354202
anger,fear,6,3,romantic idealism,-2.0,-2.0,0.007385706529021263,-0.022089704871177673,-0.04130189120769501,-0.0029194806702435017,0.029475411400198936,0.0390815045684576
anger,fear,6,3,romantic idealism,-2.0,2.0,-0.010226065292954445,-0.022089704871177673,0.030363023281097412,-0.0029194806702435017,-0.04058908857405186,-0.014362724497914314
anger,fear,6,3,romantic idealism,2.0,-2.0,0.04770787060260773,0.02985743060708046,-0.04130189120769501,-0.0029194806702435017,0.017850439995527267,0.053430100902915
anger,fear,6,3,romantic idealism,2.0,2.0,0.026429936289787292,0.02985743060708046,0.030363023281097412,-0.0029194806702435017,-0.00393308699131012,-0.0036802906543016434
anger,fear,6,4,academic ambition / competitive determination,-2.0,-2.0,0.13933813571929932,0.08278192579746246,0.039893392473459244,0.06545843183994293,0.05655620992183685,0.07800047658383846
anger,fear,6,4,academic ambition / competitive determination,-2.0,2.0,0.14676804840564728,0.08278192579746246,0.04356946423649788,0.06545843183994293,0.06398612260818481,0.0835923533886671
anger,fear,6,4,academic ambition / competitive determination,2.0,-2.0,0.023208465427160263,0.04635358974337578,0.039893392473459244,0.06545843183994293,-0.023145124316215515,-0.019915025681257248
anger,fear,6,4,academic ambition / competitive determination,2.0,2.0,0.05778959393501282,0.04635358974337578,0.04356946423649788,0.06545843183994293,0.01143600419163704,0.012828066945075989
anger,fear,6,5,ironic amusement,-2.0,-2.0,0.12077575922012329,0.05788957327604294,0.027037885040044785,0.11780129373073578,0.06288618594408035,0.07831203006207943
anger,fear,6,5,ironic amusement,-2.0,2.0,0.08401922136545181,0.05788957327604294,0.08397892862558365,0.11780129373073578,4.029273986816406e-05,0.01308497041463852
anger,fear,6,5,ironic amusement,2.0,-2.0,0.1037898063659668,0.15204310417175293,0.027037885040044785,0.11780129373073578,-0.04825329780578613,0.01424931176006794
anger,fear,6,5,ironic amusement,2.0,2.0,0.1148461401462555,0.15204310417175293,0.08397892862558365,0.11780129373073578,-0.037196964025497437,-0.003164876252412796
anger,fear,6,6,enthusiasm / curiosity,-2.0,-2.0,0.20262844860553741,0.10315288603305817,0.12117548286914825,0.0769282728433609,0.08145296573638916,0.0904642641544342
anger,fear,6,6,enthusiasm / curiosity,-2.0,2.0,0.20150946080684662,0.10315288603305817,0.10001963376998901,0.0769282728433609,0.09835657477378845,0.09992320090532303
anger,fear,6,6,enthusiasm / curiosity,2.0,-2.0,0.06769838184118271,0.1275821179151535,0.12117548286914825,0.0769282728433609,-0.059883736073970795,-0.05668041855096817
anger,fear,6,6,enthusiasm / curiosity,2.0,2.0,0.10063870251178741,0.1275821179151535,0.10001963376998901,0.0769282728433609,-0.02694341540336609,-0.013162173330783844
anger,fear,7,0,self-doubt / encouragement,-2.0,-2.0,0.2939532399177551,0.17709439992904663,0.2939532399177551,0.2342257797718048,0.0,0.05842941999435425
anger,fear,7,0,self-doubt / encouragement,-2.0,2.0,0.21941787004470825,0.17709439992904663,0.23237517476081848,0.2342257797718048,-0.01295730471611023,0.014683082699775696
anger,fear,7,0,self-doubt / encouragement,2.0,-2.0,0.23415355384349823,0.23227837681770325,0.2939532399177551,0.2342257797718048,-0.0597996860742569,-0.028962254524230957
anger,fear,7,0,self-doubt / encouragement,2.0,2.0,0.17399843037128448,0.23227837681770325,0.23237517476081848,0.2342257797718048,-0.058376744389534,-0.05832834541797638
anger,fear,7,1,frustration / despair,-2.0,-2.0,0.34492677450180054,0.19954128563404083,0.34492677450180054,0.17508135735988617,0.0,0.07269274443387985
anger,fear,7,1,frustration / despair,-2.0,2.0,0.1734119951725006,0.19954128563404083,0.17180059850215912,0.17508135735988617,-0.026129290461540222,-0.012258946895599365
anger,fear,7,1,frustration / despair,2.0,-2.0,0.19330084323883057,0.16978690028190613,0.34492677450180054,0.17508135735988617,-0.15162593126296997,-0.06405599415302277
anger,fear,7,1,frustration / despair,2.0,2.0,0.16979770362377167,0.16978690028190613,0.17180059850215912,0.17508135735988617,-0.002002894878387451,-0.0009960457682609558
anger,fear,7,2,uncertainty / indecision,-2.0,-2.0,0.39849424362182617,0.2686428725719452,0.39849424362182617,0.23814348876476288,0.0,0.06492568552494049
anger,fear,7,2,uncertainty / indecision,-2.0,2.0,0.21166494488716125,0.2686428725719452,0.23589646816253662,0.23814348876476288,-0.056977927684783936,-0.04060472548007965
anger,fear,7,2,uncertainty / indecision,2.0,-2.0,0.24455493688583374,0.23718245327472687,0.39849424362182617,0.23814348876476288,-0.15393930673599243,-0.07328341156244278
anger,fear,7,2,uncertainty / indecision,2.0,2.0,0.2528182864189148,0.23718245327472687,0.23589646816253662,0.23814348876476288,0.015635833144187927,0.01627882570028305
anger,fear,7,3,romantic idealism,-2.0,-2.0,0.17476359009742737,0.1467004418373108,0.17476359009742737,0.04391293227672577,0.0,0.014031574130058289
anger,fear,7,3,romantic idealism,-2.0,2.0,0.08191540837287903,0.1467004418373108,0.03895362466573715,0.04391293227672577,-0.06478503346443176,-0.010911624878644943
anger,fear,7,3,romantic idealism,2.0,-2.0,0.06195284426212311,0.03831618279218674,0.17476359009742737,0.04391293227672577,-0.11281074583530426,-0.044587042182683945
anger,fear,7,3,romantic idealism,2.0,2.0,0.13513319194316864,0.03831618279218674,0.03895362466573715,0.04391293227672577,0.09617956727743149,0.0964982882142067
anger,fear,7,4,academic ambition / competitive determination,-2.0,-2.0,0.2899567782878876,0.10012609511613846,0.2899567782878876,0.09760971367359161,0.0,0.09491534158587456
anger,fear,7,4,academic ambition / competitive determination,-2.0,2.0,0.12766915559768677,0.10012609511613846,0.0799139142036438,0.09760971367359161,0.02754306048154831,0.03764915093779564
anger,fear,7,4,academic ambition / competitive determination,2.0,-2.0,0.10019462555646896,0.07918471097946167,0.2899567782878876,0.09760971367359161,-0.1897621527314186,-0.08437611907720566
anger,fear,7,4,academic ambition / competitive determination,2.0,2.0,0.1326257735490799,0.07918471097946167,0.0799139142036438,0.09760971367359161,0.052711859345436096,0.05307646095752716
anger,fear,7,5,ironic amusement,-2.0,-2.0,0.2867128849029541,0.17773398756980896,0.2867128849029541,0.1656855195760727,0.0,0.05448944866657257
anger,fear,7,5,ironic amusement,-2.0,2.0,0.1537054479122162,0.17773398756980896,0.15713627636432648,0.1656855195760727,-0.024028539657592773,-0.013729684054851532
anger,fear,7,5,ironic amusement,2.0,-2.0,0.1660861223936081,0.16015441715717316,0.2867128849029541,0.1656855195760727,-0.12062676250934601,-0.057347528636455536
anger,fear,7,5,ironic amusement,2.0,2.0,0.2223670333623886,0.16015441715717316,0.15713627636432648,0.1656855195760727,0.062212616205215454,0.0637216866016388
anger,fear,7,6,enthusiasm / curiosity,-2.0,-2.0,0.3336951732635498,0.18728438019752502,0.3336951732635498,0.21326756477355957,0.0,0.07320539653301239
anger,fear,7,6,enthusiasm / curiosity,-2.0,2.0,0.2134888917207718,0.18728438019752502,0.18449446558952332,0.21326756477355957,0.026204511523246765,0.02759946882724762
anger,fear,7,6,enthusiasm / curiosity,2.0,-2.0,0.2136467546224594,0.18266844749450684,0.3336951732635498,0.21326756477355957,-0.1200484186410904,-0.04453505575656891
anger,fear,7,6,enthusiasm / curiosity,2.0,2.0,0.14774253964424133,0.18266844749450684,0.18449446558952332,0.21326756477355957,-0.03675192594528198,-0.03583891689777374
disgust,joy,0,0,self-doubt / encouragement,-2.0,-2.0,0.1606709063053131,0.16643169522285461,0.24168843030929565,0.25813189148902893,-0.08101752400398254,-0.043389156460762024
disgust,joy,0,0,self-doubt / encouragement,-2.0,2.0,0.11262727528810501,0.16643169522285461,0.21378503739833832,0.25813189148902893,-0.1011577621102333,-0.07748109102249146
disgust,joy,0,0,self-doubt / encouragement,2.0,-2.0,0.1607436090707779,0.2539873719215393,0.24168843030929565,0.25813189148902893,-0.09324376285076141,-0.08709429204463959
disgust,joy,0,0,self-doubt / encouragement,2.0,2.0,0.2579997777938843,0.2539873719215393,0.21378503739833832,0.25813189148902893,0.004012405872344971,0.024113573133945465
disgust,joy,0,1,frustration / despair,-2.0,-2.0,0.08654411882162094,0.13673712313175201,0.08713898062705994,0.17861869931221008,-0.05019300431013107,-0.025393933057785034
disgust,joy,0,1,frustration / despair,-2.0,2.0,0.10695504397153854,0.13673712313175201,0.19184617698192596,0.17861869931221008,-0.08489113301038742,-0.057336606085300446
disgust,joy,0,1,frustration / despair,2.0,-2.0,0.11721673607826233,0.09411340206861496,0.08713898062705994,0.17861869931221008,0.02310333400964737,0.02659054473042488
disgust,joy,0,1,frustration / despair,2.0,2.0,0.1789245754480362,0.09411340206861496,0.19184617698192596,0.17861869931221008,-0.01292160153388977,0.03594478592276573
disgust,joy,0,2,uncertainty / indecision,-2.0,-2.0,0.19914641976356506,0.2544216811656952,0.23395679891109467,0.29390284419059753,-0.05527526140213013,-0.045042820274829865
disgust,joy,0,2,uncertainty / indecision,-2.0,2.0,0.10439442843198776,0.2544216811656952,0.2423609495162964,0.29390284419059753,-0.15002725273370743,-0.14399688690900803
disgust,joy,0,2,uncertainty / indecision,2.0,-2.0,0.2192651629447937,0.24270464479923248,0.23395679891109467,0.29390284419059753,-0.023439481854438782,-0.019065558910369873
disgust,joy,0,2,uncertainty / indecision,2.0,2.0,0.29390186071395874,0.24270464479923248,0.2423609495162964,0.29390284419059753,0.05119721591472626,0.051369063556194305
disgust,joy,0,3,romantic idealism,-2.0,-2.0,0.0715961754322052,0.05357162281870842,0.10709793120622635,0.09836775064468384,-0.03550175577402115,-0.008738601580262184
disgust,joy,0,3,romantic idealism,-2.0,2.0,0.0077555375173687935,0.05357162281870842,0.06062449514865875,0.09836775064468384,-0.05286895763128996,-0.04934252146631479
disgust,joy,0,3,romantic idealism,2.0,-2.0,0.004104325547814369,0.10857578366994858,0.10709793120622635,0.09836775064468384,-0.10447145812213421,-0.1037325318902731
disgust,joy,0,3,romantic idealism,2.0,2.0,0.09816206246614456,0.10857578366994858,0.06062449514865875,0.09836775064468384,-0.010413721203804016,0.013561923056840897
disgust,joy,0,4,academic ambition / competitive determination,-2.0,-2.0,0.1221274882555008,0.1548566371202469,0.12082728743553162,0.1298055201768875,-0.032729148864746094,-0.015714474022388458
disgust,joy,0,4,academic ambition / competitive determination,-2.0,2.0,0.06383261829614639,0.1548566371202469,0.1157606989145279,0.1298055201768875,-0.0910240188241005,-0.071476049721241
disgust,joy,0,4,academic ambition / competitive determination,2.0,-2.0,0.1014929711818695,0.13294878602027893,0.12082728743553162,0.1298055201768875,-0.031455814838409424,-0.025395065546035767
disgust,joy,0,4,academic ambition / competitive determination,2.0,2.0,0.1298098862171173,0.13294878602027893,0.1157606989145279,0.1298055201768875,-0.003138899803161621,0.005455143749713898
disgust,joy,0,5,ironic amusement,-2.0,-2.0,0.0674188956618309,0.09036832302808762,0.13675926625728607,0.1422668844461441,-0.06934037059545517,-0.04614489898085594
disgust,joy,0,5,ironic amusement,-2.0,2.0,0.09421180188655853,0.09036832302808762,0.1250118464231491,0.1422668844461441,-0.030800044536590576,-0.01347828283905983
disgust,joy,0,5,ironic amusement,2.0,-2.0,0.15584030747413635,0.12317224591970444,0.13675926625728607,0.1422668844461441,0.01908104121685028,0.025874551385641098
disgust,joy,0,5,ironic amusement,2.0,2.0,0.1419863998889923,0.12317224591970444,0.1250118464231491,0.1422668844461441,0.0169745534658432,0.017894353717565536
disgust,joy,0,6,enthusiasm / curiosity,-2.0,-2.0,0.2376004159450531,0.24496211111545563,0.1477605253458023,0.18688233196735382,-0.007361695170402527,0.04123909771442413
disgust,joy,0,6,enthusiasm / curiosity,-2.0,2.0,0.13911005854606628,0.24496211111545563,0.1549644023180008,0.18688233196735382,-0.10585205256938934,-0.060853198170661926
disgust,joy,0,6,enthusiasm / curiosity,2.0,-2.0,0.17244647443294525,0.18207886815071106,0.1477605253458023,0.18688233196735382,-0.009632393717765808,0.007526777684688568
disgust,joy,0,6,enthusiasm / curiosity,2.0,2.0,0.18679481744766235,0.18207886815071106,0.1549644023180008,0.18688233196735382,0.004715949296951294,0.018273182213306427
disgust,joy,1,0,self-doubt / encouragement,-2.0,-2.0,0.1225748211145401,0.09154102206230164,0.13949361443519592,0.08841095864772797,-0.016918793320655823,0.007057502865791321
disgust,joy,1,0,self-doubt / encouragement,-2.0,2.0,0.0928470641374588,0.09154102206230164,0.09728923439979553,0.08841095864772797,-0.004442170262336731,-0.0015680640935897827
disgust,joy,1,0,self-doubt / encouragement,2.0,-2.0,0.12285579741001129,0.09883798658847809,0.13949361443519592,0.08841095864772797,-0.01663781702518463,0.003689996898174286
disgust,joy,1,0,self-doubt / encouragement,2.0,2.0,0.06895125657320023,0.09883798658847809,0.09728923439979553,0.08841095864772797,-0.029886730015277863,-0.029112353920936584
disgust,joy,1,1,frustration / despair,-2.0,-2.0,0.10296424478292465,0.10806676745414734,0.10933922231197357,0.12091337889432907,-0.00637497752904892,-0.005738750100135803
disgust,joy,1,1,frustration / despair,-2.0,2.0,0.13930585980415344,0.10806676745414734,0.14753183722496033,0.12091337889432907,-0.008225977420806885,0.01150655746459961
disgust,joy,1,1,frustration / despair,2.0,-2.0,0.11484819650650024,0.12105782330036163,0.10933922231197357,0.12091337889432907,-0.006209626793861389,-0.0003503262996673584
disgust,joy,1,1,frustration / despair,2.0,2.0,0.14558017253875732,0.12105782330036163,0.14753183722496033,0.12091337889432907,-0.001951664686203003,0.011285342276096344
disgust,joy,1,2,uncertainty / indecision,-2.0,-2.0,0.13535436987876892,0.17407426238059998,0.13898839056491852,0.15787731111049652,-0.038719892501831055,-0.021176956593990326
disgust,joy,1,2,uncertainty / indecision,-2.0,2.0,0.21092699468135834,0.17407426238059998,0.20171605050563812,0.15787731111049652,0.009210944175720215,0.02303183823823929
disgust,joy,1,2,uncertainty / indecision,2.0,-2.0,0.17233754694461823,0.17377685010433197,0.13898839056491852,0.15787731111049652,-0.0014393031597137451,0.01595492660999298
disgust,joy,1,2,uncertainty / indecision,2.0,2.0,0.17473536729812622,0.17377685010433197,0.20171605050563812,0.15787731111049652,-0.026980683207511902,-0.013011083006858826
disgust,joy,1,3,romantic idealism,-2.0,-2.0,0.03739012032747269,0.021292315796017647,0.010168049484491348,-0.00679122656583786,0.01609780453145504,0.02165993768721819
disgust,joy,1,3,romantic idealism,-2.0,2.0,0.043445371091365814,0.021292315796017647,0.03883875906467438,-0.00679122656583786,0.004606612026691437,0.013379833661019802
disgust,joy,1,3,romantic idealism,2.0,-2.0,0.011292025446891785,-0.0064012110233306885,0.010168049484491348,-0.00679122656583786,0.0011239759624004364,0.009408606216311455
disgust,joy,1,3,romantic idealism,2.0,2.0,-0.010364812798798084,-0.0064012110233306885,0.03883875906467438,-0.00679122656583786,-0.04920357186347246,-0.02658358681946993
disgust,joy,1,4,academic ambition / competitive determination,-2.0,-2.0,0.033626120537519455,0.0961323231458664,0.0802764892578125,0.07018516212701797,-0.06250620260834694,-0.05457828566431999
disgust,joy,1,4,academic ambition / competitive determination,-2.0,2.0,0.11298824846744537,0.0961323231458664,0.10244415700435638,0.07018516212701797,0.01054409146308899,0.013700008392333984
disgust,joy,1,4,academic ambition / competitive determination,2.0,-2.0,0.12112464010715485,0.11975564807653427,0.0802764892578125,0.07018516212701797,0.001368992030620575,0.02110857143998146
disgust,joy,1,4,academic ambition / competitive determination,2.0,2.0,0.12563765048980713,0.11975564807653427,0.10244415700435638,0.07018516212701797,0.005882002413272858,0.014537747949361801
disgust,joy,1,5,ironic amusement,-2.0,-2.0,0.08371962606906891,0.08230233192443848,0.1281713843345642,0.11182816326618195,-0.0444517582654953,-0.021517232060432434
disgust,joy,1,5,ironic amusement,-2.0,2.0,0.10167328268289566,0.08230233192443848,0.1245109885931015,0.11182816326618195,-0.02283770591020584,-0.0017333775758743286
disgust,joy,1,5,ironic amusement,2.0,-2.0,0.11639118194580078,0.11325263231992722,0.1281713843345642,0.11182816326618195,-0.011780202388763428,-0.004320826381444931
disgust,joy,1,5,ironic amusement,2.0,2.0,0.10151171684265137,0.11325263231992722,0.1245109885931015,0.11182816326618195,-0.022999271750450134,-0.01737009361386299
disgust,joy,1,6,enthusiasm / curiosity,-2.0,-2.0,0.16215723752975464,0.12441173940896988,0.1458190381526947,0.10045360773801804,0.016338199377059937,0.027041848748922348
disgust,joy,1,6,enthusiasm / curiosity,-2.0,2.0,0.12211856991052628,0.12441173940896988,0.12277855724096298,0.10045360773801804,-0.0022931694984436035,-0.001476578414440155
disgust,joy,1,6,enthusiasm / curiosity,2.0,-2.0,0.10615681856870651,0.13379663228988647,0.1458190381526947,0.10045360773801804,-0.03966221958398819,-0.033651016652584076
disgust,joy,1,6,enthusiasm / curiosity,2.0,2.0,0.12953093647956848,0.13379663228988647,0.12277855724096298,0.10045360773801804,-0.004265695810317993,0.001243341714143753
disgust,joy,2,0,self-doubt / encouragement,-2.0,-2.0,0.1373465359210968,0.13144724071025848,0.13535141944885254,0.11807066202163696,0.0019951164722442627,0.00394720584154129
disgust,joy,2,0,self-doubt / encouragement,-2.0,2.0,0.13569150865077972,0.13144724071025848,0.17355890572071075,0.11807066202163696,-0.03786739706993103,-0.016811564564704895
disgust,joy,2,0,self-doubt / encouragement,2.0,-2.0,0.18407997488975525,0.209800586104393,0.13535141944885254,0.11807066202163696,-0.025720611214637756,0.011503972113132477
disgust,joy,2,0,self-doubt / encouragement,2.0,2.0,0.1376892477273941,0.209800586104393,0.17355890572071075,0.11807066202163696,-0.0721113383769989,-0.053990498185157776
disgust,joy,2,1,frustration / despair,-2.0,-2.0,0.026037955656647682,0.09655258059501648,0.07778826355934143,0.08125200122594833,-0.0705146249383688,-0.06113246642053127
disgust,joy,2,1,frustration / despair,-2.0,2.0,0.07460003346204758,0.09655258059501648,0.03188755363225937,0.08125200122594833,-0.021952547132968903,0.010379966348409653
disgust,joy,2,1,frustration / despair,2.0,-2.0,0.1239078938961029,0.06300538778305054,0.07778826355934143,0.08125200122594833,0.046119630336761475,0.05351106822490692
disgust,joy,2,1,frustration / despair,2.0,2.0,0.0737195611000061,0.06300538778305054,0.03188755363225937,0.08125200122594833,0.010714173316955566,0.02627309039235115
disgust,joy,2,2,uncertainty / indecision,-2.0,-2.0,0.08553479611873627,0.17450231313705444,0.1824793815612793,0.16266992688179016,-0.09694458544254303,-0.0929560512304306
disgust,joy,2,2,uncertainty / indecision,-2.0,2.0,0.05564823001623154,0.17450231313705444,0.07981067895889282,0.16266992688179016,-0.1188540831208229,-0.0715082660317421
disgust,joy,2,2,uncertainty / indecision,2.0,-2.0,0.1842258870601654,0.17439469695091248,0.1824793815612793,0.16266992688179016,0.0017465054988861084,0.005788847804069519
disgust,joy,2,2,uncertainty / indecision,2.0,2.0,0.1319589465856552,0.17439469695091248,0.07981067895889282,0.16266992688179016,-0.04243575036525726,0.0048562586307525635
disgust,joy,2,3,romantic idealism,-2.0,-2.0,0.10142690688371658,0.0646076574921608,0.09403322637081146,0.08184510469436646,0.007393680512905121,0.022106464952230453
disgust,joy,2,3,romantic idealism,-2.0,2.0,0.030339937657117844,0.0646076574921608,0.11961069703102112,0.08184510469436646,-0.08927075937390327,-0.061769239604473114
disgust,joy,2,3,romantic idealism,2.0,-2.0,0.08406290411949158,0.13995163142681122,0.09403322637081146,0.08184510469436646,-0.05588872730731964,-0.03292952477931976
disgust,joy,2,3,romantic idealism,2.0,2.0,0.10169880837202072,0.13995163142681122,0.11961069703102112,0.08184510469436646,-0.0382528230547905,-0.028082355856895447
disgust,joy,2,4,academic ambition / competitive determination,-2.0,-2.0,0.1505051553249359,0.22837720811367035,0.26829108595848083,0.22492891550064087,-0.11778593063354492,-0.09782899171113968
disgust,joy,2,4,academic ambition / competitive determination,-2.0,2.0,0.10399559140205383,0.22837720811367035,0.08078934252262115,0.22492891550064087,-0.12438161671161652,-0.05058768391609192
disgust,joy,2,4,academic ambition / competitive determination,2.0,-2.0,0.12708362936973572,0.08139947056770325,0.26829108595848083,0.22492891550064087,-0.14120745658874512,-0.04776164889335632
disgust,joy,2,4,academic ambition / competitive determination,2.0,2.0,0.09271100908517838,0.08139947056770325,0.08078934252262115,0.22492891550064087,0.011311538517475128,0.011616602540016174
disgust,joy,2,5,ironic amusement,-2.0,-2.0,0.10403577983379364,0.045697636902332306,0.06264130771160126,0.07568065822124481,0.04139447212219238,0.04986630752682686
disgust,joy,2,5,ironic amusement,-2.0,2.0,0.027935922145843506,0.045697636902332306,0.1405269056558609,0.07568065822124481,-0.1125909835100174,-0.0651763491332531
disgust,joy,2,5,ironic amusement,2.0,-2.0,0.11209514737129211,0.1440826654434204,0.06264130771160126,0.07568065822124481,-0.031987518072128296,0.00873316079378128
disgust,joy,2,5,ironic amusement,2.0,2.0,0.2092927098274231,0.1440826654434204,0.1405269056558609,0.07568065822124481,0.06521004438400269,0.06698792427778244
disgust,joy,2,6,enthusiasm / curiosity,-2.0,-2.0,0.19334036111831665,0.19934850931167603,0.18666549026966095,0.16487851738929749,-0.006008148193359375,0.00033336132764816284
disgust,joy,2,6,enthusiasm / curiosity,-2.0,2.0,0.12982939183712006,0.19934850931167603,0.2852917015552521,0.16487851738929749,-0.15546230971813202,-0.112490713596344
disgust,joy,2,6,enthusiasm / curiosity,2.0,-2.0,0.1319424957036972,0.14276905357837677,0.18666549026966095,0.16487851738929749,-0.054722994565963745,-0.032774776220321655
disgust,joy,2,6,enthusiasm / curiosity,2.0,2.0,0.17422762513160706,0.14276905357837677,0.2852917015552521,0.16487851738929749,-0.11106407642364502,-0.03980275243520737
disgust,joy,3,0,self-doubt / encouragement,-2.0,-2.0,0.04934614524245262,0.058628637343645096,0.15675082802772522,0.052453186362981796,-0.1074046827852726,-0.058343587443232536
disgust,joy,3,0,self-doubt / encouragement,-2.0,2.0,0.06718716025352478,0.058628637343645096,0.05590430647134781,0.052453186362981796,0.008558522909879684,0.009920688346028328
disgust,joy,3,0,self-doubt / encouragement,2.0,-2.0,0.09159185737371445,0.06520893424749374,0.15675082802772522,0.052453186362981796,-0.06515897065401077,-0.019388023763895035
disgust,joy,3,0,self-doubt / encouragement,2.0,2.0,0.06520893424749374,0.06520893424749374,0.05590430647134781,0.052453186362981796,0.0,0.0046523138880729675
disgust,joy,3,1,frustration / despair,-2.0,-2.0,0.09432683885097504,0.11284936964511871,0.15172821283340454,0.09358758479356766,-0.057401373982429504,-0.03796195238828659
disgust,joy,3,1,frustration / despair,-2.0,2.0,0.10744557529687881,0.11284936964511871,0.09127063304185867,0.09358758479356766,-0.005403794348239899,0.0053855739533901215
disgust,joy,3,1,frustration / despair,2.0,-2.0,0.09159926325082779,0.07995964586734772,0.15172821283340454,0.09358758479356766,-0.06012894958257675,-0.02424466609954834
disgust,joy,3,1,frustration / despair,2.0,2.0,0.07995964586734772,0.07995964586734772,0.09127063304185867,0.09358758479356766,-0.011310987174510956,-0.005655493587255478
disgust,joy,3,2,uncertainty / indecision,-2.0,-2.0,0.12452184408903122,0.14047710597515106,0.20751863718032837,0.12734955549240112,-0.08299679309129715,-0.049476027488708496
disgust,joy,3,2,uncertainty / indecision,-2.0,2.0,0.13839207589626312,0.14047710597515106,0.12994952499866486,0.12734955549240112,-0.0020850300788879395,0.0031787604093551636
disgust,joy,3,2,uncertainty / indecision,2.0,-2.0,0.15447057783603668,0.11350437253713608,0.20751863718032837,0.12734955549240112,-0.05304805934429169,-0.006040927022695541
disgust,joy,3,2,uncertainty / indecision,2.0,2.0,0.11350437253713608,0.11350437253713608,0.12994952499866486,0.12734955549240112,-0.016445152461528778,-0.008222576230764389
disgust,joy,3,3,romantic idealism,-2.0,-2.0,0.04455432668328285,0.04877948388457298,0.04541705921292305,0.030833180993795395,-0.004225157201290131,-0.002543944865465164
disgust,joy,3,3,romantic idealism,-2.0,2.0,0.045547835528850555,0.04877948388457298,0.03349827229976654,0.030833180993795395,-0.0032316483557224274,0.004408957436680794
disgust,joy,3,3,romantic idealism,2.0,-2.0,0.020560985431075096,-0.0021681450307369232,0.04541705921292305,0.030833180993795395,-0.024856073781847954,-0.0010634716600179672
disgust,joy,3,3,romantic idealism,2.0,2.0,-0.0021681450307369232,-0.0021681450307369232,0.03349827229976654,0.030833180993795395,-0.035666417330503464,-0.017833208665251732
disgust,joy,3,4,academic ambition / competitive determination,-2.0,-2.0,0.04677873104810715,0.05089724808931351,0.11407246440649033,0.054479993879795074,-0.06729373335838318,-0.03570612519979477
disgust,joy,3,4,academic ambition / competitive determination,-2.0,2.0,0.05637912079691887,0.05089724808931351,0.0610361211001873,0.054479993879795074,-0.004657000303268433,0.00041243620216846466
disgust,joy,3,4,academic ambition / competitive determination,2.0,-2.0,0.05073261633515358,0.07217157632112503,0.11407246440649033,0.054479993879795074,-0.06333984807133675,-0.0423894040286541
disgust,joy,3,4,academic ambition / competitive determination,2.0,2.0,0.07217157632112503,0.07217157632112503,0.0610361211001873,0.054479993879795074,0.0,0.0055677276104688644
disgust,joy,3,5,ironic amusement,-2.0,-2.0,0.12317882478237152,0.11911211162805557,0.1557602733373642,0.11289394646883011,-0.032581448554992676,-0.014257367700338364
disgust,joy,3,5,ironic amusement,-2.0,2.0,0.12670491635799408,0.11911211162805557,0.11829773336648941,0.11289394646883011,0.007592804729938507,0.007999993860721588
disgust,joy,3,5,ironic amusement,2.0,-2.0,0.1026892364025116,0.08310326933860779,0.1557602733373642,0.11289394646883011,-0.0530710369348526,-0.016742534935474396
disgust,joy,3,5,ironic amusement,2.0,2.0,0.08310326933860779,0.08310326933860779,0.11829773336648941,0.11289394646883011,-0.03519446402788162,-0.01759723201394081
disgust,joy,3,6,enthusiasm / curiosity,-2.0,-2.0,0.11951851099729538,0.13037025928497314,0.19193974137306213,0.11540038138628006,-0.07242123037576675,-0.04163648933172226
disgust,joy,3,6,enthusiasm / curiosity,-2.0,2.0,0.14066897332668304,0.13037025928497314,0.11223521083593369,0.11540038138628006,0.0102987140417099,0.01936623826622963
disgust,joy,3,6,enthusiasm / curiosity,2.0,-2.0,0.1614086776971817,0.11179111152887344,0.19193974137306213,0.11540038138628006,-0.030531063675880432,0.009543251246213913
disgust,joy,3,6,enthusiasm / curiosity,2.0,2.0,0.11179111152887344,0.11179111152887344,0.11223521083593369,0.11540038138628006,-0.0004440993070602417,-0.00022204965353012085
disgust,joy,4,0,self-doubt / encouragement,-2.0,-2.0,0.08880703896284103,0.06936684250831604,0.05940939486026764,0.09420274198055267,0.019440196454524994,0.024418920278549194
disgust,joy,4,0,self-doubt / encouragement,-2.0,2.0,0.06931179761886597,0.06936684250831604,0.1390039622783661,0.09420274198055267,-0.06969216465950012,-0.0348736047744751
disgust,joy,4,0,self-doubt / encouragement,2.0,-2.0,0.11299993842840195,0.1094857007265091,0.05940939486026764,0.09420274198055267,0.003514237701892853,0.02855239063501358
disgust,joy,4,0,self-doubt / encouragement,2.0,2.0,0.12389583140611649,0.1094857007265091,0.1390039622783661,0.09420274198055267,-0.015108130872249603,-0.00034900009632110596
disgust,joy,4,1,frustration / despair,-2.0,-2.0,0.0836922824382782,0.0523747056722641,0.08110564202070236,0.08755809813737869,0.002586640417575836,0.016952108591794968
disgust,joy,4,1,frustration / despair,-2.0,2.0,0.05233168601989746,0.0523747056722641,0.1246037632226944,0.08755809813737869,-0.07227207720279694,-0.03615754842758179
disgust,joy,4,1,frustration / despair,2.0,-2.0,0.10690614581108093,0.09138737618923187,0.08110564202070236,0.08755809813737869,0.01551876962184906,0.020659636706113815
disgust,joy,4,1,frustration / despair,2.0,2.0,0.14502891898155212,0.09138737618923187,0.1246037632226944,0.08755809813737869,0.020425155758857727,0.03703334927558899
disgust,joy,4,2,uncertainty / indecision,-2.0,-2.0,0.15824183821678162,0.12026599049568176,0.14603117108345032,0.17502230405807495,0.012210667133331299,0.025093257427215576
disgust,joy,4,2,uncertainty / indecision,-2.0,2.0,0.12022855877876282,0.12026599049568176,0.2138533890247345,0.17502230405807495,-0.09362483024597168,-0.04683113098144531
disgust,joy,4,2,uncertainty / indecision,2.0,-2.0,0.19246074557304382,0.1800040453672409,0.14603117108345032,0.17502230405807495,0.012456700205802917,0.02944313734769821
disgust,joy,4,2,uncertainty / indecision,2.0,2.0,0.22663255035877228,0.1800040453672409,0.2138533890247345,0.17502230405807495,0.01277916133403778,0.029703833162784576
disgust,joy,4,3,romantic idealism,-2.0,-2.0,0.10902853310108185,0.042600713670253754,0.08018386363983154,0.07776586711406708,0.028844669461250305,0.0476362444460392
disgust,joy,4,3,romantic idealism,-2.0,2.0,0.04255927354097366,0.042600713670253754,0.1440524011850357,0.07776586711406708,-0.10149312764406204,-0.050767283886671066
disgust,joy,4,3,romantic idealism,2.0,-2.0,0.11057872325181961,0.1237475574016571,0.08018386363983154,0.07776586711406708,-0.013168834149837494,0.008613012731075287
disgust,joy,4,3,romantic idealism,2.0,2.0,0.11211434751749039,0.1237475574016571,0.1440524011850357,0.07776586711406708,-0.03193805366754532,-0.021785631775856018
disgust,joy,4,4,academic ambition / competitive determination,-2.0,-2.0,0.08765533566474915,0.08813334256410599,0.15582279860973358,0.1760500818490982,-0.06816746294498444,-0.03432273492217064
disgust,joy,4,4,academic ambition / competitive determination,-2.0,2.0,0.08810720592737198,0.08813334256410599,0.16884493827819824,0.1760500818490982,-0.08073773235082626,-0.040381934493780136
disgust,joy,4,4,academic ambition / competitive determination,2.0,-2.0,0.18408076465129852,0.1672368049621582,0.15582279860973358,0.1760500818490982,0.01684395968914032,0.02255096286535263
disgust,joy,4,4,academic ambition / competitive determination,2.0,2.0,0.21076446771621704,0.1672368049621582,0.16884493827819824,0.1760500818490982,0.0419195294380188,0.04272359609603882
disgust,joy,4,5,ironic amusement,-2.0,-2.0,0.09763965010643005,0.05742310732603073,0.019449908286333084,0.04792092368006706,0.04021654278039932,0.059203142300248146
disgust,joy,4,5,ironic amusement,-2.0,2.0,0.05738174170255661,0.05742310732603073,0.08999558538198471,0.04792092368006706,-0.0326138436794281,-0.01632760465145111
disgust,joy,4,5,ironic amusement,2.0,-2.0,0.09160934388637543,0.07960675656795502,0.019449908286333084,0.04792092368006706,0.01200258731842041,0.04208101145923138
disgust,joy,4,5,ironic amusement,2.0,2.0,0.07919776439666748,0.07960675656795502,0.08999558538198471,0.04792092368006706,-0.01079782098531723,-0.005603406578302383
disgust,joy,4,6,enthusiasm / curiosity,-2.0,-2.0,0.13807269930839539,0.09760713577270508,0.09807047247886658,0.12136555463075638,0.04000222682952881,0.04023389518260956
disgust,joy,4,6,enthusiasm / curiosity,-2.0,2.0,0.09750708937644958,0.09760713577270508,0.18116770684719086,0.12136555463075638,-0.08366061747074127,-0.04188033193349838
disgust,joy,4,6,enthusiasm / curiosity,2.0,-2.0,0.14910900592803955,0.20011745393276215,0.09807047247886658,0.12136555463075638,-0.051008448004722595,1.5042722225189209e-05
disgust,joy,4,6,enthusiasm / curiosity,2.0,2.0,0.14958655834197998,0.20011745393276215,0.18116770684719086,0.12136555463075638,-0.050530895590782166,-0.04105602204799652
disgust,joy,5,0,self-doubt / encouragement,-2.0,-2.0,0.13162964582443237,0.11708182096481323,0.2627015709877014,0.2605997622013092,-0.13107192516326904,-0.05826205015182495
disgust,joy,5,0,self-doubt / encouragement,-2.0,2.0,0.1877366602420807,0.11708182096481323,0.18972086906433105,0.2605997622013092,-0.001984208822250366,0.034335315227508545
disgust,joy,5,0,self-doubt / encouragement,2.0,-2.0,0.1460505723953247,0.09603293985128403,0.2627015709877014,0.2605997622013092,-0.11665099859237671,-0.033316683024168015
disgust,joy,5,0,self-doubt / encouragement,2.0,2.0,0.09872845560312271,0.09603293985128403,0.18972086906433105,0.2605997622013092,-0.09099241346120834,-0.04414844885468483
disgust,joy,5,1,frustration / despair,-2.0,-2.0,0.11472997069358826,0.09501682966947556,0.160855233669281,0.1821449100971222,-0.04612526297569275,-0.013206060975790024
disgust,joy,5,1,frustration / despair,-2.0,2.0,0.168168842792511,0.09501682966947556,0.11690311878919601,0.1821449100971222,0.05126572400331497,0.0622088685631752
disgust,joy,5,1,frustration / despair,2.0,-2.0,0.13817664980888367,0.06855390965938568,0.160855233669281,0.1821449100971222,-0.02267858386039734,0.023472078144550323
disgust,joy,5,1,frustration / despair,2.0,2.0,0.06022325158119202,0.06855390965938568,0.11690311878919601,0.1821449100971222,-0.056679867208004,-0.03250526264309883
disgust,joy,5,2,uncertainty / indecision,-2.0,-2.0,0.1381562054157257,0.1558574140071869,0.2884596884250641,0.32553979754447937,-0.15030348300933838,-0.08400234580039978
disgust,joy,5,2,uncertainty / indecision,-2.0,2.0,0.24395693838596344,0.1558574140071869,0.233826145529747,0.32553979754447937,0.01013079285621643,0.04911515861749649
disgust,joy,5,2,uncertainty / indecision,2.0,-2.0,0.22194792330265045,0.12761175632476807,0.2884596884250641,0.32553979754447937,-0.06651176512241364,0.013912200927734375
disgust,joy,5,2,uncertainty / indecision,2.0,2.0,0.11045345664024353,0.12761175632476807,0.233826145529747,0.32553979754447937,-0.12337268888950348,-0.07026549428701401
disgust,joy,5,3,romantic idealism,-2.0,-2.0,0.029332023113965988,0.021989356726408005,0.07068634778261185,0.07390899211168289,-0.04135432466864586,-0.017005829140543938
disgust,joy,5,3,romantic idealism,-2.0,2.0,0.10434608161449432,0.021989356726408005,0.08585479855537415,0.07390899211168289,0.018491283059120178,0.05042400397360325
disgust,joy,5,3,romantic idealism,2.0,-2.0,0.06830628961324692,0.02992565743625164,0.07068634778261185,0.07390899211168289,-0.002380058169364929,0.018000287003815174
disgust,joy,5,3,romantic idealism,2.0,2.0,-0.027671311050653458,0.02992565743625164,0.08585479855537415,0.07390899211168289,-0.1135261096060276,-0.08556153904646635
disgust,joy,5,4,academic ambition / competitive determination,-2.0,-2.0,0.06568822264671326,0.09590702503919601,0.22211167216300964,0.2368435263633728,-0.1564234495162964,-0.09332112595438957
disgust,joy,5,4,academic ambition / competitive determination,-2.0,2.0,0.13208375871181488,0.09590702503919601,0.15735870599746704,0.2368435263633728,-0.02527494728565216,0.005450893193483353
disgust,joy,5,4,academic ambition / competitive determination,2.0,-2.0,0.1524711698293686,0.1036897748708725,0.22211167216300964,0.2368435263633728,-0.06964050233364105,-0.01042955368757248
disgust,joy,5,4,academic ambition / competitive determination,2.0,2.0,0.03721510246396065,0.1036897748708725,0.15735870599746704,0.2368435263633728,-0.1201436035335064,-0.09330913797020912
disgust,joy,5,5,ironic amusement,-2.0,-2.0,0.10427474230527878,0.1396034061908722,0.12024052441120148,0.12940168380737305,-0.035328663885593414,-0.025647222995758057
disgust,joy,5,5,ironic amusement,-2.0,2.0,0.14609383046627045,0.1396034061908722,0.13426126539707184,0.12940168380737305,0.006490424275398254,0.009161494672298431
disgust,joy,5,5,ironic amusement,2.0,-2.0,0.09799838811159134,0.08769525587558746,0.12024052441120148,0.12940168380737305,-0.022242136299610138,-0.005969502031803131
disgust,joy,5,5,ironic amusement,2.0,2.0,0.10630302876234055,0.08769525587558746,0.13426126539707184,0.12940168380737305,-0.027958236634731293,-0.004675231873989105
disgust,joy,5,6,enthusiasm / curiosity,-2.0,-2.0,0.1672700047492981,0.19363640248775482,0.2232605367898941,0.24974310398101807,-0.05599053204059601,-0.04117846488952637
disgust,joy,5,6,enthusiasm / curiosity,-2.0,2.0,0.1743658483028412,0.19363640248775482,0.2118896245956421,0.24974310398101807,-0.0375237762928009,-0.02839716523885727
disgust,joy,5,6,enthusiasm / curiosity,2.0,-2.0,0.14378103613853455,0.13470150530338287,0.2232605367898941,0.24974310398101807,-0.07947950065135956,-0.03519998490810394
disgust,joy,5,6,enthusiasm / curiosity,2.0,2.0,0.09260538965463638,0.13470150530338287,0.2118896245956421,0.24974310398101807,-0.1192842349410057,-0.0806901752948761
disgust,joy,6,0,self-doubt / encouragement,-2.0,-2.0,0.05908779427409172,0.1720665693283081,0.19403375685214996,0.05742540583014488,-0.13494596257805824,-0.12396236881613731
disgust,joy,6,0,self-doubt / encouragement,-2.0,2.0,0.12244477868080139,0.1720665693283081,0.06423669308423996,0.05742540583014488,-0.049621790647506714,0.004293147474527359
disgust,joy,6,0,self-doubt / encouragement,2.0,-2.0,0.10782143473625183,0.17306208610534668,0.19403375685214996,0.05742540583014488,-0.08621232211589813,-0.07572648674249649
disgust,joy,6,0,self-doubt / encouragement,2.0,2.0,0.12620650231838226,0.17306208610534668,0.06423669308423996,0.05742540583014488,-0.046855583786964417,0.0075571127235889435
disgust,joy,6,1,frustration / despair,-2.0,-2.0,0.08251304924488068,0.15788613259792328,0.14835700392723083,0.01839112676680088,-0.0753730833530426,-0.07060851901769638
disgust,joy,6,1,frustration / despair,-2.0,2.0,0.07838751375675201,0.15788613259792328,0.0566629022359848,0.01839112676680088,-0.07949861884117126,-0.028887003660202026
disgust,joy,6,1,frustration / despair,2.0,-2.0,0.10054109245538712,0.23734605312347412,0.14835700392723083,0.01839112676680088,-0.136804960668087,-0.09231043606996536
disgust,joy,6,1,frustration / despair,2.0,2.0,0.13707399368286133,0.23734605312347412,0.0566629022359848,0.01839112676680088,-0.10027205944061279,-0.009930483996868134
disgust,joy,6,2,uncertainty / indecision,-2.0,-2.0,0.11995156109333038,0.20431500673294067,0.1682434231042862,0.05211809650063515,-0.08436344563961029,-0.06632765382528305
disgust,joy,6,2,uncertainty / indecision,-2.0,2.0,0.12175299227237701,0.20431500673294067,0.1096753478050232,0.05211809650063515,-0.08256201446056366,-0.03524218499660492
disgust,joy,6,2,uncertainty / indecision,2.0,-2.0,0.17944419384002686,0.22024178504943848,0.1682434231042862,0.05211809650063515,-0.04079759120941162,-0.01479841023683548
disgust,joy,6,2,uncertainty / indecision,2.0,2.0,0.12240530550479889,0.22024178504943848,0.1096753478050232,0.05211809650063515,-0.09783647954463959,-0.042553260922431946
disgust,joy,6,3,romantic idealism,-2.0,-2.0,0.06152266263961792,0.03846999257802963,0.07945914566516876,-0.0029555847868323326,-0.017936483025550842,0.0025580935180187225
disgust,joy,6,3,romantic idealism,-2.0,2.0,0.04242110624909401,0.03846999257802963,0.06310756504535675,-0.0029555847868323326,-0.02068645879626274,-0.008367672562599182
disgust,joy,6,3,romantic idealism,2.0,-2.0,0.08531415462493896,0.07516255974769592,0.07945914566516876,-0.0029555847868323326,0.005855008959770203,0.008003301918506622
disgust,joy,6,3,romantic idealism,2.0,2.0,0.04512127488851547,0.07516255974769592,0.06310756504535675,-0.0029555847868323326,-0.03004128485918045,-0.024013787508010864
disgust,joy,6,4,academic ambition / competitive determination,-2.0,-2.0,0.02601758949458599,0.08016881346702576,0.1666058599948883,0.06546790897846222,-0.14058827050030231,-0.09736974723637104
disgust,joy,6,4,academic ambition / competitive determination,-2.0,2.0,0.061997346580028534,0.08016881346702576,0.06803785264492035,0.06546790897846222,-0.018171466886997223,-0.012105986475944519
disgust,joy,6,4,academic ambition / competitive determination,2.0,-2.0,0.0894240066409111,0.11798050254583359,0.1666058599948883,0.06546790897846222,-0.0771818533539772,-0.052869174629449844
disgust,joy,6,4,academic ambition / competitive determination,2.0,2.0,0.07631763070821762,0.11798050254583359,0.06803785264492035,0.06546790897846222,-0.04166287183761597,-0.016691546887159348
disgust,joy,6,5,ironic amusement,-2.0,-2.0,0.04129508137702942,0.08523133397102356,0.13025254011154175,0.11780644953250885,-0.08895745873451233,-0.06644685566425323
disgust,joy,6,5,ironic amusement,-2.0,2.0,0.10455386340618134,0.08523133397102356,0.09423606842756271,0.11780644953250885,0.010317794978618622,0.014820162206888199
disgust,joy,6,5,ironic amusement,2.0,-2.0,0.06896214932203293,0.13946524262428284,0.13025254011154175,0.11780644953250885,-0.07050309330224991,-0.06589674204587936
disgust,joy,6,5,ironic amusement,2.0,2.0,0.10915270447731018,0.13946524262428284,0.09423606842756271,0.11780644953250885,-0.030312538146972656,-0.007697951048612595
disgust,joy,6,6,enthusiasm / curiosity,-2.0,-2.0,0.10594072937965393,0.18675649166107178,0.24350573122501373,0.07693177461624146,-0.1375650018453598,-0.10919038206338882
disgust,joy,6,6,enthusiasm / curiosity,-2.0,2.0,0.15404260158538818,0.18675649166107178,0.1438835859298706,0.07693177461624146,-0.032713890075683594,-0.011277437210083008
disgust,joy,6,6,enthusiasm / curiosity,2.0,-2.0,0.15792010724544525,0.1515320986509323,0.24350573122501373,0.07693177461624146,-0.08558562397956848,-0.03959880769252777
disgust,joy,6,6,enthusiasm / curiosity,2.0,2.0,0.10902786254882812,0.1515320986509323,0.1438835859298706,0.07693177461624146,-0.04250423610210419,-0.038679979741573334
disgust,joy,7,0,self-doubt / encouragement,-2.0,-2.0,0.17884160578250885,0.17882271111011505,0.22511936724185944,0.23421017825603485,-0.046277761459350586,-0.023129433393478394
disgust,joy,7,0,self-doubt / encouragement,-2.0,2.0,0.2940784990787506,0.17882271111011505,0.22920849919319153,0.23421017825603485,0.06486999988555908,0.09006289392709732
disgust,joy,7,0,self-doubt / encouragement,2.0,-2.0,0.23530732095241547,0.23229947686195374,0.22511936724185944,0.23421017825603485,0.003007844090461731,0.006597898900508881
disgust,joy,7,0,self-doubt / encouragement,2.0,2.0,0.2283816933631897,0.23229947686195374,0.22920849919319153,0.23421017825603485,-0.003917783498764038,-0.0023722946643829346
disgust,joy,7,1,frustration / despair,-2.0,-2.0,0.203616201877594,0.20358486473560333,0.16628418862819672,0.17512358725070953,3.133714199066162e-05,0.01868167519569397
disgust,joy,7,1,frustration / despair,-2.0,2.0,0.3450310528278351,0.20358486473560333,0.18515625596046448,0.17512358725070953,0.14144618809223175,0.15066049247980118
disgust,joy,7,1,frustration / despair,2.0,-2.0,0.17907695472240448,0.16974753141403198,0.16628418862819672,0.17512358725070953,0.009329423308372498,0.01106109470129013
disgust,joy,7,1,frustration / despair,2.0,2.0,0.1334734559059143,0.16974753141403198,0.18515625596046448,0.17512358725070953,-0.05168280005455017,-0.04397843778133392
disgust,joy,7,2,uncertainty / indecision,-2.0,-2.0,0.2739603519439697,0.27392470836639404,0.25711652636528015,0.2381969541311264,3.5643577575683594e-05,0.00843973457813263
disgust,joy,7,2,uncertainty / indecision,-2.0,2.0,0.3986056447029114,0.27392470836639404,0.1843675971031189,0.2381969541311264,0.12468093633651733,0.1694594919681549
disgust,joy,7,2,uncertainty / indecision,2.0,-2.0,0.24237705767154694,0.23722265660762787,0.25711652636528015,0.2381969541311264,-0.014739468693733215,-0.004792533814907074
disgust,joy,7,2,uncertainty / indecision,2.0,2.0,0.1411249041557312,0.23722265660762787,0.1843675971031189,0.2381969541311264,-0.09609775245189667,-0.06967022269964218
disgust,joy,7,3,romantic idealism,-2.0,-2.0,0.14325980842113495,0.14323945343494415,0.109942726790905,0.043936461210250854,2.03549861907959e-05,0.016668718308210373
disgust,joy,7,3,romantic idealism,-2.0,2.0,0.1747763454914093,0.14323945343494415,0.05696609616279602,0.043936461210250854,0.03153689205646515,0.07467357069253922
disgust,joy,7,3,romantic idealism,2.0,-2.0,0.04355081170797348,0.038350753486156464,0.109942726790905,0.043936461210250854,-0.06639191508293152,-0.03059592843055725
disgust,joy,7,3,romantic idealism,2.0,2.0,0.05663282424211502,0.038350753486156464,0.05696609616279602,0.043936461210250854,-0.00033327192068099976,0.008974399417638779
disgust,joy,7,4,academic ambition / competitive determination,-2.0,-2.0,0.11342181265354156,0.11339493840932846,0.1628679484128952,0.0976153314113617,-0.04944613575935364,-0.024709630757570267
disgust,joy,7,4,academic ambition / competitive determination,-2.0,2.0,0.2899446189403534,0.11339493840932846,0.08817785233259201,0.0976153314113617,0.17654968053102493,0.18915822356939316
disgust,joy,7,4,academic ambition / competitive determination,2.0,-2.0,0.09847919642925262,0.07920511811971664,0.1628679484128952,0.0976153314113617,-0.06438875198364258,-0.0225573368370533
disgust,joy,7,4,academic ambition / competitive determination,2.0,2.0,0.06912258267402649,0.07920511811971664,0.08817785233259201,0.0976153314113617,-0.01905526965856552,-0.014568902552127838
disgust,joy,7,5,ironic amusement,-2.0,-2.0,0.17515337467193604,0.17511801421642303,0.16770748794078827,0.16564039885997772,3.536045551300049e-05,0.0037406235933303833
disgust,joy,7,5,ironic amusement,-2.0,2.0,0.28673189878463745,0.17511801421642303,0.18527035415172577,0.16564039885997772,0.10146154463291168,0.10653771460056305
disgust,joy,7,5,ironic amusement,2.0,-2.0,0.16520722210407257,0.1601494550704956,0.16770748794078827,0.16564039885997772,-0.0025002658367156982,0.0012787505984306335
disgust,joy,7,5,ironic amusement,2.0,2.0,0.16595615446567535,0.1601494550704956,0.18527035415172577,0.16564039885997772,-0.019314199686050415,-0.006753750145435333
disgust,joy,7,6,enthusiasm / curiosity,-2.0,-2.0,0.18781030178070068,0.1877897083759308,0.218405619263649,0.21328985691070557,-0.030595317482948303,-0.015287362039089203
disgust,joy,7,6,enthusiasm / curiosity,-2.0,2.0,0.3337821066379547,0.1877897083759308,0.145801842212677,0.21328985691070557,0.14599239826202393,0.16698633134365082
disgust,joy,7,6,enthusiasm / curiosity,2.0,-2.0,0.2141331434249878,0.18270906805992126,0.218405619263649,0.21328985691070557,-0.004272475838661194,0.013575799763202667
disgust,joy,7,6,enthusiasm / curiosity,2.0,2.0,0.15942971408367157,0.18270906805992126,0.145801842212677,0.21328985691070557,-0.023279353976249695,-0.0048257410526275635
joy,anger,0,0,self-doubt / encouragement,-2.0,-2.0,0.14785365760326385,0.2416723072528839,0.21378503739833832,0.2579997777938843,-0.09381864964962006,-0.07987501472234726
joy,anger,0,0,self-doubt / encouragement,-2.0,2.0,0.2416723072528839,0.2416723072528839,0.21280314028263092,0.2579997777938843,0.0,0.014434583485126495
joy,anger,0,0,self-doubt / encouragement,2.0,-2.0,0.21378503739833832,0.21378503739833832,0.21378503739833832,0.2579997777938843,0.0,0.0
joy,anger,0,0,self-doubt / encouragement,2.0,2.0,0.2579997777938843,0.21378503739833832,0.21280314028263092,0.2579997777938843,0.04421474039554596,0.04470568895339966
joy,anger,0,1,frustration / despair,-2.0,-2.0,0.17472884058952332,0.08709858357906342,0.19184617698192596,0.1789245754480362,-0.01711733639240265,0.035256460309028625
joy,anger,0,1,frustration / despair,-2.0,2.0,0.08709858357906342,0.08709858357906342,0.1304527074098587,0.1789245754480362,-0.04335412383079529,-0.021677061915397644
joy,anger,0,1,frustration / despair,2.0,-2.0,0.19184617698192596,0.19184617698192596,0.19184617698192596,0.1789245754480362,0.0,0.0
joy,anger,0,1,frustration / despair,2.0,2.0,0.1789245754480362,0.19184617698192596,0.1304527074098587,0.1789245754480362,-0.01292160153388977,0.01777513325214386
joy,anger,0,2,uncertainty / indecision,-2.0,-2.0,0.21984224021434784,0.23395304381847382,0.2423609495162964,0.29390186071395874,-0.022518709301948547,-0.018314756453037262
joy,anger,0,2,uncertainty / indecision,-2.0,2.0,0.23395304381847382,0.23395304381847382,0.24581289291381836,0.29390186071395874,-0.011859849095344543,-0.005929924547672272
joy,anger,0,2,uncertainty / indecision,2.0,-2.0,0.2423609495162964,0.2423609495162964,0.2423609495162964,0.29390186071395874,0.0,0.0
joy,anger,0,2,uncertainty / indecision,2.0,2.0,0.29390186071395874,0.2423609495162964,0.24581289291381836,0.29390186071395874,0.04808896780014038,0.04981493949890137
joy,anger,0,3,romantic idealism,-2.0,-2.0,0.0445433184504509,0.10707913339138031,0.06062449514865875,0.09816206246614456,-0.06253581494092941,-0.039308495819568634
joy,anger,0,3,romantic idealism,-2.0,2.0,0.10707913339138031,0.10707913339138031,0.10900090634822845,0.09816206246614456,-0.0019217729568481445,-0.0009608864784240723
joy,anger,0,3,romantic idealism,2.0,-2.0,0.06062449514865875,0.06062449514865875,0.06062449514865875,0.09816206246614456,0.0,0.0
joy,anger,0,3,romantic idealism,2.0,2.0,0.09816206246614456,0.06062449514865875,0.10900090634822845,0.09816206246614456,-0.010838843882083893,0.013349361717700958
joy,anger,0,4,academic ambition / competitive determination,-2.0,-2.0,0.3036273419857025,0.12080076336860657,0.1157606989145279,0.1298098862171173,0.18282657861709595,0.18534661084413528
joy,anger,0,4,academic ambition / competitive determination,-2.0,2.0,0.12080076336860657,0.12080076336860657,0.09876739233732224,0.1298098862171173,0.0,0.011016685515642166
joy,anger,0,4,academic ambition / competitive determination,2.0,-2.0,0.1157606989145279,0.1157606989145279,0.1157606989145279,0.1298098862171173,0.0,0.0
joy,anger,0,4,academic ambition / competitive determination,2.0,2.0,0.1298098862171173,0.1157606989145279,0.09876739233732224,0.1298098862171173,0.014049187302589417,0.022545840591192245
joy,anger,0,5,ironic amusement,-2.0,-2.0,0.10297268629074097,0.1366986185312271,0.1250118464231491,0.1419863998889923,-0.033725932240486145,-0.027882546186447144
joy,anger,0,5,ironic amusement,-2.0,2.0,0.1366986185312271,0.1366986185312271,0.12242086976766586,0.1419863998889923,0.0,0.007138874381780624
joy,anger,0,5,ironic amusement,2.0,-2.0,0.1250118464231491,0.1250118464231491,0.1250118464231491,0.1419863998889923,0.0,0.0
joy,anger,0,5,ironic amusement,2.0,2.0,0.1419863998889923,0.1250118464231491,0.12242086976766586,0.1419863998889923,0.0169745534658432,0.018270041793584824
joy,anger,0,6,enthusiasm / curiosity,-2.0,-2.0,0.14924170076847076,0.14777284860610962,0.1549644023180008,0.18679481744766235,-0.005722701549530029,-0.002126924693584442
joy,anger,0,6,enthusiasm / curiosity,-2.0,2.0,0.14777284860610962,0.14777284860610962,0.1436716765165329,0.18679481744766235,0.0,0.0020505860447883606
joy,anger,0,6,enthusiasm / curiosity,2.0,-2.0,0.1549644023180008,0.1549644023180008,0.1549644023180008,0.18679481744766235,0.0,0.0
joy,anger,0,6,enthusiasm / curiosity,2.0,2.0,0.18679481744766235,0.1549644023180008,0.1436716765165329,0.18679481744766235,0.03183041512966156,0.03747677803039551
joy,anger,1,0,self-doubt / encouragement,-2.0,-2.0,0.17871685326099396,0.13949938118457794,0.05908381938934326,0.08845274150371552,0.039217472076416016,0.07942525297403336
joy,anger,1,0,self-doubt / encouragement,-2.0,2.0,0.16718167066574097,0.13949938118457794,0.13718655705451965,0.08845274150371552,0.027682289481163025,0.02883870154619217
joy,anger,1,0,self-doubt / encouragement,2.0,-2.0,0.08605632930994034,0.09728923439979553,0.05908381938934326,0.08845274150371552,-0.011232905089855194,0.007869802415370941
joy,anger,1,0,self-doubt / encouragement,2.0,2.0,0.13718655705451965,0.09728923439979553,0.13718655705451965,0.08845274150371552,0.0,0.01994866132736206
joy,anger,1,1,frustration / despair,-2.0,-2.0,0.12288674712181091,0.1093488484621048,0.08640670776367188,0.12093593180179596,0.013537898659706116,0.025008969008922577
joy,anger,1,1,frustration / despair,-2.0,2.0,0.23029179871082306,0.1093488484621048,0.14950962364673615,0.12093593180179596,0.08078217506408691,0.10086256265640259
joy,anger,1,1,frustration / despair,2.0,-2.0,0.12080033123493195,0.14753183722496033,0.08640670776367188,0.12093593180179596,-0.02673150599002838,0.0038310587406158447
joy,anger,1,1,frustration / despair,2.0,2.0,0.14950962364673615,0.14753183722496033,0.14950962364673615,0.12093593180179596,0.0,0.000988893210887909
joy,anger,1,2,uncertainty / indecision,-2.0,-2.0,0.19401201605796814,0.13900555670261383,0.14380322396755219,0.1579023152589798,0.050208792090415955,0.05260762572288513
joy,anger,1,2,uncertainty / indecision,-2.0,2.0,0.19582685828208923,0.13900555670261383,0.15698589384555817,0.1579023152589798,0.03884096443653107,0.047831133008003235
joy,anger,1,2,uncertainty / indecision,2.0,-2.0,0.16977687180042267,0.20171605050563812,0.14380322396755219,0.1579023152589798,-0.031939178705215454,-0.0029827654361724854
joy,anger,1,2,uncertainty / indecision,2.0,2.0,0.15698589384555817,0.20171605050563812,0.15698589384555817,0.1579023152589798,-0.044730156660079956,-0.022365078330039978
joy,anger,1,3,romantic idealism,-2.0,-2.0,0.034902121871709824,0.0101500004529953,-0.0004500128561630845,-0.006807968486100435,0.024752121418714523,0.030052128073293716
joy,anger,1,3,romantic idealism,-2.0,2.0,0.050637610256671906,0.0101500004529953,0.039665669202804565,-0.006807968486100435,0.01097194105386734,0.025729775428771973
joy,anger,1,3,romantic idealism,2.0,-2.0,0.00527739804238081,0.03883875906467438,-0.0004500128561630845,-0.006807968486100435,-0.03356136102229357,-0.013916975061874837
joy,anger,1,3,romantic idealism,2.0,2.0,0.039665669202804565,0.03883875906467438,0.039665669202804565,-0.006807968486100435,0.0,0.000413455069065094
joy,anger,1,4,academic ambition / competitive determination,-2.0,-2.0,0.1472553014755249,0.08028964698314667,0.08119083195924759,0.07018128782510757,0.06606446951627731,0.06651506200432777
joy,anger,1,4,academic ambition / competitive determination,-2.0,2.0,0.14758656919002533,0.08028964698314667,0.10759592056274414,0.07018128782510757,0.03999064862728119,0.053643785417079926
joy,anger,1,4,academic ambition / competitive determination,2.0,-2.0,0.09100822359323502,0.10244415700435638,0.08119083195924759,0.07018128782510757,-0.011435933411121368,-0.0008092708885669708
joy,anger,1,4,academic ambition / competitive determination,2.0,2.0,0.10759592056274414,0.10244415700435638,0.10759592056274414,0.07018128782510757,0.0,0.002575881779193878
joy,anger,1,5,ironic amusement,-2.0,-2.0,0.11556823551654816,0.12814021110534668,0.1015855073928833,0.1118372306227684,-0.012571975588798523,0.0007053762674331665
joy,anger,1,5,ironic amusement,-2.0,2.0,0.15309475362300873,0.12814021110534668,0.13751322031021118,0.1118372306227684,0.015581533312797546,0.020268037915229797
joy,anger,1,5,ironic amusement,2.0,-2.0,0.08419986069202423,0.1245109885931015,0.1015855073928833,0.1118372306227684,-0.04031112790107727,-0.02884838730096817
joy,anger,1,5,ironic amusement,2.0,2.0,0.13751322031021118,0.1245109885931015,0.13751322031021118,0.1118372306227684,0.0,0.00650111585855484
joy,anger,1,6,enthusiasm / curiosity,-2.0,-2.0,0.17685966193675995,0.14583031833171844,0.09306027740240097,0.10050424188375473,0.031029343605041504,0.05741436406970024
joy,anger,1,6,enthusiasm / curiosity,-2.0,2.0,0.1956985741853714,0.14583031833171844,0.16732138395309448,0.10050424188375473,0.028377190232276917,0.039122723042964935
joy,anger,1,6,enthusiasm / curiosity,2.0,-2.0,0.11458516120910645,0.12277855724096298,0.09306027740240097,0.10050424188375473,-0.008193396031856537,0.006665743887424469
joy,anger,1,6,enthusiasm / curiosity,2.0,2.0,0.16732138395309448,0.12277855724096298,0.16732138395309448,0.10050424188375473,0.0,0.02227141335606575
joy,anger,2,0,self-doubt / encouragement,-2.0,-2.0,0.1337452083826065,0.1353772133588791,0.11203654110431671,0.11809313297271729,-0.001632004976272583,0.010038331151008606
joy,anger,2,0,self-doubt / encouragement,-2.0,2.0,0.20966382324695587,0.1353772133588791,0.1686282604932785,0.11809313297271729,0.04103556275367737,0.057661086320877075
joy,anger,2,0,self-doubt / encouragement,2.0,-2.0,0.1574421226978302,0.17355890572071075,0.11203654110431671,0.11809313297271729,-0.016116783022880554,0.014644399285316467
joy,anger,2,0,self-doubt / encouragement,2.0,2.0,0.20346754789352417,0.17355890572071075,0.1686282604932785,0.11809313297271729,0.029908642172813416,0.03237396478652954
joy,anger,2,1,frustration / despair,-2.0,-2.0,0.1192982867360115,0.0777725800871849,0.08629456162452698,0.08123224973678589,0.03300372511148453,0.03726471588015556
joy,anger,2,1,frustration / despair,-2.0,2.0,0.11079103499650955,0.0777725800871849,0.03947892785072327,0.08123224973678589,0.033018454909324646,0.052165281027555466
joy,anger,2,1,frustration / despair,2.0,-2.0,0.06633686274290085,0.03188755363225937,0.08629456162452698,0.08123224973678589,-0.01995769888162613,0.007245805114507675
joy,anger,2,1,frustration / despair,2.0,2.0,0.025099143385887146,0.03188755363225937,0.03947892785072327,0.08123224973678589,-0.01437978446483612,-0.010584097355604172
joy,anger,2,2,uncertainty / indecision,-2.0,-2.0,0.13751228153705597,0.1824788749217987,0.150186687707901,0.16268309950828552,-0.04496659338474274,-0.028820499777793884
joy,anger,2,2,uncertainty / indecision,-2.0,2.0,0.20554900169372559,0.1824788749217987,0.09129512310028076,0.16268309950828552,0.02307012677192688,0.06866200268268585
joy,anger,2,2,uncertainty / indecision,2.0,-2.0,0.11038266122341156,0.07981067895889282,0.150186687707901,0.16268309950828552,-0.03980402648448944,-0.0046160221099853516
joy,anger,2,2,uncertainty / indecision,2.0,2.0,0.0731939822435379,0.07981067895889282,0.09129512310028076,0.16268309950828552,-0.01810114085674286,-0.01235891878604889
joy,anger,2,3,romantic idealism,-2.0,-2.0,0.09160753339529037,0.09406162798404694,0.05919823423027992,0.08184073120355606,-0.0024540945887565613,0.014977602288126945
joy,anger,2,3,romantic idealism,-2.0,2.0,0.09672271460294724,0.09406162798404694,0.14886394143104553,0.08184073120355606,-0.0521412268280983,-0.024740070104599
joy,anger,2,3,romantic idealism,2.0,-2.0,0.08232990652322769,0.11961069703102112,0.05919823423027992,0.08184073120355606,-0.037280790507793427,-0.007074559107422829
joy,anger,2,3,romantic idealism,2.0,2.0,0.10892631113529205,0.11961069703102112,0.14886394143104553,0.08184073120355606,-0.03993763029575348,-0.025311008095741272
joy,anger,2,4,academic ambition / competitive determination,-2.0,-2.0,0.19261017441749573,0.2683221697807312,0.19814075529575348,0.22492694854736328,-0.07571199536323547,-0.04062128812074661
joy,anger,2,4,academic ambition / competitive determination,-2.0,2.0,0.13229669630527496,0.2683221697807312,0.07389688491821289,0.22492694854736328,-0.13602547347545624,-0.03881283104419708
joy,anger,2,4,academic ambition / competitive determination,2.0,-2.0,0.09772667288780212,0.08078934252262115,0.19814075529575348,0.22492694854736328,-0.10041408240795135,-0.04173837602138519
joy,anger,2,4,academic ambition / competitive determination,2.0,2.0,0.10882902890443802,0.08078934252262115,0.07389688491821289,0.22492694854736328,0.028039686381816864,0.031485915184020996
joy,anger,2,5,ironic amusement,-2.0,-2.0,0.05593579635024071,0.06266959011554718,0.05877523869276047,0.0756302997469902,-0.006733793765306473,-0.0047866180539131165
joy,anger,2,5,ironic amusement,-2.0,2.0,0.11103440821170807,0.06266959011554718,0.14611245691776276,0.0756302997469902,-0.03507804870605469,0.006643384695053101
joy,anger,2,5,ironic amusement,2.0,-2.0,0.07499542832374573,0.1405269056558609,0.05877523869276047,0.0756302997469902,-0.06553147733211517,-0.024655643850564957
joy,anger,2,5,ironic amusement,2.0,2.0,0.11621202528476715,0.1405269056558609,0.14611245691776276,0.0756302997469902,-0.029900431632995605,-0.027107656002044678
joy,anger,2,6,enthusiasm / curiosity,-2.0,-2.0,0.13817785680294037,0.1866932213306427,0.12807020545005798,0.16488052904605865,-0.04851536452770233,-0.019203856587409973
joy,anger,2,6,enthusiasm / curiosity,-2.0,2.0,0.1562664955854416,0.1866932213306427,0.22597156465053558,0.16488052904605865,-0.069705069065094,-0.05006589740514755
joy,anger,2,6,enthusiasm / curiosity,2.0,-2.0,0.1274992823600769,0.2852917015552521,0.12807020545005798,0.16488052904605865,-0.15779241919517517,-0.07918167114257812
joy,anger,2,6,enthusiasm / curiosity,2.0,2.0,0.31202101707458496,0.2852917015552521,0.22597156465053558,0.16488052904605865,0.026729315519332886,0.05638938397169113
joy,anger,3,0,self-doubt / encouragement,-2.0,-2.0,0.1274835467338562,0.15675240755081177,0.04968643561005592,0.05243324488401413,-0.029268860816955566,0.024264125153422356
joy,anger,3,0,self-doubt / encouragement,-2.0,2.0,0.1637236624956131,0.15675240755081177,0.05099865421652794,0.05243324488401413,0.006971254944801331,0.059848131611943245
joy,anger,3,0,self-doubt / encouragement,2.0,-2.0,0.05812520161271095,0.05590430647134781,0.04968643561005592,0.05243324488401413,0.002220895141363144,0.005329830572009087
joy,anger,3,0,self-doubt / encouragement,2.0,2.0,0.06757967919111252,0.05590430647134781,0.05099865421652794,0.05243324488401413,0.01167537271976471,0.014128198847174644
joy,anger,3,1,frustration / despair,-2.0,-2.0,0.06209374964237213,0.15172626078128815,0.10011174529790878,0.09356782585382462,-0.08963251113891602,-0.06382525339722633
joy,anger,3,1,frustration / despair,-2.0,2.0,0.16222544014453888,0.15172626078128815,0.09108290076255798,0.09356782585382462,0.010499179363250732,0.040820859372615814
joy,anger,3,1,frustration / despair,2.0,-2.0,0.09549356251955032,0.09127063304185867,0.10011174529790878,0.09356782585382462,-0.0046181827783584595,-0.00019762665033340454
joy,anger,3,1,frustration / despair,2.0,2.0,0.10813043266534805,0.09127063304185867,0.09108290076255798,0.09356782585382462,0.01685979962348938,0.016953665763139725
joy,anger,3,2,uncertainty / indecision,-2.0,-2.0,0.17230434715747833,0.20749326050281525,0.128189817070961,0.12729161977767944,-0.035188913345336914,0.00446280837059021
joy,anger,3,2,uncertainty / indecision,-2.0,2.0,0.21771323680877686,0.20749326050281525,0.12575259804725647,0.12729161977767944,0.010219976305961609,0.051090307533741
joy,anger,3,2,uncertainty / indecision,2.0,-2.0,0.13708269596099854,0.12994952499866486,0.128189817070961,0.12729161977767944,0.007133170962333679,0.008013024926185608
joy,anger,3,2,uncertainty / indecision,2.0,2.0,0.14825239777565002,0.12994952499866486,0.12575259804725647,0.12729161977767944,0.01830287277698517,0.02040133625268936
joy,anger,3,3,romantic idealism,-2.0,-2.0,0.026202211156487465,0.04540790617465973,0.038999758660793304,0.030825095251202583,-0.019205695018172264,-0.016001621261239052
joy,anger,3,3,romantic idealism,-2.0,2.0,0.05043720081448555,0.04540790617465973,0.03460206091403961,0.030825095251202583,0.005029294639825821,0.01043221727013588
joy,anger,3,3,romantic idealism,2.0,-2.0,0.032596759498119354,0.03349827229976654,0.038999758660793304,0.030825095251202583,-0.00640299916267395,-0.0036522559821605682
joy,anger,3,3,romantic idealism,2.0,2.0,0.047819942235946655,0.03349827229976654,0.03460206091403961,0.030825095251202583,0.013217881321907043,0.013769775629043579
joy,anger,3,4,academic ambition / competitive determination,-2.0,-2.0,0.0884583592414856,0.11407603323459625,0.04337547719478607,0.0544109046459198,-0.025617673993110657,0.009732604026794434
joy,anger,3,4,academic ambition / competitive determination,-2.0,2.0,0.11836909502744675,0.11407603323459625,0.04758639633655548,0.0544109046459198,0.004293061792850494,0.03753788024187088
joy,anger,3,4,academic ambition / competitive determination,2.0,-2.0,0.05623644217848778,0.0610361211001873,0.04337547719478607,0.0544109046459198,-0.004799678921699524,0.004030643031001091
joy,anger,3,4,academic ambition / competitive determination,2.0,2.0,0.06639979779720306,0.0610361211001873,0.04758639633655548,0.0544109046459198,0.005363676697015762,0.012088539078831673
joy,anger,3,5,ironic amusement,-2.0,-2.0,0.12877795100212097,0.15578784048557281,0.11101477593183517,0.11290410161018372,-0.027009889483451843,-0.004623357206583023
joy,anger,3,5,ironic amusement,-2.0,2.0,0.1587611585855484,0.15578784048557281,0.13284268975257874,0.11290410161018372,0.002973318099975586,0.014445893466472626
joy,anger,3,5,ironic amusement,2.0,-2.0,0.0933443009853363,0.11829773336648941,0.11101477593183517,0.11290410161018372,-0.024953432381153107,-0.02131195366382599
joy,anger,3,5,ironic amusement,2.0,2.0,0.10899794101715088,0.11829773336648941,0.13284268975257874,0.11290410161018372,-0.023844748735427856,-0.016572270542383194
joy,anger,3,6,enthusiasm / curiosity,-2.0,-2.0,0.17820188403129578,0.19195112586021423,0.12609483301639557,0.11533231288194656,-0.013749241828918457,0.019178904592990875
joy,anger,3,6,enthusiasm / curiosity,-2.0,2.0,0.1987575888633728,0.19195112586021423,0.11677185446023941,0.11533231288194656,0.006806463003158569,0.04439609870314598
joy,anger,3,6,enthusiasm / curiosity,2.0,-2.0,0.12993618845939636,0.11223521083593369,0.12609483301639557,0.11533231288194656,0.0038413554430007935,0.010771166533231735
joy,anger,3,6,enthusiasm / curiosity,2.0,2.0,0.13807593286037445,0.11223521083593369,0.11677185446023941,0.11533231288194656,0.02130407840013504,0.023572400212287903
joy,anger,4,0,self-doubt / encouragement,-2.0,-2.0,0.20819823443889618,0.05941418185830116,0.11651457846164703,0.09420821070671082,0.09168365597724915,0.12023385427892208
joy,anger,4,0,self-doubt / encouragement,-2.0,2.0,0.09819132089614868,0.05941418185830116,0.10838546603918076,0.09420821070671082,-0.010194145143032074,0.014291496947407722
joy,anger,4,0,self-doubt / encouragement,2.0,-2.0,0.11917532235383987,0.13900312781333923,0.11651457846164703,0.09420821070671082,-0.01982780545949936,-0.00858353078365326
joy,anger,4,0,self-doubt / encouragement,2.0,2.0,0.13702286779880524,0.13900312781333923,0.10838546603918076,0.09420821070671082,-0.0019802600145339966,0.013328570872545242
joy,anger,4,1,frustration / despair,-2.0,-2.0,0.13767164945602417,0.08119416236877441,0.07814192771911621,0.08754955232143402,0.056477487087249756,0.05800360441207886
joy,anger,4,1,frustration / despair,-2.0,2.0,0.10593066364526749,0.08119416236877441,0.08958091586828232,0.08754955232143402,0.01634974777698517,0.02054312452673912
joy,anger,4,1,frustration / despair,2.0,-2.0,0.131681427359581,0.12460857629776001,0.07814192771911621,0.08754955232143402,0.007072851061820984,0.030306175351142883
joy,anger,4,1,frustration / despair,2.0,2.0,0.10561516135931015,0.12460857629776001,0.08958091586828232,0.08754955232143402,-0.01899341493844986,-0.0014795847237110138
joy,anger,4,2,uncertainty / indecision,-2.0,-2.0,0.21324975788593292,0.14607946574687958,0.16940926015377045,0.1750241070985794,0.043840497732162476,0.05550539493560791
joy,anger,4,2,uncertainty / indecision,-2.0,2.0,0.1907615065574646,0.14607946574687958,0.16731159389019012,0.1750241070985794,0.023449912667274475,0.03406597673892975
joy,anger,4,2,uncertainty / indecision,2.0,-2.0,0.18522535264492035,0.2138528823852539,0.16940926015377045,0.1750241070985794,-0.028627529740333557,-0.006405718624591827
joy,anger,4,2,uncertainty / indecision,2.0,2.0,0.21460118889808655,0.2138528823852539,0.16731159389019012,0.1750241070985794,0.0007483065128326416,0.024018950760364532
joy,anger,4,3,romantic idealism,-2.0,-2.0,0.0756278708577156,0.08024097234010696,0.10259468853473663,0.0778314620256424,-0.026966817677021027,-0.015789959579706192
joy,anger,4,3,romantic idealism,-2.0,2.0,0.10090164095163345,0.08024097234010696,0.07813356071710587,0.0778314620256424,0.02066066861152649,0.02171437442302704
joy,anger,4,3,romantic idealism,2.0,-2.0,0.11660029739141464,0.14402733743190765,0.10259468853473663,0.0778314620256424,-0.02742704004049301,-0.006710715591907501
joy,anger,4,3,romantic idealism,2.0,2.0,0.13376463949680328,0.14402733743190765,0.07813356071710587,0.0778314620256424,-0.01026269793510437,0.022684190422296524
joy,anger,4,4,academic ambition / competitive determination,-2.0,-2.0,0.12115421146154404,0.1558435708284378,0.16521799564361572,0.17608575522899628,-0.044063784182071686,-0.03937657177448273
joy,anger,4,4,academic ambition / competitive determination,-2.0,2.0,0.19896095991134644,0.1558435708284378,0.16522468626499176,0.17608575522899628,0.033736273646354675,0.03842683136463165
joy,anger,4,4,academic ambition / competitive determination,2.0,-2.0,0.16158325970172882,0.1688574254512787,0.16521799564361572,0.17608575522899628,-0.007274165749549866,-0.005454450845718384
joy,anger,4,4,academic ambition / competitive determination,2.0,2.0,0.1837044209241867,0.1688574254512787,0.16522468626499176,0.17608575522899628,0.01484699547290802,0.016663365066051483
joy,anger,4,5,ironic amusement,-2.0,-2.0,0.13492515683174133,0.01961260847747326,0.0648786723613739,0.04792594164609909,0.07004648447036743,0.09267951641231775
joy,anger,4,5,ironic amusement,-2.0,2.0,0.05978268384933472,0.01961260847747326,0.10440558940172195,0.04792594164609909,-0.04462290555238724,-0.00222641509026289
joy,anger,4,5,ironic amusement,2.0,-2.0,0.06190918758511543,0.08999751508235931,0.0648786723613739,0.04792594164609909,-0.02808832749724388,-0.015528906136751175
joy,anger,4,5,ironic amusement,2.0,2.0,0.09222674369812012,0.08999751508235931,0.10440558940172195,0.04792594164609909,-0.012178845703601837,-0.004974808543920517
joy,anger,4,6,enthusiasm / curiosity,-2.0,-2.0,0.25473061203956604,0.0981014296412468,0.20355010032653809,0.12139500677585602,0.051180511713027954,0.1039048470556736
joy,anger,4,6,enthusiasm / curiosity,-2.0,2.0,0.13661064207553864,0.0981014296412468,0.15576139092445374,0.12139500677585602,-0.0191507488489151,0.00967923179268837
joy,anger,4,6,enthusiasm / curiosity,2.0,-2.0,0.144793301820755,0.18118581175804138,0.20355010032653809,0.12139500677585602,-0.05875679850578308,-0.04757465422153473
joy,anger,4,6,enthusiasm / curiosity,2.0,2.0,0.16393941640853882,0.18118581175804138,0.15576139092445374,0.12139500677585602,-0.017246395349502563,-0.00453418493270874
joy,anger,5,0,self-doubt / encouragement,-2.0,-2.0,0.10645994544029236,0.26273325085639954,0.16927550733089447,0.26054656505584717,-0.15627330541610718,-0.10954443365335464
joy,anger,5,0,self-doubt / encouragement,-2.0,2.0,0.20222942531108856,0.26273325085639954,0.16632172465324402,0.26054656505584717,-0.060503825545310974,-0.012298062443733215
joy,anger,5,0,self-doubt / encouragement,2.0,-2.0,0.0883408635854721,0.18972086906433105,0.16927550733089447,0.26054656505584717,-0.10138000547885895,-0.09115732461214066
joy,anger,5,0,self-doubt / encouragement,2.0,2.0,0.1652941107749939,0.18972086906433105,0.16632172465324402,0.26054656505584717,-0.024426758289337158,-0.01272718608379364
joy,anger,5,1,frustration / despair,-2.0,-2.0,0.06374555081129074,0.1608516126871109,0.12772680819034576,0.18212664127349854,-0.09710606187582016,-0.08054365962743759
joy,anger,5,1,frustration / despair,-2.0,2.0,0.1506936401128769,0.1608516126871109,0.15703067183494568,0.18212664127349854,-0.010157972574234009,-0.008247502148151398
joy,anger,5,1,frustration / despair,2.0,-2.0,0.1132972240447998,0.11690311878919601,0.12772680819034576,0.18212664127349854,-0.01442958414554596,-0.009017739444971085
joy,anger,5,1,frustration / despair,2.0,2.0,0.1297493577003479,0.11690311878919601,0.15703067183494568,0.18212664127349854,-0.02728131413459778,-0.007217537611722946
joy,anger,5,2,uncertainty / indecision,-2.0,-2.0,0.13960927724838257,0.2884429693222046,0.19697757065296173,0.32548990845680237,-0.14883369207382202,-0.10310099273920059
joy,anger,5,2,uncertainty / indecision,-2.0,2.0,0.2681037187576294,0.2884429693222046,0.22388173639774323,0.32548990845680237,-0.020339250564575195,0.011941365897655487
joy,anger,5,2,uncertainty / indecision,2.0,-2.0,0.14537478983402252,0.233826145529747,0.19697757065296173,0.32548990845680237,-0.08845135569572449,-0.07002706825733185
joy,anger,5,2,uncertainty / indecision,2.0,2.0,0.22816452383995056,0.233826145529747,0.22388173639774323,0.32548990845680237,-0.005661621689796448,-0.0006894171237945557
joy,anger,5,3,romantic idealism,-2.0,-2.0,-0.004204148426651955,0.07068438082933426,0.04272943362593651,0.07388083636760712,-0.07488852925598621,-0.06091105565428734
joy,anger,5,3,romantic idealism,-2.0,2.0,0.0718068927526474,0.07068438082933426,0.08974974602460861,0.07388083636760712,-0.017942853271961212,-0.008410170674324036
joy,anger,5,3,romantic idealism,2.0,-2.0,0.0021234098821878433,0.08585479855537415,0.04272943362593651,0.07388083636760712,-0.0837313886731863,-0.062168706208467484
joy,anger,5,3,romantic idealism,2.0,2.0,0.08811447024345398,0.08585479855537415,0.08974974602460861,0.07388083636760712,-0.0016352757811546326,0.0003121979534626007
joy,anger,5,4,academic ambition / competitive determination,-2.0,-2.0,0.040733277797698975,0.22210119664669037,0.12854136526584625,0.2368214726448059,-0.1813679188489914,-0.13458800315856934
joy,anger,5,4,academic ambition / competitive determination,-2.0,2.0,0.20354554057121277,0.22210119664669037,0.14202186465263367,0.2368214726448059,-0.0185556560754776,0.02148400992155075
joy,anger,5,4,academic ambition / competitive determination,2.0,-2.0,0.0457753911614418,0.15735870599746704,0.12854136526584625,0.2368214726448059,-0.11158331483602524,-0.09717464447021484
joy,anger,5,4,academic ambition / competitive determination,2.0,2.0,0.14918097853660583,0.15735870599746704,0.14202186465263367,0.2368214726448059,-0.008177727460861206,-0.000509306788444519
joy,anger,5,5,ironic amusement,-2.0,-2.0,0.14172784984111786,0.12021782249212265,0.1335107684135437,0.12936455011367798,0.008217081427574158,0.014863554388284683
joy,anger,5,5,ironic amusement,-2.0,2.0,0.13871219754219055,0.12021782249212265,0.12393540143966675,0.12936455011367798,0.014776796102523804,0.016635585576295853
joy,anger,5,5,ironic amusement,2.0,-2.0,0.09864016622304916,0.13426126539707184,0.1335107684135437,0.12936455011367798,-0.035621099174022675,-0.035245850682258606
joy,anger,5,5,ironic amusement,2.0,2.0,0.08378541469573975,0.13426126539707184,0.12393540143966675,0.12936455011367798,-0.05047585070133209,-0.04531291872262955
joy,anger,5,6,enthusiasm / curiosity,-2.0,-2.0,0.1869032382965088,0.2232711911201477,0.236124649643898,0.24971291422843933,-0.04922141134738922,-0.04279468208551407
joy,anger,5,6,enthusiasm / curiosity,-2.0,2.0,0.20646695792675018,0.2232711911201477,0.21034228801727295,0.24971291422843933,-0.016804233193397522,-0.010339781641960144
joy,anger,5,6,enthusiasm / curiosity,2.0,-2.0,0.12425374239683151,0.2118896245956421,0.236124649643898,0.24971291422843933,-0.1118709072470665,-0.09975339472293854
joy,anger,5,6,enthusiasm / curiosity,2.0,2.0,0.17688539624214172,0.2118896245956421,0.21034228801727295,0.24971291422843933,-0.035004228353500366,-0.034230560064315796
joy,anger,6,0,self-doubt / encouragement,-2.0,-2.0,0.0047813099808990955,0.19330263137817383,0.08250068128108978,0.05740978196263313,-0.18852132139727473,-0.1331203463487327
joy,anger,6,0,self-doubt / encouragement,-2.0,2.0,0.0879894345998764,0.19330263137817383,0.09343306720256805,0.05740978196263313,-0.10531319677829742,-0.05537841469049454
joy,anger,6,0,self-doubt / encouragement,2.0,-2.0,0.14167286455631256,0.06423669308423996,0.08250068128108978,0.05740978196263313,0.05917218327522278,0.06830417737364769
joy,anger,6,0,self-doubt / encouragement,2.0,2.0,0.10585366189479828,0.06423669308423996,0.09343306720256805,0.05740978196263313,0.012420594692230225,0.027018781751394272
joy,anger,6,1,frustration / despair,-2.0,-2.0,0.02495996095240116,0.1471332162618637,0.11992225050926208,0.018406767398118973,-0.12217325530946255,-0.10856777243316174
joy,anger,6,1,frustration / despair,-2.0,2.0,0.08929238468408585,0.1471332162618637,0.08500189334154129,0.018406767398118973,-0.05784083157777786,-0.026775170117616653
joy,anger,6,1,frustration / despair,2.0,-2.0,0.10043894499540329,0.0566629022359848,0.11992225050926208,0.018406767398118973,-0.019483305513858795,0.012146368622779846
joy,anger,6,1,frustration / despair,2.0,2.0,0.08908915519714355,0.0566629022359848,0.08500189334154129,0.018406767398118973,0.004087261855602264,0.01825675740838051
joy,anger,6,2,uncertainty / indecision,-2.0,-2.0,0.0749020129442215,0.16749916970729828,0.1459178924560547,0.05213114619255066,-0.09259715676307678,-0.08180651813745499
joy,anger,6,2,uncertainty / indecision,-2.0,2.0,0.14229631423950195,0.16749916970729828,0.10529924184083939,0.05213114619255066,-0.025202855467796326,0.005897108465433121
joy,anger,6,2,uncertainty / indecision,2.0,-2.0,0.14699439704418182,0.1096753478050232,0.1459178924560547,0.05213114619255066,0.0010765045881271362,0.019197776913642883
joy,anger,6,2,uncertainty / indecision,2.0,2.0,0.11055485159158707,0.1096753478050232,0.10529924184083939,0.05213114619255066,0.0008795037865638733,0.003067556768655777
joy,anger,6,3,romantic idealism,-2.0,-2.0,-0.00412786053493619,0.0803346037864685,-0.022089704871177673,-0.0029194806702435017,-0.0844624643214047,-0.033250309992581606
joy,anger,6,3,romantic idealism,-2.0,2.0,0.007217960897833109,0.0803346037864685,0.02987937442958355,-0.0029194806702435017,-0.0731166428886354,-0.04788902821019292
joy,anger,6,3,romantic idealism,2.0,-2.0,0.044964566826820374,0.06310756504535675,-0.022089704871177673,-0.0029194806702435017,-0.018142998218536377,0.024455636739730835
joy,anger,6,3,romantic idealism,2.0,2.0,0.03935997560620308,0.06310756504535675,0.02987937442958355,-0.0029194806702435017,-0.02374758943915367,-0.007133494131267071
joy,anger,6,4,academic ambition / competitive determination,-2.0,-2.0,0.028157083317637444,0.16426824033260345,0.08278192579746246,0.06545843183994293,-0.136111157014966,-0.09536799974739552
joy,anger,6,4,academic ambition / competitive determination,-2.0,2.0,0.09390730410814285,0.16426824033260345,0.04634569585323334,0.06545843183994293,-0.0703609362244606,-0.011399663984775543
joy,anger,6,4,academic ambition / competitive determination,2.0,-2.0,0.09370322525501251,0.06803785264492035,0.08278192579746246,0.06545843183994293,0.010921299457550049,0.018293336033821106
joy,anger,6,4,academic ambition / competitive determination,2.0,2.0,0.04395852982997894,0.06803785264492035,0.04634569585323334,0.06545843183994293,-0.024079322814941406,-0.0132332444190979
joy,anger,6,5,ironic amusement,-2.0,-2.0,-0.006321807391941547,0.1317630261182785,0.05788957327604294,0.11780129373073578,-0.13808483351022005,-0.10114810708910227
joy,anger,6,5,ironic amusement,-2.0,2.0,0.14047706127166748,0.1317630261182785,0.15203090012073517,0.11780129373073578,-0.011553838849067688,-0.0014199018478393555
joy,anger,6,5,ironic amusement,2.0,-2.0,0.12406645715236664,0.09423606842756271,0.05788957327604294,0.11780129373073578,0.029830388724803925,0.04800363630056381
joy,anger,6,5,ironic amusement,2.0,2.0,0.15885233879089355,0.09423606842756271,0.15203090012073517,0.11780129373073578,0.006821438670158386,0.035718854516744614
joy,anger,6,6,enthusiasm / curiosity,-2.0,-2.0,0.029082495719194412,0.24366001784801483,0.10315288603305817,0.0769282728433609,-0.21457752212882042,-0.1443239562213421
joy,anger,6,6,enthusiasm / curiosity,-2.0,2.0,0.12912100553512573,0.24366001784801483,0.12758389115333557,0.0769282728433609,-0.1145390123128891,-0.05650094896554947
joy,anger,6,6,enthusiasm / curiosity,2.0,-2.0,0.21250174939632416,0.1438835859298706,0.10315288603305817,0.0769282728433609,0.06861816346645355,0.08898351341485977
joy,anger,6,6,enthusiasm / curiosity,2.0,2.0,0.13635210692882538,0.1438835859298706,0.12758389115333557,0.0769282728433609,-0.007531479001045227,0.00061836838722229
joy,anger,7,0,self-doubt / encouragement,-2.0,-2.0,0.17884160578250885,0.2250956892967224,0.17709439992904663,0.2342257797718048,-0.04625408351421356,-0.02225343883037567
joy,anger,7,0,self-doubt / encouragement,-2.0,2.0,0.21877557039260864,0.2250956892967224,0.23229947686195374,0.2342257797718048,-0.013523906469345093,-0.009922012686729431
joy,anger,7,0,self-doubt / encouragement,2.0,-2.0,0.2939532399177551,0.22920849919319153,0.17709439992904663,0.2342257797718048,0.0647447407245636,0.09080179035663605
joy,anger,7,0,self-doubt / encouragement,2.0,2.0,0.23229947686195374,0.22920849919319153,0.23229947686195374,0.2342257797718048,0.0,0.0015454888343811035
joy,anger,7,1,frustration / despair,-2.0,-2.0,0.203616201877594,0.16625189781188965,0.19954128563404083,0.17508135735988617,0.004074916243553162,0.020719610154628754
joy,anger,7,1,frustration / despair,-2.0,2.0,0.1705329269170761,0.16625189781188965,0.16974753141403198,0.17508135735988617,0.0007853955030441284,0.0025332123041152954
joy,anger,7,1,frustration / despair,2.0,-2.0,0.34492677450180054,0.18515625596046448,0.19954128563404083,0.17508135735988617,0.1453854888677597,0.15257800370454788
joy,anger,7,1,frustration / despair,2.0,2.0,0.16974753141403198,0.18515625596046448,0.16974753141403198,0.17508135735988617,-0.015408724546432495,-0.0077043622732162476
joy,anger,7,2,uncertainty / indecision,-2.0,-2.0,0.2739603519439697,0.25709956884384155,0.2686428725719452,0.23814348876476288,0.005317479372024536,0.011089131236076355
joy,anger,7,2,uncertainty / indecision,-2.0,2.0,0.23344950377941132,0.25709956884384155,0.23722265660762787,0.23814348876476288,-0.023650065064430237,-0.013711608946323395
joy,anger,7,2,uncertainty / indecision,2.0,-2.0,0.39849424362182617,0.1843675971031189,0.2686428725719452,0.23814348876476288,0.12985137104988098,0.17198900878429413
joy,anger,7,2,uncertainty / indecision,2.0,2.0,0.23722265660762787,0.1843675971031189,0.23722265660762787,0.23814348876476288,0.0,0.026427529752254486
joy,anger,7,3,romantic idealism,-2.0,-2.0,0.14325980842113495,0.10998430848121643,0.1467004418373108,0.04391293227672577,-0.0034406334161758423,0.014917433261871338
joy,anger,7,3,romantic idealism,-2.0,2.0,0.045206524431705475,0.10998430848121643,0.038350753486156464,0.04391293227672577,-0.06477778404951096,-0.028961006551980972
joy,anger,7,3,romantic idealism,2.0,-2.0,0.17476359009742737,0.05696609616279602,0.1467004418373108,0.04391293227672577,0.028063148260116577,0.07293032109737396
joy,anger,7,3,romantic idealism,2.0,2.0,0.038350753486156464,0.05696609616279602,0.038350753486156464,0.04391293227672577,-0.018615342676639557,-0.009307671338319778
joy,anger,7,4,academic ambition / competitive determination,-2.0,-2.0,0.11342181265354156,0.1628682017326355,0.10012609511613846,0.09760971367359161,-0.04944638907909393,-0.018075335770845413
joy,anger,7,4,academic ambition / competitive determination,-2.0,2.0,0.09034328907728195,0.1628682017326355,0.07920511811971664,0.09760971367359161,-0.07252491265535355,-0.03069337084889412
joy,anger,7,4,academic ambition / competitive determination,2.0,-2.0,0.2899567782878876,0.08817785233259201,0.10012609511613846,0.09760971367359161,0.18983068317174911,0.19580480456352234
joy,anger,7,4,academic ambition / competitive determination,2.0,2.0,0.07920511811971664,0.08817785233259201,0.07920511811971664,0.09760971367359161,-0.008972734212875366,-0.004486367106437683
joy,anger,7,5,ironic amusement,-2.0,-2.0,0.17515337467193604,0.16764648258686066,0.17773398756980896,0.1656855195760727,-0.002580612897872925,0.002463139593601227
joy,anger,7,5,ironic amusement,-2.0,2.0,0.16504310071468353,0.16764648258686066,0.1601494550704956,0.1656855195760727,-0.002603381872177124,0.0011451318860054016
joy,anger,7,5,ironic amusement,2.0,-2.0,0.2867128849029541,0.18527035415172577,0.17773398756980896,0.1656855195760727,0.10144253075122833,0.10521071404218674
joy,anger,7,5,ironic amusement,2.0,2.0,0.1601494550704956,0.18527035415172577,0.1601494550704956,0.1656855195760727,-0.025120899081230164,-0.012560449540615082
joy,anger,7,6,enthusiasm / curiosity,-2.0,-2.0,0.18781030178070068,0.2183898538351059,0.18728438019752502,0.21326756477355957,-0.030579552054405212,-0.015026815235614777
joy,anger,7,6,enthusiasm / curiosity,-2.0,2.0,0.1956779658794403,0.2183898538351059,0.18270906805992126,0.21326756477355957,-0.02271188795566559,-0.004871495068073273
joy,anger,7,6,enthusiasm / curiosity,2.0,-2.0,0.3336951732635498,0.145801842212677,0.18728438019752502,0.21326756477355957,0.14641079306602478,0.1671520620584488
joy,anger,7,6,enthusiasm / curiosity,2.0,2.0,0.18270906805992126,0.145801842212677,0.18270906805992126,0.21326756477355957,0.0,0.01845361292362213
joy,sadness,0,0,self-doubt / encouragement,-2.0,-2.0,0.18583425879478455,0.2416723072528839,0.21910753846168518,0.2579997777938843,-0.055838048458099365,-0.0445556640625
joy,sadness,0,0,self-doubt / encouragement,-2.0,2.0,0.2510764002799988,0.2416723072528839,0.20574110746383667,0.2579997777938843,0.009404093027114868,0.02736969292163849
joy,sadness,0,0,self-doubt / encouragement,2.0,-2.0,0.20681051909923553,0.21378503739833832,0.21910753846168518,0.2579997777938843,-0.012297019362449646,-0.009635768830776215
joy,sadness,0,0,self-doubt / encouragement,2.0,2.0,0.19291231036186218,0.21378503739833832,0.20574110746383667,0.2579997777938843,-0.020872727036476135,-0.01685076206922531
joy,sadness,0,1,frustration / despair,-2.0,-2.0,0.15250656008720398,0.08709858357906342,0.12772433459758759,0.1789245754480362,0.024782225489616394,0.04509510099887848
joy,sadness,0,1,frustration / despair,-2.0,2.0,0.179714173078537,0.08709858357906342,0.13150855898857117,0.1789245754480362,0.04820561408996582,0.0704106017947197
joy,sadness,0,1,frustration / despair,2.0,-2.0,0.1862412542104721,0.19184617698192596,0.12772433459758759,0.1789245754480362,-0.005604922771453857,0.026455998420715332
joy,sadness,0,1,frustration / despair,2.0,2.0,0.09929542988538742,0.19184617698192596,0.13150855898857117,0.1789245754480362,-0.09255074709653854,-0.062381938099861145
joy,sadness,0,2,uncertainty / indecision,-2.0,-2.0,0.21103651821613312,0.23395304381847382,0.1751219928264618,0.29390186071395874,-0.022916525602340698,0.006498999893665314
joy,sadness,0,2,uncertainty / indecision,-2.0,2.0,0.3690183460712433,0.23395304381847382,0.17589536309242249,0.29390186071395874,0.13506530225276947,0.16409414261579514
joy,sadness,0,2,uncertainty / indecision,2.0,-2.0,0.249135360121727,0.2423609495162964,0.1751219928264618,0.29390186071395874,0.006774410605430603,0.0403938889503479
joy,sadness,0,2,uncertainty / indecision,2.0,2.0,0.17994020879268646,0.2423609495162964,0.17589536309242249,0.29390186071395874,-0.062420740723609924,-0.029187947511672974
joy,sadness,0,3,romantic idealism,-2.0,-2.0,0.1567460596561432,0.10707913339138031,0.17284753918647766,0.09816206246614456,-0.016101479530334473,0.016782723367214203
joy,sadness,0,3,romantic idealism,-2.0,2.0,0.16223876178264618,0.10707913339138031,0.1140536516904831,0.09816206246614456,0.048185110092163086,0.05167236924171448
joy,sadness,0,3,romantic idealism,2.0,-2.0,0.05775831639766693,0.06062449514865875,0.17284753918647766,0.09816206246614456,-0.11508922278881073,-0.058977700769901276
joy,sadness,0,3,romantic idealism,2.0,2.0,0.11359402537345886,0.06062449514865875,0.1140536516904831,0.09816206246614456,-0.00045962631702423096,0.02625495195388794
joy,sadness,0,4,academic ambition / competitive determination,-2.0,-2.0,0.1853683739900589,0.12080076336860657,0.18714283406734467,0.1298098862171173,-0.0017744600772857666,0.03139657527208328
joy,sadness,0,4,academic ambition / competitive determination,-2.0,2.0,0.11415120959281921,0.12080076336860657,0.09963010996580124,0.1298098862171173,-0.0066495537757873535,0.003935772925615311
joy,sadness,0,4,academic ambition / competitive determination,2.0,-2.0,0.11653720587491989,0.1157606989145279,0.18714283406734467,0.1298098862171173,-0.07060562819242477,-0.03491456061601639
joy,sadness,0,4,academic ambition / competitive determination,2.0,2.0,0.093934066593647,0.1157606989145279,0.09963010996580124,0.1298098862171173,-0.02182663232088089,-0.013761337846517563
joy,sadness,0,5,ironic amusement,-2.0,-2.0,0.16585604846477509,0.1366986185312271,0.1604740470647812,0.1419863998889923,0.0053820013999938965,0.017269715666770935
joy,sadness,0,5,ironic amusement,-2.0,2.0,0.16073618829250336,0.1366986185312271,0.1658262461423874,0.1419863998889923,-0.005090057849884033,0.009473755955696106
joy,sadness,0,5,ironic amusement,2.0,-2.0,0.11840344220399857,0.1250118464231491,0.1604740470647812,0.1419863998889923,-0.04207060486078262,-0.024339504539966583
joy,sadness,0,5,ironic amusement,2.0,2.0,0.13982026278972626,0.1250118464231491,0.1658262461423874,0.1419863998889923,-0.026005983352661133,-0.005598783493041992
joy,sadness,0,6,enthusiasm / curiosity,-2.0,-2.0,0.21673035621643066,0.14777284860610962,0.21162952482700348,0.18679481744766235,0.005100831389427185,0.037029169499874115
joy,sadness,0,6,enthusiasm / curiosity,-2.0,2.0,0.2222718894481659,0.14777284860610962,0.16992828249931335,0.18679481744766235,0.05234360694885254,0.0634213238954544
joy,sadness,0,6,enthusiasm / curiosity,2.0,-2.0,0.1550193876028061,0.1549644023180008,0.21162952482700348,0.18679481744766235,-0.05661013722419739,-0.028277575969696045
joy,sadness,0,6,enthusiasm / curiosity,2.0,2.0,0.1999727040529251,0.1549644023180008,0.16992828249931335,0.18679481744766235,0.030044421553611755,0.037526361644268036
joy,sadness,1,0,self-doubt / encouragement,-2.0,-2.0,0.10613485425710678,0.13949938118457794,0.13395480811595917,0.08845274150371552,-0.03336452692747116,-0.030592240393161774
joy,sadness,1,0,self-doubt / encouragement,-2.0,2.0,0.15903444588184357,0.13949938118457794,0.14395447075366974,0.08845274150371552,0.015079975128173828,0.017307519912719727
joy,sadness,1,0,self-doubt / encouragement,2.0,-2.0,0.07288808375597,0.09728923439979553,0.13395480811595917,0.08845274150371552,-0.061066724359989166,-0.04273393750190735
joy,sadness,1,0,self-doubt / encouragement,2.0,2.0,0.17542564868927002,0.09728923439979553,0.14395447075366974,0.08845274150371552,0.03147117793560028,0.054803796112537384
joy,sadness,1,1,frustration / despair,-2.0,-2.0,0.07667402178049088,0.1093488484621048,0.12557266652584076,0.12093593180179596,-0.048898644745349884,-0.0407867357134819
joy,sadness,1,1,frustration / despair,-2.0,2.0,0.14340797066688538,0.1093488484621048,0.16743546724319458,0.12093593180179596,-0.024027496576309204,0.005015812814235687
joy,sadness,1,1,frustration / despair,2.0,-2.0,0.07803551852703094,0.14753183722496033,0.12557266652584076,0.12093593180179596,-0.06949631869792938,-0.0585167333483696
joy,sadness,1,1,frustration / despair,2.0,2.0,0.1533704698085785,0.14753183722496033,0.16743546724319458,0.12093593180179596,-0.014064997434616089,-0.004113182425498962
joy,sadness,1,2,uncertainty / indecision,-2.0,-2.0,0.12040098011493683,0.13900555670261383,0.17044955492019653,0.1579023152589798,-0.050048574805259705,-0.03432657569646835
joy,sadness,1,2,uncertainty / indecision,-2.0,2.0,0.1959492266178131,0.13900555670261383,0.18715566396713257,0.1579023152589798,0.008793562650680542,0.03286861628293991
joy,sadness,1,2,uncertainty / indecision,2.0,-2.0,0.12858089804649353,0.20171605050563812,0.17044955492019653,0.1579023152589798,-0.07313515245914459,-0.0575019046664238
joy,sadness,1,2,uncertainty / indecision,2.0,2.0,0.19595445692539215,0.20171605050563812,0.18715566396713257,0.1579023152589798,-0.005761593580245972,0.0015185996890068054
joy,sadness,1,3,romantic idealism,-2.0,-2.0,0.029939904808998108,0.0101500004529953,0.07622798532247543,-0.006807968486100435,-0.046288080513477325,-0.013249088078737259
joy,sadness,1,3,romantic idealism,-2.0,2.0,0.04071981832385063,0.0101500004529953,0.055248819291591644,-0.006807968486100435,-0.014529000967741013,0.00802040845155716
joy,sadness,1,3,romantic idealism,2.0,-2.0,-0.0023349467664957047,0.03883875906467438,0.07622798532247543,-0.006807968486100435,-0.07856293208897114,-0.05986831896007061
joy,sadness,1,3,romantic idealism,2.0,2.0,0.09973505884408951,0.03883875906467438,0.055248819291591644,-0.006807968486100435,0.044486239552497864,0.0526912696659565
joy,sadness,1,4,academic ambition / competitive determination,-2.0,-2.0,0.040240328758955,0.08028964698314667,0.07298698276281357,0.07018128782510757,-0.040049318224191666,-0.036397986114025116
joy,sadness,1,4,academic ambition / competitive determination,-2.0,2.0,0.1530214250087738,0.08028964698314667,0.16393323242664337,0.07018128782510757,-0.010911807417869568,0.030909985303878784
joy,sadness,1,4,academic ambition / competitive determination,2.0,-2.0,0.08453324437141418,0.10244415700435638,0.07298698276281357,0.07018128782510757,-0.0179109126329422,-0.0031823255121707916
joy,sadness,1,4,academic ambition / competitive determination,2.0,2.0,0.11199105530977249,0.10244415700435638,0.16393323242664337,0.07018128782510757,-0.05194217711687088,-0.021197639405727386
joy,sadness,1,5,ironic amusement,-2.0,-2.0,0.10853258520364761,0.12814021110534668,0.09059520810842514,0.1118372306227684,-0.019607625901699066,-0.0008351244032382965
joy,sadness,1,5,ironic amusement,-2.0,2.0,0.12694379687309265,0.12814021110534668,0.13841795921325684,0.1118372306227684,-0.011474162340164185,-0.0063352882862091064
joy,sadness,1,5,ironic amusement,2.0,-2.0,0.09789575636386871,0.1245109885931015,0.09059520810842514,0.1118372306227684,-0.026615232229232788,-0.009657341986894608
joy,sadness,1,5,ironic amusement,2.0,2.0,0.15441951155662537,0.1245109885931015,0.13841795921325684,0.1118372306227684,0.01600155234336853,0.022955037653446198
joy,sadness,1,6,enthusiasm / curiosity,-2.0,-2.0,0.13570238649845123,0.14583031833171844,0.1432448923587799,0.10050424188375473,-0.010127931833267212,-0.008835218846797943
joy,sadness,1,6,enthusiasm / curiosity,-2.0,2.0,0.18986764550209045,0.14583031833171844,0.1818237006664276,0.10050424188375473,0.008043944835662842,0.026040636003017426
joy,sadness,1,6,enthusiasm / curiosity,2.0,-2.0,0.11526866257190704,0.12277855724096298,0.1432448923587799,0.10050424188375473,-0.027976229786872864,-0.0177430622279644
joy,sadness,1,6,enthusiasm / curiosity,2.0,2.0,0.23344308137893677,0.12277855724096298,0.1818237006664276,0.10050424188375473,0.051619380712509155,0.08114195242524147
joy,sadness,2,0,self-doubt / encouragement,-2.0,-2.0,0.12475702911615372,0.1353772133588791,0.13840483129024506,0.11809313297271729,-0.013647802174091339,-0.012133993208408356
joy,sadness,2,0,self-doubt / encouragement,-2.0,2.0,0.16668464243412018,0.1353772133588791,0.15972189605236053,0.11809313297271729,0.0069627463817596436,0.019135087728500366
joy,sadness,2,0,self-doubt / encouragement,2.0,-2.0,0.13840483129024506,0.17355890572071075,0.13840483129024506,0.11809313297271729,-0.0351540744304657,-0.01757703721523285
joy,sadness,2,0,self-doubt / encouragement,2.0,2.0,0.18751998245716095,0.17355890572071075,0.15972189605236053,0.11809313297271729,0.013961076736450195,0.020879581570625305
joy,sadness,2,1,frustration / despair,-2.0,-2.0,0.08624531328678131,0.0777725800871849,0.08268659561872482,0.08123224973678589,0.003558717668056488,0.0060157254338264465
joy,sadness,2,1,frustration / despair,-2.0,2.0,0.09170220047235489,0.0777725800871849,0.08316762745380402,0.08123224973678589,0.008534573018550873,0.011232096701860428
joy,sadness,2,1,frustration / despair,2.0,-2.0,0.08268659561872482,0.03188755363225937,0.08268659561872482,0.08123224973678589,0.0,0.025399520993232727
joy,sadness,2,1,frustration / despair,2.0,2.0,0.08135329931974411,0.03188755363225937,0.08316762745380402,0.08123224973678589,-0.001814328134059906,0.023825708776712418
joy,sadness,2,2,uncertainty / indecision,-2.0,-2.0,0.16011269390583038,0.1824788749217987,0.17273148894309998,0.16268309950828552,-0.022366181015968323,-0.017492488026618958
joy,sadness,2,2,uncertainty / indecision,-2.0,2.0,0.1928250938653946,0.1824788749217987,0.12816178798675537,0.16268309950828552,0.010346218943595886,0.037504762411117554
joy,sadness,2,2,uncertainty / indecision,2.0,-2.0,0.17273148894309998,0.07981067895889282,0.17273148894309998,0.16268309950828552,0.0,0.04646040499210358
joy,sadness,2,2,uncertainty / indecision,2.0,2.0,0.11129643023014069,0.07981067895889282,0.12816178798675537,0.16268309950828552,-0.016865357756614685,0.007310196757316589
joy,sadness,2,3,romantic idealism,-2.0,-2.0,0.03969342261552811,0.09406162798404694,0.08000317215919495,0.08184073120355606,-0.05436820536851883,-0.047338977456092834
joy,sadness,2,3,romantic idealism,-2.0,2.0,0.062046509236097336,0.09406162798404694,0.15891389548778534,0.08184073120355606,-0.096867386251688,-0.0644412524998188
joy,sadness,2,3,romantic idealism,2.0,-2.0,0.08000317215919495,0.11961069703102112,0.08000317215919495,0.08184073120355606,-0.03960752487182617,-0.019803762435913086
joy,sadness,2,3,romantic idealism,2.0,2.0,0.1941169649362564,0.11961069703102112,0.15891389548778534,0.08184073120355606,0.03520306944847107,0.05485466867685318
joy,sadness,2,4,academic ambition / competitive determination,-2.0,-2.0,0.18313808739185333,0.2683221697807312,0.18378295004367828,0.22492694854736328,-0.08518408238887787,-0.04291447252035141
joy,sadness,2,4,academic ambition / competitive determination,-2.0,2.0,0.3098944127559662,0.2683221697807312,0.14244550466537476,0.22492694854736328,0.041572242975234985,0.10451057553291321
joy,sadness,2,4,academic ambition / competitive determination,2.0,-2.0,0.18378295004367828,0.08078934252262115,0.18378295004367828,0.22492694854736328,0.0,0.051496803760528564
joy,sadness,2,4,academic ambition / competitive determination,2.0,2.0,0.10134225338697433,0.08078934252262115,0.14244550466537476,0.22492694854736328,-0.04110325127840042,-0.01027517020702362
joy,sadness,2,5,ironic amusement,-2.0,-2.0,0.057710036635398865,0.06266959011554718,0.061446163803339005,0.0756302997469902,-0.004959553480148315,-0.004347840324044228
joy,sadness,2,5,ironic amusement,-2.0,2.0,0.06442040205001831,0.06266959011554718,0.10723700374364853,0.0756302997469902,-0.04281660169363022,-0.020532894879579544
joy,sadness,2,5,ironic amusement,2.0,-2.0,0.061446163803339005,0.1405269056558609,0.061446163803339005,0.0756302997469902,-0.0790807418525219,-0.03954037092626095
joy,sadness,2,5,ironic amusement,2.0,2.0,0.17090314626693726,0.1405269056558609,0.10723700374364853,0.0756302997469902,0.030376240611076355,0.04702119156718254
joy,sadness,2,6,enthusiasm / curiosity,-2.0,-2.0,0.12709884345531464,0.1866932213306427,0.14638909697532654,0.16488052904605865,-0.059594377875328064,-0.03944231569766998
joy,sadness,2,6,enthusiasm / curiosity,-2.0,2.0,0.2197360098361969,0.1866932213306427,0.1904628574848175,0.16488052904605865,0.029273152351379395,0.031157970428466797
joy,sadness,2,6,enthusiasm / curiosity,2.0,-2.0,0.14638909697532654,0.2852917015552521,0.14638909697532654,0.16488052904605865,-0.13890260457992554,-0.06945130228996277
joy,sadness,2,6,enthusiasm / curiosity,2.0,2.0,0.26490652561187744,0.2852917015552521,0.1904628574848175,0.16488052904605865,-0.020385175943374634,0.02702924609184265
joy,sadness,3,0,self-doubt / encouragement,-2.0,-2.0,0.0778193399310112,0.15675240755081177,0.05511867254972458,0.05243324488401413,-0.07893306761980057,-0.028116200119256973
joy,sadness,3,0,self-doubt / encouragement,-2.0,2.0,0.10401805490255356,0.15675240755081177,0.052889883518218994,0.05243324488401413,-0.05273435264825821,-0.0008030906319618225
joy,sadness,3,0,self-doubt / encouragement,2.0,-2.0,0.042880695313215256,0.05590430647134781,0.05511867254972458,0.05243324488401413,-0.013023611158132553,-0.012630794197320938
joy,sadness,3,0,self-doubt / encouragement,2.0,2.0,0.04910089448094368,0.05590430647134781,0.052889883518218994,0.05243324488401413,-0.006803411990404129,-0.005296200513839722
joy,sadness,3,1,frustration / despair,-2.0,-2.0,0.061688825488090515,0.15172626078128815,0.08847526460886002,0.09356782585382462,-0.09003743529319763,-0.058411937206983566
joy,sadness,3,1,frustration / despair,-2.0,2.0,0.11730627715587616,0.15172626078128815,0.1057828888297081,0.09356782585382462,-0.03441998362541199,-0.011448297649621964
joy,sadness,3,1,frustration / despair,2.0,-2.0,0.03811127319931984,0.09127063304185867,0.08847526460886002,0.09356782585382462,-0.053159359842538834,-0.051761675626039505
joy,sadness,3,1,frustration / despair,2.0,2.0,0.08988445997238159,0.09127063304185867,0.1057828888297081,0.09356782585382462,-0.015898428857326508,-0.008642300963401794
joy,sadness,3,2,uncertainty / indecision,-2.0,-2.0,0.0981634259223938,0.20749326050281525,0.1204390898346901,0.12729161977767944,-0.10932983458042145,-0.06580274924635887
joy,sadness,3,2,uncertainty / indecision,-2.0,2.0,0.17566321790218353,0.20749326050281525,0.1571422666311264,0.12729161977767944,-0.031830042600631714,-0.0066545456647872925
joy,sadness,3,2,uncertainty / indecision,2.0,-2.0,0.07844221591949463,0.12994952499866486,0.1204390898346901,0.12729161977767944,-0.05150730907917023,-0.046752091497182846
joy,sadness,3,2,uncertainty / indecision,2.0,2.0,0.13143251836299896,0.12994952499866486,0.1571422666311264,0.12729161977767944,-0.02570974826812744,-0.012113377451896667
joy,sadness,3,3,romantic idealism,-2.0,-2.0,0.017416346818208694,0.04540790617465973,0.029474737122654915,0.030825095251202583,-0.027991559356451035,-0.020024974830448627
joy,sadness,3,3,romantic idealism,-2.0,2.0,0.026458077132701874,0.04540790617465973,0.04563329741358757,0.030825095251202583,-0.019175220280885696,-0.019062524661421776
joy,sadness,3,3,romantic idealism,2.0,-2.0,0.03317754715681076,0.03349827229976654,0.029474737122654915,0.030825095251202583,-0.00032072514295578003,0.0016910424456000328
joy,sadness,3,3,romantic idealism,2.0,2.0,0.053860798478126526,0.03349827229976654,0.04563329741358757,0.030825095251202583,0.008227501064538956,0.01429501362144947
joy,sadness,3,4,academic ambition / competitive determination,-2.0,-2.0,0.059309765696525574,0.11407603323459625,0.03374030068516731,0.0544109046459198,-0.05476626753807068,-0.014598401263356209
joy,sadness,3,4,academic ambition / competitive determination,-2.0,2.0,0.07140282541513443,0.11407603323459625,0.06478719413280487,0.0544109046459198,-0.04267320781946182,-0.01802878826856613
joy,sadness,3,4,academic ambition / competitive determination,2.0,-2.0,0.015532675199210644,0.0610361211001873,0.03374030068516731,0.0544109046459198,-0.04550344590097666,-0.03185553569346666
joy,sadness,3,4,academic ambition / competitive determination,2.0,2.0,0.054181359708309174,0.0610361211001873,0.06478719413280487,0.0544109046459198,-0.010605834424495697,-0.008730297908186913
joy,sadness,3,5,ironic amusement,-2.0,-2.0,0.12608808279037476,0.15578784048557281,0.13665291666984558,0.11290410161018372,-0.02969975769519806,-0.020132295787334442
joy,sadness,3,5,ironic amusement,-2.0,2.0,0.12211333960294724,0.15578784048557281,0.13265523314476013,0.11290410161018372,-0.03367450088262558,-0.02210819721221924
joy,sadness,3,5,ironic amusement,2.0,-2.0,0.07846929877996445,0.11829773336648941,0.13665291666984558,0.11290410161018372,-0.058183617889881134,-0.04900602623820305
joy,sadness,3,5,ironic amusement,2.0,2.0,0.092597097158432,0.11829773336648941,0.13265523314476013,0.11290410161018372,-0.040058135986328125,-0.032879386097192764
joy,sadness,3,6,enthusiasm / curiosity,-2.0,-2.0,0.13696786761283875,0.19195112586021423,0.12011595815420151,0.11533231288194656,-0.05498325824737549,-0.019065674394369125
joy,sadness,3,6,enthusiasm / curiosity,-2.0,2.0,0.18959005177021027,0.19195112586021423,0.1373119354248047,0.11533231288194656,-0.0023610740900039673,0.024958521127700806
joy,sadness,3,6,enthusiasm / curiosity,2.0,-2.0,0.11179949343204498,0.11223521083593369,0.12011595815420151,0.11533231288194656,-0.008316464722156525,-0.0043760910630226135
joy,sadness,3,6,enthusiasm / curiosity,2.0,2.0,0.10718431323766708,0.11223521083593369,0.1373119354248047,0.11533231288194656,-0.030127622187137604,-0.017589259892702103
joy,sadness,4,0,self-doubt / encouragement,-2.0,-2.0,0.05746904015541077,0.05941418185830116,0.10523014515638351,0.09420821070671082,-0.04776110500097275,-0.024853123351931572
joy,sadness,4,0,self-doubt / encouragement,-2.0,2.0,0.1606317013502121,0.05941418185830116,0.1351308673620224,0.09420821070671082,0.025500833988189697,0.06335917674005032
joy,sadness,4,0,self-doubt / encouragement,2.0,-2.0,0.10638906806707382,0.13900312781333923,0.10523014515638351,0.09420821070671082,-0.03261405974626541,-0.015727568417787552
joy,sadness,4,0,self-doubt / encouragement,2.0,2.0,0.1175493374466896,0.13900312781333923,0.1351308673620224,0.09420821070671082,-0.021453790366649628,-0.01951766014099121
joy,sadness,4,1,frustration / despair,-2.0,-2.0,0.038102827966213226,0.08119416236877441,0.0501016341149807,0.08754955232143402,-0.04309133440256119,-0.02754507027566433
joy,sadness,4,1,frustration / despair,-2.0,2.0,0.15386858582496643,0.08119416236877441,0.1290745586156845,0.08754955232143402,0.02479402720928192,0.04873422533273697
joy,sadness,4,1,frustration / despair,2.0,-2.0,0.05104774981737137,0.12460857629776001,0.0501016341149807,0.08754955232143402,-0.07356082648038864,-0.036307355388998985
joy,sadness,4,1,frustration / despair,2.0,2.0,0.0948234498500824,0.12460857629776001,0.1290745586156845,0.08754955232143402,-0.03425110876560211,-0.03201811760663986
joy,sadness,4,2,uncertainty / indecision,-2.0,-2.0,0.13881930708885193,0.14607946574687958,0.18351143598556519,0.1750241070985794,-0.04469212889671326,-0.025976143777370453
joy,sadness,4,2,uncertainty / indecision,-2.0,2.0,0.21781735122203827,0.14607946574687958,0.19595862925052643,0.1750241070985794,0.02185872197151184,0.046798303723335266
joy,sadness,4,2,uncertainty / indecision,2.0,-2.0,0.16913770139217377,0.2138528823852539,0.18351143598556519,0.1750241070985794,-0.04471518099308014,-0.02954445779323578
joy,sadness,4,2,uncertainty / indecision,2.0,2.0,0.18496660888195038,0.2138528823852539,0.19595862925052643,0.1750241070985794,-0.028886273503303528,-0.01993914693593979
joy,sadness,4,3,romantic idealism,-2.0,-2.0,0.06172497570514679,0.08024097234010696,0.04917928948998451,0.0778314620256424,-0.018515996634960175,-0.0029851552098989487
joy,sadness,4,3,romantic idealism,-2.0,2.0,0.11986576020717621,0.08024097234010696,0.11460842192173004,0.0778314620256424,0.005257338285446167,0.022441063076257706
joy,sadness,4,3,romantic idealism,2.0,-2.0,0.058679915964603424,0.14402733743190765,0.04917928948998451,0.0778314620256424,-0.08534742146730423,-0.03792339749634266
joy,sadness,4,3,romantic idealism,2.0,2.0,0.10289083421230316,0.14402733743190765,0.11460842192173004,0.0778314620256424,-0.04113650321960449,-0.026427045464515686
joy,sadness,4,4,academic ambition / competitive determination,-2.0,-2.0,0.0741858035326004,0.1558435708284378,0.07592451572418213,0.17608575522899628,-0.0816577672958374,-0.041698239743709564
joy,sadness,4,4,academic ambition / competitive determination,-2.0,2.0,0.18152737617492676,0.1558435708284378,0.1792849898338318,0.17608575522899628,0.0022423863410949707,0.013963095843791962
joy,sadness,4,4,academic ambition / competitive determination,2.0,-2.0,0.08750119060277939,0.1688574254512787,0.07592451572418213,0.17608575522899628,-0.0813562348484993,-0.03488977998495102
joy,sadness,4,4,academic ambition / competitive determination,2.0,2.0,0.1853165328502655,0.1688574254512787,0.1792849898338318,0.17608575522899628,0.006031543016433716,0.011245325207710266
joy,sadness,4,5,ironic amusement,-2.0,-2.0,0.046272944658994675,0.01961260847747326,0.0366157591342926,0.04792594164609909,0.009657185524702072,0.018158760853111744
joy,sadness,4,5,ironic amusement,-2.0,2.0,0.07978541404008865,0.01961260847747326,0.05390077829360962,0.04792594164609909,0.025884635746479034,0.043028720654547215
joy,sadness,4,5,ironic amusement,2.0,-2.0,0.03151959180831909,0.08999751508235931,0.0366157591342926,0.04792594164609909,-0.05847792327404022,-0.031787045300006866
joy,sadness,4,5,ironic amusement,2.0,2.0,0.0322800911962986,0.08999751508235931,0.05390077829360962,0.04792594164609909,-0.057717423886060715,-0.03966905549168587
joy,sadness,4,6,enthusiasm / curiosity,-2.0,-2.0,0.11164896935224533,0.0981014296412468,0.10710300505161285,0.12139500677585602,0.004545964300632477,0.009046752005815506
joy,sadness,4,6,enthusiasm / curiosity,-2.0,2.0,0.15418386459350586,0.0981014296412468,0.1333893984556198,0.12139500677585602,0.020794466137886047,0.038438450545072556
joy,sadness,4,6,enthusiasm / curiosity,2.0,-2.0,0.11354374885559082,0.18118581175804138,0.10710300505161285,0.12139500677585602,-0.06764206290245056,-0.030600659549236298
joy,sadness,4,6,enthusiasm / curiosity,2.0,2.0,0.12004807591438293,0.18118581175804138,0.1333893984556198,0.12139500677585602,-0.06113773584365845,-0.03723952919244766
joy,sadness,5,0,self-doubt / encouragement,-2.0,-2.0,0.18259236216545105,0.26273325085639954,0.12024502456188202,0.26054656505584717,-0.08014088869094849,-0.008896775543689728
joy,sadness,5,0,self-doubt / encouragement,-2.0,2.0,0.23817706108093262,0.26273325085639954,0.24933820962905884,0.26054656505584717,-0.02455618977546692,-0.01785866916179657
joy,sadness,5,0,self-doubt / encouragement,2.0,-2.0,0.12620809674263,0.18972086906433105,0.12024502456188202,0.26054656505584717,-0.06351277232170105,-0.028774850070476532
joy,sadness,5,0,self-doubt / encouragement,2.0,2.0,0.2640171945095062,0.18972086906433105,0.24933820962905884,0.26054656505584717,0.014678984880447388,0.04448765516281128
joy,sadness,5,1,frustration / despair,-2.0,-2.0,0.1284300684928894,0.1608516126871109,0.09634792059659958,0.18212664127349854,-0.0324215441942215,-0.00016969814896583557
joy,sadness,5,1,frustration / despair,-2.0,2.0,0.17628750205039978,0.1608516126871109,0.21430744230747223,0.18212664127349854,-0.03801994025707245,-0.011292025446891785
joy,sadness,5,1,frustration / despair,2.0,-2.0,0.11657127737998962,0.11690311878919601,0.09634792059659958,0.18212664127349854,-0.0003318414092063904,0.009945757687091827
joy,sadness,5,1,frustration / despair,2.0,2.0,0.3710125982761383,0.11690311878919601,0.21430744230747223,0.18212664127349854,0.15670515596866608,0.20540731772780418
joy,sadness,5,2,uncertainty / indecision,-2.0,-2.0,0.14143911004066467,0.2884429693222046,0.11853007972240448,0.32548990845680237,-0.14700385928153992,-0.06204741448163986
joy,sadness,5,2,uncertainty / indecision,-2.0,2.0,0.30494141578674316,0.2884429693222046,0.2926328480243683,0.32548990845680237,0.012308567762374878,0.014403507113456726
joy,sadness,5,2,uncertainty / indecision,2.0,-2.0,0.1440439224243164,0.233826145529747,0.11853007972240448,0.32548990845680237,-0.0897822231054306,-0.03213419020175934
joy,sadness,5,2,uncertainty / indecision,2.0,2.0,0.3418837785720825,0.233826145529747,0.2926328480243683,0.32548990845680237,0.04925093054771423,0.07865428179502487
joy,sadness,5,3,romantic idealism,-2.0,-2.0,0.04135914519429207,0.07068438082933426,0.03657589107751846,0.07388083636760712,-0.02932523563504219,-0.012270990759134293
joy,sadness,5,3,romantic idealism,-2.0,2.0,0.09322742372751236,0.07068438082933426,0.13794387876987457,0.07388083636760712,-0.04471645504236221,-0.011086706072092056
joy,sadness,5,3,romantic idealism,2.0,-2.0,0.0007874956354498863,0.08585479855537415,0.03657589107751846,0.07388083636760712,-0.08506730291992426,-0.06042784918099642
joy,sadness,5,3,romantic idealism,2.0,2.0,0.12158245593309402,0.08585479855537415,0.13794387876987457,0.07388083636760712,-0.016361422836780548,0.009683117270469666
joy,sadness,5,4,academic ambition / competitive determination,-2.0,-2.0,0.09859360754489899,0.22210119664669037,0.08595924079418182,0.2368214726448059,-0.12350758910179138,-0.05543661117553711
joy,sadness,5,4,academic ambition / competitive determination,-2.0,2.0,0.251936674118042,0.22210119664669037,0.18547025322914124,0.2368214726448059,0.029835477471351624,0.04815094918012619
joy,sadness,5,4,academic ambition / competitive determination,2.0,-2.0,0.12970894575119019,0.15735870599746704,0.08595924079418182,0.2368214726448059,-0.027649760246276855,0.008049972355365753
joy,sadness,5,4,academic ambition / competitive determination,2.0,2.0,0.20490765571594238,0.15735870599746704,0.18547025322914124,0.2368214726448059,0.019437402486801147,0.033493176102638245
joy,sadness,5,5,ironic amusement,-2.0,-2.0,0.13852640986442566,0.12021782249212265,0.1406036764383316,0.12936455011367798,-0.002077266573905945,0.008115660399198532
joy,sadness,5,5,ironic amusement,-2.0,2.0,0.1402817815542221,0.12021782249212265,0.18198274075984955,0.12936455011367798,-0.04170095920562744,-0.010818500071763992
joy,sadness,5,5,ironic amusement,2.0,-2.0,0.10843369364738464,0.13426126539707184,0.1406036764383316,0.12936455011367798,-0.03216998279094696,-0.028998777270317078
joy,sadness,5,5,ironic amusement,2.0,2.0,0.1541365087032318,0.13426126539707184,0.18198274075984955,0.12936455011367798,-0.027846232056617737,-0.003985494375228882
joy,sadness,5,6,enthusiasm / curiosity,-2.0,-2.0,0.2191055417060852,0.2232711911201477,0.19646111130714417,0.24971291422843933,-0.0041656494140625,0.00923939049243927
joy,sadness,5,6,enthusiasm / curiosity,-2.0,2.0,0.23270529508590698,0.2232711911201477,0.2829777002334595,0.24971291422843933,-0.05027240514755249,-0.020419150590896606
joy,sadness,5,6,enthusiasm / curiosity,2.0,-2.0,0.19374176859855652,0.2118896245956421,0.19646111130714417,0.24971291422843933,-0.01814785599708557,-0.010433599352836609
joy,sadness,5,6,enthusiasm / curiosity,2.0,2.0,0.2221262902021408,0.2118896245956421,0.2829777002334595,0.24971291422843933,-0.060851410031318665,-0.025307372212409973
joy,sadness,6,0,self-doubt / encouragement,-2.0,-2.0,0.11523862183094025,0.19330263137817383,0.10592321306467056,0.05740978196263313,-0.07806400954723358,-0.03437430039048195
joy,sadness,6,0,self-doubt / encouragement,-2.0,2.0,0.3420145511627197,0.19330263137817383,0.16461434960365295,0.05740978196263313,0.1487119197845459,0.16305606067180634
joy,sadness,6,0,self-doubt / encouragement,2.0,-2.0,0.11805088818073273,0.06423669308423996,0.10592321306467056,0.05740978196263313,0.012127675116062164,0.032970935106277466
joy,sadness,6,0,self-doubt / encouragement,2.0,2.0,0.14984767138957977,0.06423669308423996,0.16461434960365295,0.05740978196263313,-0.014766678214073181,0.035422150045633316
joy,sadness,6,1,frustration / despair,-2.0,-2.0,0.06691739708185196,0.1471332162618637,0.06250938773155212,0.018406767398118973,-0.08021581918001175,-0.03790390491485596
joy,sadness,6,1,frustration / despair,-2.0,2.0,0.1572020947933197,0.1471332162618637,0.08778852224349976,0.018406767398118973,0.010068878531455994,0.03974122554063797
joy,sadness,6,1,frustration / despair,2.0,-2.0,0.15919756889343262,0.0566629022359848,0.06250938773155212,0.018406767398118973,0.0966881811618805,0.09961142390966415
joy,sadness,6,1,frustration / despair,2.0,2.0,0.11603851616382599,0.0566629022359848,0.08778852224349976,0.018406767398118973,0.028249993920326233,0.04381280392408371
joy,sadness,6,2,uncertainty / indecision,-2.0,-2.0,0.17022469639778137,0.16749916970729828,0.16655130684375763,0.05213114619255066,0.0027255266904830933,0.003199458122253418
joy,sadness,6,2,uncertainty / indecision,-2.0,2.0,0.20748454332351685,0.16749916970729828,0.17354629933834076,0.05213114619255066,0.033938243985176086,0.03696180880069733
joy,sadness,6,2,uncertainty / indecision,2.0,-2.0,0.16658784449100494,0.1096753478050232,0.16655130684375763,0.05213114619255066,3.653764724731445e-05,0.028474517166614532
joy,sadness,6,2,uncertainty / indecision,2.0,2.0,0.17892980575561523,0.1096753478050232,0.17354629933834076,0.05213114619255066,0.005383506417274475,0.03731898218393326
joy,sadness,6,3,romantic idealism,-2.0,-2.0,0.0810234472155571,0.0803346037864685,0.09418299049139023,-0.0029194806702435017,-0.01315954327583313,-0.006235349923372269
joy,sadness,6,3,romantic idealism,-2.0,2.0,0.03595166280865669,0.0803346037864685,0.06623158603906631,-0.0029194806702435017,-0.04438294097781181,-0.03733143210411072
joy,sadness,6,3,romantic idealism,2.0,-2.0,-0.009121531620621681,0.06310756504535675,0.09418299049139023,-0.0029194806702435017,-0.10330452211201191,-0.08776680938899517
joy,sadness,6,3,romantic idealism,2.0,2.0,0.06286630034446716,0.06310756504535675,0.06623158603906631,-0.0029194806702435017,-0.0033652856945991516,-0.0018032751977443695
joy,sadness,6,4,academic ambition / competitive determination,-2.0,-2.0,0.014653699472546577,0.16426824033260345,0.15460970997810364,0.06545843183994293,-0.14961454086005688,-0.14478527568280697
joy,sadness,6,4,academic ambition / competitive determination,-2.0,2.0,0.13233201205730438,0.16426824033260345,0.05957423523068428,0.06545843183994293,-0.03193622827529907,0.020410774275660515
joy,sadness,6,4,academic ambition / competitive determination,2.0,-2.0,0.12975074350833893,0.06803785264492035,0.15460970997810364,0.06545843183994293,-0.02485896646976471,0.018426962196826935
joy,sadness,6,4,academic ambition / competitive determination,2.0,2.0,0.09003907442092896,0.06803785264492035,0.05957423523068428,0.06545843183994293,0.022001221776008606,0.02623303048312664
joy,sadness,6,5,ironic amusement,-2.0,-2.0,0.058441124856472015,0.1317630261182785,0.033849529922008514,0.11780129373073578,-0.07332190126180649,-0.024365153163671494
joy,sadness,6,5,ironic amusement,-2.0,2.0,0.13870035111904144,0.1317630261182785,0.09650914371013641,0.11780129373073578,0.0069373250007629395,0.024564266204833984
joy,sadness,6,5,ironic amusement,2.0,-2.0,0.09162399917840958,0.09423606842756271,0.033849529922008514,0.11780129373073578,-0.002612069249153137,0.027581200003623962
joy,sadness,6,5,ironic amusement,2.0,2.0,0.13699153065681458,0.09423606842756271,0.09650914371013641,0.11780129373073578,0.04048238694667816,0.04161892458796501
joy,sadness,6,6,enthusiasm / curiosity,-2.0,-2.0,0.07863115519285202,0.24366001784801483,0.22995397448539734,0.0769282728433609,-0.1650288626551628,-0.15817584097385406
joy,sadness,6,6,enthusiasm / curiosity,-2.0,2.0,0.2349851280450821,0.24366001784801483,0.20850883424282074,0.0769282728433609,-0.00867488980293274,0.008900701999664307
joy,sadness,6,6,enthusiasm / curiosity,2.0,-2.0,0.19541718065738678,0.1438835859298706,0.22995397448539734,0.0769282728433609,-0.03453679382801056,0.008498400449752808
joy,sadness,6,6,enthusiasm / curiosity,2.0,2.0,0.16743338108062744,0.1438835859298706,0.20850883424282074,0.0769282728433609,-0.0410754531621933,-0.008762829005718231
joy,sadness,7,0,self-doubt / encouragement,-2.0,-2.0,0.19889087975025177,0.2250956892967224,0.2939532399177551,0.2342257797718048,-0.09506236016750336,-0.060633584856987
joy,sadness,7,0,self-doubt / encouragement,-2.0,2.0,0.24377381801605225,0.2250956892967224,0.24377381801605225,0.2342257797718048,0.0,0.009339064359664917
joy,sadness,7,0,self-doubt / encouragement,2.0,-2.0,0.2939532399177551,0.22920849919319153,0.2939532399177551,0.2342257797718048,0.0,0.0323723703622818
joy,sadness,7,0,self-doubt / encouragement,2.0,2.0,0.2864917516708374,0.22920849919319153,0.24377381801605225,0.2342257797718048,0.042717933654785156,0.050000593066215515
joy,sadness,7,1,frustration / despair,-2.0,-2.0,0.17188748717308044,0.16625189781188965,0.34492677450180054,0.17508135735988617,-0.1730392873287201,-0.08370184898376465
joy,sadness,7,1,frustration / despair,-2.0,2.0,0.1797969937324524,0.16625189781188965,0.1797969937324524,0.17508135735988617,0.0,0.006772547960281372
joy,sadness,7,1,frustration / despair,2.0,-2.0,0.34492677450180054,0.18515625596046448,0.34492677450180054,0.17508135735988617,0.0,0.07988525927066803
joy,sadness,7,1,frustration / despair,2.0,2.0,0.1903279423713684,0.18515625596046448,0.1797969937324524,0.17508135735988617,0.005171686410903931,0.007851317524909973
joy,sadness,7,2,uncertainty / indecision,-2.0,-2.0,0.2467278689146042,0.25709956884384155,0.39849424362182617,0.23814348876476288,-0.15176637470722198,-0.08106903731822968
joy,sadness,7,2,uncertainty / indecision,-2.0,2.0,0.24837887287139893,0.25709956884384155,0.24837887287139893,0.23814348876476288,-0.008720695972442627,-0.0043603479862213135
joy,sadness,7,2,uncertainty / indecision,2.0,-2.0,0.39849424362182617,0.1843675971031189,0.39849424362182617,0.23814348876476288,0.0,0.10706332325935364
joy,sadness,7,2,uncertainty / indecision,2.0,2.0,0.22986555099487305,0.1843675971031189,0.24837887287139893,0.23814348876476288,-0.01851332187652588,0.013492316007614136
joy,sadness,7,3,romantic idealism,-2.0,-2.0,0.07644107192754745,0.10998430848121643,0.17476359009742737,0.04391293227672577,-0.09832251816987991,-0.06593287736177444
joy,sadness,7,3,romantic idealism,-2.0,2.0,0.04621066153049469,0.10998430848121643,0.04621066153049469,0.04391293227672577,-0.06377364695072174,-0.03188682347536087
joy,sadness,7,3,romantic idealism,2.0,-2.0,0.17476359009742737,0.05696609616279602,0.17476359009742737,0.04391293227672577,0.0,0.058898746967315674
joy,sadness,7,3,romantic idealism,2.0,2.0,0.08005379885435104,0.05696609616279602,0.04621066153049469,0.04391293227672577,0.023087702691555023,0.02846542000770569
joy,sadness,7,4,academic ambition / competitive determination,-2.0,-2.0,0.09628764539957047,0.1628682017326355,0.2899567782878876,0.09760971367359161,-0.1936691328883171,-0.13012484461069107
joy,sadness,7,4,academic ambition / competitive determination,-2.0,2.0,0.08829522132873535,0.1628682017326355,0.08829522132873535,0.09760971367359161,-0.07457298040390015,-0.03728649020195007
joy,sadness,7,4,academic ambition / competitive determination,2.0,-2.0,0.2899567782878876,0.08817785233259201,0.2899567782878876,0.09760971367359161,0.0,0.10088946297764778
joy,sadness,7,4,academic ambition / competitive determination,2.0,2.0,0.15239770710468292,0.08817785233259201,0.08829522132873535,0.09760971367359161,0.06410248577594757,0.06416117027401924
joy,sadness,7,5,ironic amusement,-2.0,-2.0,0.16463708877563477,0.16764648258686066,0.2867128849029541,0.1656855195760727,-0.12207579612731934,-0.06254259496927261
joy,sadness,7,5,ironic amusement,-2.0,2.0,0.1648683100938797,0.16764648258686066,0.1648683100938797,0.1656855195760727,-0.002778172492980957,-0.0013890862464904785
joy,sadness,7,5,ironic amusement,2.0,-2.0,0.2867128849029541,0.18527035415172577,0.2867128849029541,0.1656855195760727,0.0,0.050721265375614166
joy,sadness,7,5,ironic amusement,2.0,2.0,0.19448919594287872,0.18527035415172577,0.1648683100938797,0.1656855195760727,0.009218841791152954,0.01941986382007599
joy,sadness,7,6,enthusiasm / curiosity,-2.0,-2.0,0.16095119714736938,0.2183898538351059,0.3336951732635498,0.21326756477355957,-0.17274397611618042,-0.11509131640195847
joy,sadness,7,6,enthusiasm / curiosity,-2.0,2.0,0.1911958009004593,0.2183898538351059,0.1911958009004593,0.21326756477355957,-0.027194052934646606,-0.013597026467323303
joy,sadness,7,6,enthusiasm / curiosity,2.0,-2.0,0.3336951732635498,0.145801842212677,0.3336951732635498,0.21326756477355957,0.0,0.0939466655254364
joy,sadness,7,6,enthusiasm / curiosity,2.0,2.0,0.1955442875623703,0.145801842212677,0.1911958009004593,0.21326756477355957,0.004348486661911011,0.027045466005802155
