sweep,artifact,decomposer,k,seed,layer,category,target_norm,fit,lasso_alpha,r2,cosine,residual_l2,weight_l1,weight_l2,weight_l0
basis_sweep,ica_k008_seed0.pt,ica,8,0,19,anger,3.6211390495300293,ols,,0.6851621515318836,0.827745258808136,2.031836087697053,29.066631317138672,12.252847671508789,8
basis_sweep,ica_k008_seed0.pt,ica,8,0,19,anger,3.6211390495300293,nnls,,0.10268775869243241,0.32044930772391045,3.4301806913861186,4.414697143428308,3.151700856803983,2
basis_sweep,ica_k008_seed0.pt,ica,8,0,19,anger,3.6211390495300293,lasso,0.001,0.3575590664112024,0.7528083920478821,2.902430331554714,7.64565372467041,3.9235596656799316,5
basis_sweep,ica_k008_seed0.pt,ica,8,0,19,anger,3.6211390495300293,lasso,0.01,0.0,0.0,3.6211390487323056,0.0,0.0,0
basis_sweep,ica_k008_seed0.pt,ica,8,0,19,anger,3.6211390495300293,lasso,0.1,0.0,0.0,3.6211390487323056,0.0,0.0,0
basis_sweep,ica_k008_seed0.pt,ica,8,0,19,anticipation,4.50900411605835,ols,,0.8132407105117005,0.9017985463142395,1.9485955780683881,41.931983947753906,19.126941680908203,8
basis_sweep,ica_k008_seed0.pt,ica,8,0,19,anticipation,4.50900411605835,nnls,,0.05252703721459484,0.2291878422795302,4.388984216248454,4.02573377313305,2.793444797560692,3
basis_sweep,ica_k008_seed0.pt,ica,8,0,19,anticipation,4.50900411605835,lasso,0.001,0.39793786869005265,0.711047887802124,3.4986561511374052,8.852112770080566,6.951405048370361,4
basis_sweep,ica_k008_seed0.pt,ica,8,0,19,anticipation,4.50900411605835,lasso,0.01,0.0,0.0,4.5090038503705285,0.0,0.0,0
basis_sweep,ica_k008_seed0.pt,ica,8,0,19,anticipation,4.50900411605835,lasso,0.1,0.0,0.0,4.5090038503705285,0.0,0.0,0
basis_sweep,ica_k008_seed0.pt,ica,8,0,19,disgust,3.974813461303711,ols,,0.7866645539821085,0.886941134929657,1.835896722868303,28.17310333251953,13.16679859161377,8
basis_sweep,ica_k008_seed0.pt,ica,8,0,19,disgust,3.974813461303711,nnls,,0.2121055885631553,0.4605492515427238,3.5281801037345883,5.954911509011008,5.193096797895114,2
basis_sweep,ica_k008_seed0.pt,ica,8,0,19,disgust,3.974813461303711,lasso,0.001,0.5253675467506911,0.8297756910324097,2.7383909543600415,10.683050155639648,5.80657958984375,4
basis_sweep,ica_k008_seed0.pt,ica,8,0,19,disgust,3.974813461303711,lasso,0.01,0.0,0.0,3.9748133201668456,0.0,0.0,0
basis_sweep,ica_k008_seed0.pt,ica,8,0,19,disgust,3.974813461303711,lasso,0.1,0.0,0.0,3.9748133201668456,0.0,0.0,0
basis_sweep,ica_k008_seed0.pt,ica,8,0,19,fear,3.9300339221954346,ols,,0.7687344030094412,0.8767750263214111,1.8899565847143427,36.57145690917969,15.549072265625,8
basis_sweep,ica_k008_seed0.pt,ica,8,0,19,fear,3.9300339221954346,nnls,,0.08820198610333907,0.29698824195891044,3.75271542867887,4.440371646690824,3.1705602225138962,2
basis_sweep,ica_k008_seed0.pt,ica,8,0,19,fear,3.9300339221954346,lasso,0.001,0.31879989369842066,0.7726588249206543,3.243647602795064,7.942098140716553,3.8203492164611816,6
basis_sweep,ica_k008_seed0.pt,ica,8,0,19,fear,3.9300339221954346,lasso,0.01,0.0,0.0,3.930034038211871,0.0,0.0,0
basis_sweep,ica_k008_seed0.pt,ica,8,0,19,fear,3.9300339221954346,lasso,0.1,0.0,0.0,3.930034038211871,0.0,0.0,0
basis_sweep,ica_k008_seed0.pt,ica,8,0,19,joy,2.8518917560577393,ols,,0.5688586022554374,0.7542271018028259,1.8725907423698922,11.009044647216797,5.574807643890381,8
basis_sweep,ica_k008_seed0.pt,ica,8,0,19,joy,2.8518917560577393,nnls,,0.46101404251304123,0.6789801206434616,2.0937351037890224,7.972470763500789,5.092157746975391,4
basis_sweep,ica_k008_seed0.pt,ica,8,0,19,joy,2.8518917560577393,lasso,0.001,0.45216810531628093,0.7065160870552063,2.11084656424228,4.730892658233643,3.575089454650879,3
basis_sweep,ica_k008_seed0.pt,ica,8,0,19,joy,2.8518917560577393,lasso,0.01,0.0,0.0,2.851891569197703,0.0,0.0,0
basis_sweep,ica_k008_seed0.pt,ica,8,0,19,joy,2.8518917560577393,lasso,0.1,0.0,0.0,2.851891569197703,0.0,0.0,0
basis_sweep,ica_k008_seed0.pt,ica,8,0,19,sadness,4.420462131500244,ols,,0.8366896849165658,0.914707362651825,1.7863826086901813,41.322261810302734,17.16972541809082,8
basis_sweep,ica_k008_seed0.pt,ica,8,0,19,sadness,4.420462131500244,nnls,,0.09754101572905616,0.312315584682758,4.1993435903809075,4.826491636267717,3.8773499161780633,2
basis_sweep,ica_k008_seed0.pt,ica,8,0,19,sadness,4.420462131500244,lasso,0.001,0.4228011520333842,0.8151511549949646,3.358384381104271,10.986077308654785,5.58870267868042,6
basis_sweep,ica_k008_seed0.pt,ica,8,0,19,sadness,4.420462131500244,lasso,0.01,0.0,0.0,4.420462123136005,0.0,0.0,0
basis_sweep,ica_k008_seed0.pt,ica,8,0,19,sadness,4.420462131500244,lasso,0.1,0.0,0.0,4.420462123136005,0.0,0.0,0
basis_sweep,ica_k008_seed0.pt,ica,8,0,19,surprise,3.1134231090545654,ols,,0.6322571485943261,0.7951459884643555,1.8880360429523861,23.0631103515625,9.182595252990723,8
basis_sweep,ica_k008_seed0.pt,ica,8,0,19,surprise,3.1134231090545654,nnls,,0.09787441787413409,0.31284890812908306,2.9571384655820556,3.470422886061577,2.5434492540935554,2
basis_sweep,ica_k008_seed0.pt,ica,8,0,19,surprise,3.1134231090545654,lasso,0.001,0.37908188398361276,0.7246116995811462,2.4533263688748788,6.366695880889893,3.289824962615967,4
basis_sweep,ica_k008_seed0.pt,ica,8,0,19,surprise,3.1134231090545654,lasso,0.01,0.0,0.0,3.1134232281674894,0.0,0.0,0
basis_sweep,ica_k008_seed0.pt,ica,8,0,19,surprise,3.1134231090545654,lasso,0.1,0.0,0.0,3.1134232281674894,0.0,0.0,0
basis_sweep,ica_k008_seed0.pt,ica,8,0,19,trust,3.948798894882202,ols,,0.7486007883449374,0.8652172088623047,1.9799168286050197,29.383024215698242,14.798629760742188,8
basis_sweep,ica_k008_seed0.pt,ica,8,0,19,trust,3.948798894882202,nnls,,0.134367592961254,0.3665618047982126,3.673937337575324,5.995450417585867,3.8189968737180466,3
basis_sweep,ica_k008_seed0.pt,ica,8,0,19,trust,3.948798894882202,lasso,0.001,0.49174698909027437,0.8102121949195862,2.8151722398985486,10.125612258911133,6.580261707305908,3
basis_sweep,ica_k008_seed0.pt,ica,8,0,19,trust,3.948798894882202,lasso,0.01,0.0,0.0,3.948798665721612,0.0,0.0,0
basis_sweep,ica_k008_seed0.pt,ica,8,0,19,trust,3.948798894882202,lasso,0.1,0.0,0.0,3.948798665721612,0.0,0.0,0
basis_sweep,ica_k008_seed1.pt,ica,8,1,19,anger,3.6211390495300293,ols,,0.6851621515318836,0.8277453184127808,2.031836087697053,29.239059448242188,12.252843856811523,8
basis_sweep,ica_k008_seed1.pt,ica,8,1,19,anger,3.6211390495300293,nnls,,0.05750501261883312,0.23980202827969072,3.515480766688667,2.261514071087207,2.253671335844566,2
basis_sweep,ica_k008_seed1.pt,ica,8,1,19,anger,3.6211390495300293,lasso,0.001,0.3551243060893081,0.7497841715812683,2.9079250307769526,7.58866548538208,3.8834023475646973,5
basis_sweep,ica_k008_seed1.pt,ica,8,1,19,anger,3.6211390495300293,lasso,0.01,0.0,0.0,3.6211390487323056,0.0,0.0,0
basis_sweep,ica_k008_seed1.pt,ica,8,1,19,anger,3.6211390495300293,lasso,0.1,0.0,0.0,3.6211390487323056,0.0,0.0,0
basis_sweep,ica_k008_seed1.pt,ica,8,1,19,anticipation,4.50900411605835,ols,,0.8132407105117005,0.9017985463142395,1.9485955780683881,41.99094772338867,19.126934051513672,8
basis_sweep,ica_k008_seed1.pt,ica,8,1,19,anticipation,4.50900411605835,nnls,,0.007494030759531145,0.08656827306081614,4.492076770944045,1.0131353274533328,1.0131353274533328,1
basis_sweep,ica_k008_seed1.pt,ica,8,1,19,anticipation,4.50900411605835,lasso,0.001,0.3969933466924843,0.7106184959411621,3.501399441641407,8.84411907196045,6.940112590789795,4
basis_sweep,ica_k008_seed1.pt,ica,8,1,19,anticipation,4.50900411605835,lasso,0.01,0.0,0.0,4.5090038503705285,0.0,0.0,0
basis_sweep,ica_k008_seed1.pt,ica,8,1,19,anticipation,4.50900411605835,lasso,0.1,0.0,0.0,4.5090038503705285,0.0,0.0,0
basis_sweep,ica_k008_seed1.pt,ica,8,1,19,disgust,3.974813461303711,ols,,0.7866645690727125,0.886941134929657,1.8358966579358422,28.042264938354492,13.166800498962402,8
basis_sweep,ica_k008_seed1.pt,ica,8,1,19,disgust,3.974813461303711,nnls,,0.0656165452976174,0.25615733492144466,3.842194149658169,5.314752381436994,2.8159191417204688,4
basis_sweep,ica_k008_seed1.pt,ica,8,1,19,disgust,3.974813461303711,lasso,0.001,0.5255251831999324,0.8284791111946106,2.7379361750127784,10.646339416503906,5.783620834350586,4
basis_sweep,ica_k008_seed1.pt,ica,8,1,19,disgust,3.974813461303711,lasso,0.01,0.0,0.0,3.9748133201668456,0.0,0.0,0
basis_sweep,ica_k008_seed1.pt,ica,8,1,19,disgust,3.974813461303711,lasso,0.1,0.0,0.0,3.9748133201668456,0.0,0.0,0
basis_sweep,ica_k008_seed1.pt,ica,8,1,19,fear,3.9300339221954346,ols,,0.7687344030094412,0.8767750859260559,1.8899565847143427,36.51756286621094,15.549065589904785,8
basis_sweep,ica_k008_seed1.pt,ica,8,1,19,fear,3.9300339221954346,nnls,,0.030962213123471027,0.17596090333509426,3.8687143823699555,2.167940086102135,1.7825108602590178,2
basis_sweep,ica_k008_seed1.pt,ica,8,1,19,fear,3.9300339221954346,lasso,0.001,0.31862206577756,0.775575578212738,3.24407095377851,7.959364891052246,3.8007495403289795,6
basis_sweep,ica_k008_seed1.pt,ica,8,1,19,fear,3.9300339221954346,lasso,0.01,0.0,0.0,3.930034038211871,0.0,0.0,0
basis_sweep,ica_k008_seed1.pt,ica,8,1,19,fear,3.9300339221954346,lasso,0.1,0.0,0.0,3.930034038211871,0.0,0.0,0
basis_sweep,ica_k008_seed1.pt,ica,8,1,19,joy,2.8518917560577393,ols,,0.5688586022554374,0.7542269825935364,1.8725907423698922,11.152190208435059,5.574806213378906,8
basis_sweep,ica_k008_seed1.pt,ica,8,1,19,joy,2.8518917560577393,nnls,,0.15215105324516986,0.39006545019457917,2.625985065432554,5.7529721190072145,3.4873801492253986,4
basis_sweep,ica_k008_seed1.pt,ica,8,1,19,joy,2.8518917560577393,lasso,0.001,0.4517537822007681,0.7064839601516724,2.111644625871138,4.740878105163574,3.574226140975952,3
basis_sweep,ica_k008_seed1.pt,ica,8,1,19,joy,2.8518917560577393,lasso,0.01,0.0,0.0,2.851891569197703,0.0,0.0,0
basis_sweep,ica_k008_seed1.pt,ica,8,1,19,joy,2.8518917560577393,lasso,0.1,0.0,0.0,2.851891569197703,0.0,0.0,0
basis_sweep,ica_k008_seed1.pt,ica,8,1,19,sadness,4.420462131500244,ols,,0.8366896727153039,0.9147074818611145,1.7863826754224068,41.27705001831055,17.169719696044922,8
basis_sweep,ica_k008_seed1.pt,ica,8,1,19,sadness,4.420462131500244,nnls,,0.11554749859126856,0.33992279598432373,4.157238407274892,4.822234313633807,3.8678922172608994,2
basis_sweep,ica_k008_seed1.pt,ica,8,1,19,sadness,4.420462131500244,lasso,0.001,0.4227446357884289,0.8160218000411987,3.358548794658716,10.998167037963867,5.559442043304443,6
basis_sweep,ica_k008_seed1.pt,ica,8,1,19,sadness,4.420462131500244,lasso,0.01,0.0,0.0,4.420462123136005,0.0,0.0,0
basis_sweep,ica_k008_seed1.pt,ica,8,1,19,sadness,4.420462131500244,lasso,0.1,0.0,0.0,4.420462123136005,0.0,0.0,0
basis_sweep,ica_k008_seed1.pt,ica,8,1,19,surprise,3.1134231090545654,ols,,0.6322571485943261,0.7951459884643555,1.8880360429523861,23.118581771850586,9.182596206665039,8
basis_sweep,ica_k008_seed1.pt,ica,8,1,19,surprise,3.1134231090545654,nnls,,0.3081365619971407,0.5551005310111656,2.589693409299089,13.111765878064642,6.223529774114818,5
basis_sweep,ica_k008_seed1.pt,ica,8,1,19,surprise,3.1134231090545654,lasso,0.001,0.3776678130679515,0.7244556546211243,2.4561183670919657,6.360682487487793,3.2643179893493652,4
basis_sweep,ica_k008_seed1.pt,ica,8,1,19,surprise,3.1134231090545654,lasso,0.01,0.0,0.0,3.1134232281674894,0.0,0.0,0
basis_sweep,ica_k008_seed1.pt,ica,8,1,19,surprise,3.1134231090545654,lasso,0.1,0.0,0.0,3.1134232281674894,0.0,0.0,0
basis_sweep,ica_k008_seed1.pt,ica,8,1,19,trust,3.948798894882202,ols,,0.7486007883449374,0.8652172088623047,1.9799168286050197,29.26270294189453,14.798629760742188,8
basis_sweep,ica_k008_seed1.pt,ica,8,1,19,trust,3.948798894882202,nnls,,0.03913556210079305,0.19782703791363146,3.870758279187087,2.282492935515705,1.9653166481672213,3
basis_sweep,ica_k008_seed1.pt,ica,8,1,19,trust,3.948798894882202,lasso,0.001,0.49339801327877253,0.8114443421363831,2.810596075946173,10.156444549560547,6.61285400390625,3
basis_sweep,ica_k008_seed1.pt,ica,8,1,19,trust,3.948798894882202,lasso,0.01,0.0,0.0,3.948798665721612,0.0,0.0,0
basis_sweep,ica_k008_seed1.pt,ica,8,1,19,trust,3.948798894882202,lasso,0.1,0.0,0.0,3.948798665721612,0.0,0.0,0
basis_sweep,ica_k016_seed0.pt,ica,16,0,19,anger,3.6211390495300293,ols,,0.8458441869760942,0.9196978211402893,1.4217562783110866,39.71706771850586,12.558794021606445,16
basis_sweep,ica_k016_seed0.pt,ica,16,0,19,anger,3.6211390495300293,nnls,,0.390990058578771,0.6252919786627699,2.825903925578845,13.840430514998266,5.2040946543022875,9
basis_sweep,ica_k016_seed0.pt,ica,16,0,19,anger,3.6211390495300293,lasso,0.001,0.3690230296020076,0.6727187037467957,2.8764177226900256,6.274513244628906,3.397231101989746,7
basis_sweep,ica_k016_seed0.pt,ica,16,0,19,anger,3.6211390495300293,lasso,0.01,0.0,0.0,3.6211390487323056,0.0,0.0,0
basis_sweep,ica_k016_seed0.pt,ica,16,0,19,anger,3.6211390495300293,lasso,0.1,0.0,0.0,3.6211390487323056,0.0,0.0,0
basis_sweep,ica_k016_seed0.pt,ica,16,0,19,anticipation,4.50900411605835,ols,,0.8884978436791702,0.9426016211509705,1.5056437970132568,52.403900146484375,19.274154663085938,16
basis_sweep,ica_k016_seed0.pt,ica,16,0,19,anticipation,4.50900411605835,nnls,,0.15339830893894146,0.39166098463547927,4.148777766036505,11.695916975641872,4.448009552681407,8
basis_sweep,ica_k016_seed0.pt,ica,16,0,19,anticipation,4.50900411605835,lasso,0.001,0.396247054232149,0.7369776368141174,3.5035654708169477,9.551039695739746,6.070528507232666,5
basis_sweep,ica_k016_seed0.pt,ica,16,0,19,anticipation,4.50900411605835,lasso,0.01,0.0,0.0,4.5090038503705285,0.0,0.0,0
basis_sweep,ica_k016_seed0.pt,ica,16,0,19,anticipation,4.50900411605835,lasso,0.1,0.0,0.0,4.5090038503705285,0.0,0.0,0
basis_sweep,ica_k016_seed0.pt,ica,16,0,19,disgust,3.974813461303711,ols,,0.8981869922011758,0.9477272629737854,1.2682894223081373,42.25544738769531,13.425862312316895,16
basis_sweep,ica_k016_seed0.pt,ica,16,0,19,disgust,3.974813461303711,nnls,,0.4060638828377464,0.6372314286011551,3.0632793569258157,16.240268703052415,6.408137453657137,8
basis_sweep,ica_k016_seed0.pt,ica,16,0,19,disgust,3.974813461303711,lasso,0.001,0.42663370878756046,0.7914173603057861,3.0097665755798304,9.562295913696289,3.849727153778076,8
basis_sweep,ica_k016_seed0.pt,ica,16,0,19,disgust,3.974813461303711,lasso,0.01,0.0,0.0,3.9748133201668456,0.0,0.0,0
basis_sweep,ica_k016_seed0.pt,ica,16,0,19,disgust,3.974813461303711,lasso,0.1,0.0,0.0,3.9748133201668456,0.0,0.0,0
basis_sweep,ica_k016_seed0.pt,ica,16,0,19,fear,3.9300339221954346,ols,,0.8389114288522838,0.9159210324287415,1.5773522023942368,47.61469268798828,15.672491073608398,16
basis_sweep,ica_k016_seed0.pt,ica,16,0,19,fear,3.9300339221954346,nnls,,0.17922977507972881,0.4233554183101752,3.560468176654783,10.532670584792353,4.234759908062335,9
basis_sweep,ica_k016_seed0.pt,ica,16,0,19,fear,3.9300339221954346,lasso,0.001,0.18174513652985602,0.6038174629211426,3.5550082219239347,4.6268815994262695,1.8519078493118286,9
basis_sweep,ica_k016_seed0.pt,ica,16,0,19,fear,3.9300339221954346,lasso,0.01,0.0,0.0,3.930034038211871,0.0,0.0,0
basis_sweep,ica_k016_seed0.pt,ica,16,0,19,fear,3.9300339221954346,lasso,0.1,0.0,0.0,3.930034038211871,0.0,0.0,0
basis_sweep,ica_k016_seed0.pt,ica,16,0,19,joy,2.8518917560577393,ols,,0.7865618896839348,0.8868831396102905,1.3175557265539373,17.500476837158203,6.093272686004639,16
basis_sweep,ica_k016_seed0.pt,ica,16,0,19,joy,2.8518917560577393,nnls,,0.5328165964141313,0.7299428393517365,1.9492911564768798,10.247214774134981,4.7401579294393335,8
basis_sweep,ica_k016_seed0.pt,ica,16,0,19,joy,2.8518917560577393,lasso,0.001,0.5656763404205822,0.809771716594696,1.879488848735084,6.8155927658081055,3.145974636077881,9
basis_sweep,ica_k016_seed0.pt,ica,16,0,19,joy,2.8518917560577393,lasso,0.01,0.0,0.0,2.851891569197703,0.0,0.0,0
basis_sweep,ica_k016_seed0.pt,ica,16,0,19,joy,2.8518917560577393,lasso,0.1,0.0,0.0,2.851891569197703,0.0,0.0,0
basis_sweep,ica_k016_seed0.pt,ica,16,0,19,sadness,4.420462131500244,ols,,0.8817047154070312,0.9389912486076355,1.5203773476863927,54.05910873413086,17.255325317382812,16
basis_sweep,ica_k016_seed0.pt,ica,16,0,19,sadness,4.420462131500244,nnls,,0.170662262920934,0.41311290387845023,4.02562565673969,11.89652994342044,4.464253507127276,10
basis_sweep,ica_k016_seed0.pt,ica,16,0,19,sadness,4.420462131500244,lasso,0.001,0.2851698444934534,0.6636671423912048,3.7373959121754416,7.338052749633789,3.5335841178894043,9
basis_sweep,ica_k016_seed0.pt,ica,16,0,19,sadness,4.420462131500244,lasso,0.01,0.0,0.0,4.420462123136005,0.0,0.0,0
basis_sweep,ica_k016_seed0.pt,ica,16,0,19,sadness,4.420462131500244,lasso,0.1,0.0,0.0,4.420462123136005,0.0,0.0,0
basis_sweep,ica_k016_seed0.pt,ica,16,0,19,surprise,3.1134231090545654,ols,,0.7651346318885044,0.8747198581695557,1.508855508372042,30.871532440185547,9.43502140045166,16
basis_sweep,ica_k016_seed0.pt,ica,16,0,19,surprise,3.1134231090545654,nnls,,0.36878664635765657,0.6072780981807832,2.4735816485081883,10.084108095023943,4.223120541463193,8
basis_sweep,ica_k016_seed0.pt,ica,16,0,19,surprise,3.1134231090545654,lasso,0.001,0.372037847082196,0.6972417235374451,2.467203066041726,5.906717300415039,2.5578274726867676,7
basis_sweep,ica_k016_seed0.pt,ica,16,0,19,surprise,3.1134231090545654,lasso,0.01,0.0,0.0,3.1134232281674894,0.0,0.0,0
basis_sweep,ica_k016_seed0.pt,ica,16,0,19,surprise,3.1134231090545654,lasso,0.1,0.0,0.0,3.1134232281674894,0.0,0.0,0
basis_sweep,ica_k016_seed0.pt,ica,16,0,19,trust,3.948798894882202,ols,,0.9014667143554458,0.9494559168815613,1.239528376966537,38.905303955078125,15.077240943908691,16
basis_sweep,ica_k016_seed0.pt,ica,16,0,19,trust,3.948798894882202,nnls,,0.3122362412996835,0.5587809807346981,3.2747988927097387,11.187673506193327,5.031841337131513,8
basis_sweep,ica_k016_seed0.pt,ica,16,0,19,trust,3.948798894882202,lasso,0.001,0.5184887798548995,0.8286756277084351,2.7401112578420577,10.591304779052734,5.320012092590332,7
basis_sweep,ica_k016_seed0.pt,ica,16,0,19,trust,3.948798894882202,lasso,0.01,0.0,0.0,3.948798665721612,0.0,0.0,0
basis_sweep,ica_k016_seed0.pt,ica,16,0,19,trust,3.948798894882202,lasso,0.1,0.0,0.0,3.948798665721612,0.0,0.0,0
basis_sweep,ica_k016_seed1.pt,ica,16,1,19,anger,3.6211390495300293,ols,,0.8458441869760942,0.9196978211402893,1.4217562783110866,40.77131652832031,12.558801651000977,16
basis_sweep,ica_k016_seed1.pt,ica,16,1,19,anger,3.6211390495300293,nnls,,0.4775762224864444,0.6910688984822828,2.617319068574264,15.014831085192172,6.667943951680033,8
basis_sweep,ica_k016_seed1.pt,ica,16,1,19,anger,3.6211390495300293,lasso,0.001,0.3518015931799656,0.6632772088050842,2.915406926903769,6.154562473297119,3.2206225395202637,8
basis_sweep,ica_k016_seed1.pt,ica,16,1,19,anger,3.6211390495300293,lasso,0.01,0.0,0.0,3.6211390487323056,0.0,0.0,0
basis_sweep,ica_k016_seed1.pt,ica,16,1,19,anger,3.6211390495300293,lasso,0.1,0.0,0.0,3.6211390487323056,0.0,0.0,0
basis_sweep,ica_k016_seed1.pt,ica,16,1,19,anticipation,4.50900411605835,ols,,0.8884978319523874,0.9426016211509705,1.505643876188216,53.908111572265625,19.27414321899414,16
basis_sweep,ica_k016_seed1.pt,ica,16,1,19,anticipation,4.50900411605835,nnls,,0.3293791049060776,0.5739155879690188,3.6924884595873624,13.165758080947445,7.779148250670857,7
basis_sweep,ica_k016_seed1.pt,ica,16,1,19,anticipation,4.50900411605835,lasso,0.001,0.38133227510844925,0.7173709273338318,3.5465765335944153,9.061283111572266,5.815572261810303,5
basis_sweep,ica_k016_seed1.pt,ica,16,1,19,anticipation,4.50900411605835,lasso,0.01,0.0,0.0,4.5090038503705285,0.0,0.0,0
basis_sweep,ica_k016_seed1.pt,ica,16,1,19,anticipation,4.50900411605835,lasso,0.1,0.0,0.0,4.5090038503705285,0.0,0.0,0
basis_sweep,ica_k016_seed1.pt,ica,16,1,19,disgust,3.974813461303711,ols,,0.8981869846558739,0.9477272033691406,1.268289469304227,43.9305419921875,13.425925254821777,16
basis_sweep,ica_k016_seed1.pt,ica,16,1,19,disgust,3.974813461303711,nnls,,0.4651546455518739,0.6820224718547222,2.906905077703048,18.672435629260633,7.062892551983339,9
basis_sweep,ica_k016_seed1.pt,ica,16,1,19,disgust,3.974813461303711,lasso,0.001,0.39153960378110175,0.7545986771583557,3.1005082728954245,8.718393325805664,3.4427521228790283,9
basis_sweep,ica_k016_seed1.pt,ica,16,1,19,disgust,3.974813461303711,lasso,0.01,0.0,0.0,3.9748133201668456,0.0,0.0,0
basis_sweep,ica_k016_seed1.pt,ica,16,1,19,disgust,3.974813461303711,lasso,0.1,0.0,0.0,3.9748133201668456,0.0,0.0,0
basis_sweep,ica_k016_seed1.pt,ica,16,1,19,fear,3.9300339221954346,ols,,0.8389114442887352,0.915921151638031,1.5773521268186663,48.460227966308594,15.672484397888184,16
basis_sweep,ica_k016_seed1.pt,ica,16,1,19,fear,3.9300339221954346,nnls,,0.20845378733393194,0.45656743663143057,3.4965073818698427,10.86048624918132,4.669100488690533,8
basis_sweep,ica_k016_seed1.pt,ica,16,1,19,fear,3.9300339221954346,lasso,0.001,0.21236481990724299,0.6567054390907288,3.4878585576418137,5.425408363342285,2.24385142326355,8
basis_sweep,ica_k016_seed1.pt,ica,16,1,19,fear,3.9300339221954346,lasso,0.01,0.0,0.0,3.930034038211871,0.0,0.0,0
basis_sweep,ica_k016_seed1.pt,ica,16,1,19,fear,3.9300339221954346,lasso,0.1,0.0,0.0,3.930034038211871,0.0,0.0,0
basis_sweep,ica_k016_seed1.pt,ica,16,1,19,joy,2.8518917560577393,ols,,0.7865618896839348,0.8868831396102905,1.3175557265539373,17.54390525817871,6.093267440795898,16
basis_sweep,ica_k016_seed1.pt,ica,16,1,19,joy,2.8518917560577393,nnls,,0.49850916638104625,0.7060517850579654,2.0195960330521308,7.886202326250375,4.311868441969466,5
basis_sweep,ica_k016_seed1.pt,ica,16,1,19,joy,2.8518917560577393,lasso,0.001,0.5653106784322628,0.8062611222267151,1.880279863710518,6.682610511779785,3.176004409790039,8
basis_sweep,ica_k016_seed1.pt,ica,16,1,19,joy,2.8518917560577393,lasso,0.01,0.0,0.0,2.851891569197703,0.0,0.0,0
basis_sweep,ica_k016_seed1.pt,ica,16,1,19,joy,2.8518917560577393,lasso,0.1,0.0,0.0,2.851891569197703,0.0,0.0,0
basis_sweep,ica_k016_seed1.pt,ica,16,1,19,sadness,4.420462131500244,ols,,0.881704727608293,0.9389912486076355,1.5203772692786917,54.066001892089844,17.255313873291016,16
basis_sweep,ica_k016_seed1.pt,ica,16,1,19,sadness,4.420462131500244,nnls,,0.4131338206632229,0.6427548740970846,3.3863918849665757,18.985321628603096,7.948366790091284,8
basis_sweep,ica_k016_seed1.pt,ica,16,1,19,sadness,4.420462131500244,lasso,0.001,0.30606084505744446,0.690234363079071,3.682378024213159,7.910670280456543,3.851245880126953,8
basis_sweep,ica_k016_seed1.pt,ica,16,1,19,sadness,4.420462131500244,lasso,0.01,0.0,0.0,4.420462123136005,0.0,0.0,0
basis_sweep,ica_k016_seed1.pt,ica,16,1,19,sadness,4.420462131500244,lasso,0.1,0.0,0.0,4.420462123136005,0.0,0.0,0
basis_sweep,ica_k016_seed1.pt,ica,16,1,19,surprise,3.1134231090545654,ols,,0.7651346318885044,0.8747197985649109,1.508855508372042,31.729446411132812,9.435108184814453,16
basis_sweep,ica_k016_seed1.pt,ica,16,1,19,surprise,3.1134231090545654,nnls,,0.47936139246233234,0.6923593309080445,2.246499602445235,12.51291397752804,5.210403743933734,10
basis_sweep,ica_k016_seed1.pt,ica,16,1,19,surprise,3.1134231090545654,lasso,0.001,0.3729452904197458,0.6680741906166077,2.4654197926576966,5.234071254730225,2.7145655155181885,5
basis_sweep,ica_k016_seed1.pt,ica,16,1,19,surprise,3.1134231090545654,lasso,0.01,0.0,0.0,3.1134232281674894,0.0,0.0,0
basis_sweep,ica_k016_seed1.pt,ica,16,1,19,surprise,3.1134231090545654,lasso,0.1,0.0,0.0,3.1134232281674894,0.0,0.0,0
basis_sweep,ica_k016_seed1.pt,ica,16,1,19,trust,3.948798894882202,ols,,0.9014667143554458,0.9494559168815613,1.239528376966537,40.48267364501953,15.077238082885742,16
basis_sweep,ica_k016_seed1.pt,ica,16,1,19,trust,3.948798894882202,nnls,,0.49680949495877813,0.7048470874361569,2.801116747137531,15.069774140522437,7.591474077309028,8
basis_sweep,ica_k016_seed1.pt,ica,16,1,19,trust,3.948798894882202,lasso,0.001,0.49248724362872554,0.8037305474281311,2.8131213879260146,9.958009719848633,5.04523229598999,7
basis_sweep,ica_k016_seed1.pt,ica,16,1,19,trust,3.948798894882202,lasso,0.01,0.0,0.0,3.948798665721612,0.0,0.0,0
basis_sweep,ica_k016_seed1.pt,ica,16,1,19,trust,3.948798894882202,lasso,0.1,0.0,0.0,3.948798665721612,0.0,0.0,0
basis_sweep,nmf_k008_seed0.pt,nmf,8,0,19,anger,3.6211390495300293,ols,,0.7333050876795906,0.8563324213027954,1.870047194961415,1.1950713396072388,0.4611787497997284,8
basis_sweep,nmf_k008_seed0.pt,nmf,8,0,19,anger,3.6211390495300293,nnls,,0.733305071246844,0.8563323368279504,1.8700472525740837,1.195071401796816,0.4611787562389541,8
basis_sweep,nmf_k008_seed0.pt,nmf,8,0,19,anger,3.6211390495300293,lasso,0.001,0.729268227137821,0.8542178869247437,1.8841471393534435,0.9666719436645508,0.36849403381347656,8
basis_sweep,nmf_k008_seed0.pt,nmf,8,0,19,anger,3.6211390495300293,lasso,0.01,0.6542739982114399,0.8120958209037781,2.1291743398429825,0.3025861978530884,0.13322031497955322,7
basis_sweep,nmf_k008_seed0.pt,nmf,8,0,19,anger,3.6211390495300293,lasso,0.1,0.3246155090385122,0.6045291423797607,2.9759165145485014,0.046016041189432144,0.046016041189432144,1
basis_sweep,nmf_k008_seed0.pt,nmf,8,0,19,anticipation,4.50900411605835,ols,,0.8239294737207488,0.9077056050300598,1.892012221190034,0.4528549909591675,0.17692571878433228,8
basis_sweep,nmf_k008_seed0.pt,nmf,8,0,19,anticipation,4.50900411605835,nnls,,0.8236020932897663,0.9075252240320668,1.893770380632267,0.48505889060460616,0.19908934477158702,7
basis_sweep,nmf_k008_seed0.pt,nmf,8,0,19,anticipation,4.50900411605835,lasso,0.001,0.823105409236577,0.9072728753089905,1.896434653639052,0.39479902386665344,0.14998337626457214,8
basis_sweep,nmf_k008_seed0.pt,nmf,8,0,19,anticipation,4.50900411605835,lasso,0.01,0.8072046539379475,0.8992506265640259,1.9798344606499676,0.23080137372016907,0.13715842366218567,6
basis_sweep,nmf_k008_seed0.pt,nmf,8,0,19,anticipation,4.50900411605835,lasso,0.1,0.6438269042419057,0.831876277923584,2.6909842859360107,0.09470780938863754,0.08335399627685547,2
basis_sweep,nmf_k008_seed0.pt,nmf,8,0,19,disgust,3.974813461303711,ols,,0.7393231260487969,0.8598389625549316,2.029401554348652,0.7385448813438416,0.3027518093585968,8
basis_sweep,nmf_k008_seed0.pt,nmf,8,0,19,disgust,3.974813461303711,nnls,,0.7393231375889064,0.8598390109093667,2.029401509428065,0.7385448843421543,0.3027518114188484,8
basis_sweep,nmf_k008_seed0.pt,nmf,8,0,19,disgust,3.974813461303711,lasso,0.001,0.7352861480327888,0.8575382232666016,2.045055366829871,0.4878331124782562,0.23281358182430267,8
basis_sweep,nmf_k008_seed0.pt,nmf,8,0,19,disgust,3.974813461303711,lasso,0.01,0.7165076117006507,0.8500224351882935,2.1163497337097987,0.37250688672065735,0.18621668219566345,6
basis_sweep,nmf_k008_seed0.pt,nmf,8,0,19,disgust,3.974813461303711,lasso,0.1,0.20360544710441486,0.5281714797019958,3.547160805097745,0.04324626550078392,0.03265010938048363,2
basis_sweep,nmf_k008_seed0.pt,nmf,8,0,19,fear,3.9300339221954346,ols,,0.7739925677808409,0.8797685503959656,1.8683475737265804,0.556721031665802,0.23486916720867157,8
basis_sweep,nmf_k008_seed0.pt,nmf,8,0,19,fear,3.9300339221954346,nnls,,0.7739925807913708,0.8797685212824555,1.8683475199491624,0.5567210499690557,0.2348691731199185,8
basis_sweep,nmf_k008_seed0.pt,nmf,8,0,19,fear,3.9300339221954346,lasso,0.001,0.7731684310736509,0.8793494701385498,1.8717509411696989,0.4981152415275574,0.20209407806396484,8
basis_sweep,nmf_k008_seed0.pt,nmf,8,0,19,fear,3.9300339221954346,lasso,0.01,0.7478575440284643,0.8668383359909058,1.9734189815664185,0.2953888177871704,0.14262503385543823,7
basis_sweep,nmf_k008_seed0.pt,nmf,8,0,19,fear,3.9300339221954346,lasso,0.1,0.5408059198420888,0.8118011951446533,2.6631427866537147,0.09880463033914566,0.08172015845775604,2
basis_sweep,nmf_k008_seed0.pt,nmf,8,0,19,joy,2.8518917560577393,ols,,0.46043123373663053,0.6785508394241333,2.094866782165867,0.9963558316230774,0.41535595059394836,8
basis_sweep,nmf_k008_seed0.pt,nmf,8,0,19,joy,2.8518917560577393,nnls,,0.46029825463539487,0.6784528107725416,2.095124910839648,1.0091186411085524,0.4228341216387959,7
basis_sweep,nmf_k008_seed0.pt,nmf,8,0,19,joy,2.8518917560577393,lasso,0.001,0.4572966949831433,0.6768893003463745,2.100942867782297,0.8566817045211792,0.3513621985912323,8
basis_sweep,nmf_k008_seed0.pt,nmf,8,0,19,joy,2.8518917560577393,lasso,0.01,0.36132751307166855,0.6113269925117493,2.2791458249809993,0.24803794920444489,0.117258720099926,6
basis_sweep,nmf_k008_seed0.pt,nmf,8,0,19,joy,2.8518917560577393,lasso,0.1,0.0,0.0,2.851891569197703,0.0,0.0,0
basis_sweep,nmf_k008_seed0.pt,nmf,8,0,19,sadness,4.420462131500244,ols,,0.8088403291139092,0.8993554711341858,1.932706070408249,0.7607147693634033,0.2919658422470093,8
basis_sweep,nmf_k008_seed0.pt,nmf,8,0,19,sadness,4.420462131500244,nnls,,0.8088403253598986,0.8993555088921873,1.9327060893855756,0.7607147245027615,0.2919658467231739,8
basis_sweep,nmf_k008_seed0.pt,nmf,8,0,19,sadness,4.420462131500244,lasso,0.001,0.8080162070825494,0.8989588618278503,1.9368677030452368,0.6452310085296631,0.2527986168861389,8
basis_sweep,nmf_k008_seed0.pt,nmf,8,0,19,sadness,4.420462131500244,lasso,0.01,0.7735777184265018,0.8815070390701294,2.1034260821964152,0.3349972367286682,0.18610160052776337,5
basis_sweep,nmf_k008_seed0.pt,nmf,8,0,19,sadness,4.420462131500244,lasso,0.1,0.504019388488373,0.773034393787384,3.1131498340166806,0.09869597107172012,0.07160724699497223,2
basis_sweep,nmf_k008_seed0.pt,nmf,8,0,19,surprise,3.1134231090545654,ols,,0.6287005974161846,0.7929064631462097,1.8971439554253156,1.1906988620758057,0.4677388668060303,8
basis_sweep,nmf_k008_seed0.pt,nmf,8,0,19,surprise,3.1134231090545654,nnls,,0.6287005902378082,0.7929064587312228,1.8971439737641727,1.1906988943250627,0.4677388854553557,8
basis_sweep,nmf_k008_seed0.pt,nmf,8,0,19,surprise,3.1134231090545654,lasso,0.001,0.6246637609327811,0.7908094525337219,1.907429127207728,0.99432373046875,0.38656872510910034,8
basis_sweep,nmf_k008_seed0.pt,nmf,8,0,19,surprise,3.1134231090545654,lasso,0.01,0.5488557418431681,0.750096321105957,2.091201483784494,0.36140647530555725,0.14655102789402008,7
basis_sweep,nmf_k008_seed0.pt,nmf,8,0,19,surprise,3.1134231090545654,lasso,0.1,0.058910275021199277,0.46173399686813354,3.020324997498636,0.013173111714422703,0.013173111714422703,1
basis_sweep,nmf_k008_seed0.pt,nmf,8,0,19,trust,3.948798894882202,ols,,0.7413745683071733,0.8610309958457947,2.0081706043126393,0.6906365156173706,0.2753516435623169,8
basis_sweep,nmf_k008_seed0.pt,nmf,8,0,19,trust,3.948798894882202,nnls,,0.7413745630561885,0.8610310426337382,2.0081706246990203,0.6906365139613719,0.27535164991996863,8
basis_sweep,nmf_k008_seed0.pt,nmf,8,0,19,trust,3.948798894882202,lasso,0.001,0.7382399158629022,0.8592571020126343,2.0203038993587477,0.47785669565200806,0.20067742466926575,8
basis_sweep,nmf_k008_seed0.pt,nmf,8,0,19,trust,3.948798894882202,lasso,0.01,0.7183119101808592,0.8495774269104004,2.0957970931431893,0.2873712182044983,0.13171055912971497,6
basis_sweep,nmf_k008_seed0.pt,nmf,8,0,19,trust,3.948798894882202,lasso,0.1,0.4653820379454837,0.711492657661438,2.8872657846027097,0.06351698935031891,0.06351698935031891,1
basis_sweep,nmf_k008_seed1.pt,nmf,8,1,19,anger,3.6211390495300293,ols,,0.7333050876795906,0.8563324213027954,1.870047194961415,1.1953210830688477,0.4612538516521454,8
basis_sweep,nmf_k008_seed1.pt,nmf,8,1,19,anger,3.6211390495300293,nnls,,0.7333050737760474,0.8563323383047153,1.87004724370678,1.195321033745902,0.46125385353308906,8
basis_sweep,nmf_k008_seed1.pt,nmf,8,1,19,anger,3.6211390495300293,lasso,0.001,0.7292664998158493,0.8542170524597168,1.8841531499585642,0.9668239951133728,0.36853474378585815,8
basis_sweep,nmf_k008_seed1.pt,nmf,8,1,19,anger,3.6211390495300293,lasso,0.01,0.6542743618581708,0.8120974898338318,2.129173220072575,0.3026539385318756,0.13325536251068115,7
basis_sweep,nmf_k008_seed1.pt,nmf,8,1,19,anger,3.6211390495300293,lasso,0.1,0.32459521755092946,0.6045292019844055,2.9759612189504043,0.04602176323533058,0.04602176323533058,1
basis_sweep,nmf_k008_seed1.pt,nmf,8,1,19,anticipation,4.50900411605835,ols,,0.8239294854475315,0.9077056050300598,1.892012158183416,0.45295751094818115,0.17696258425712585,8
basis_sweep,nmf_k008_seed1.pt,nmf,8,1,19,anticipation,4.50900411605835,nnls,,0.8236020924422687,0.9075252235651392,1.8937703851815442,0.48516304967565055,0.19912717164838295,7
basis_sweep,nmf_k008_seed1.pt,nmf,8,1,19,anticipation,4.50900411605835,lasso,0.001,0.8231052567884001,0.9072727560997009,1.8964354708148126,0.39489126205444336,0.15001894533634186,8
basis_sweep,nmf_k008_seed1.pt,nmf,8,1,19,anticipation,4.50900411605835,lasso,0.01,0.8071984504698219,0.899247407913208,1.9798663124073537,0.2308480143547058,0.13719823956489563,6
basis_sweep,nmf_k008_seed1.pt,nmf,8,1,19,anticipation,4.50900411605835,lasso,0.1,0.6437281412767746,0.8318160176277161,2.6913573505626736,0.09469754993915558,0.08337779343128204,2
basis_sweep,nmf_k008_seed1.pt,nmf,8,1,19,disgust,3.974813461303711,ols,,0.7393230958675889,0.8598389029502869,2.0294016718308585,0.738714337348938,0.30282023549079895,8
basis_sweep,nmf_k008_seed1.pt,nmf,8,1,19,disgust,3.974813461303711,nnls,,0.7393231256087323,0.8598390039428456,2.029401556061631,0.7387142902610742,0.3028202308362474,8
basis_sweep,nmf_k008_seed1.pt,nmf,8,1,19,disgust,3.974813461303711,lasso,0.001,0.7352844578851424,0.8575373291969299,2.0450618954644177,0.4878964126110077,0.23286376893520355,8
basis_sweep,nmf_k008_seed1.pt,nmf,8,1,19,disgust,3.974813461303711,lasso,0.01,0.7165035975999903,0.8500221371650696,2.1163647168471638,0.3726043105125427,0.18626593053340912,6
basis_sweep,nmf_k008_seed1.pt,nmf,8,1,19,disgust,3.974813461303711,lasso,0.1,0.20351695580263907,0.5280662178993225,3.547357870834226,0.043228864669799805,0.0326448529958725,2
basis_sweep,nmf_k008_seed1.pt,nmf,8,1,19,fear,3.9300339221954346,ols,,0.7739925832172924,0.8797685503959656,1.8683475099219151,0.5568342804908752,0.2348984330892563,8
basis_sweep,nmf_k008_seed1.pt,nmf,8,1,19,fear,3.9300339221954346,nnls,,0.7739925847961389,0.8797685235584909,1.8683475033959485,0.5568342651059077,0.23489843639665942,8
basis_sweep,nmf_k008_seed1.pt,nmf,8,1,19,fear,3.9300339221954346,lasso,0.001,0.7731682921455877,0.879349410533905,1.8717515143674561,0.498216837644577,0.20211941003799438,8
basis_sweep,nmf_k008_seed1.pt,nmf,8,1,19,fear,3.9300339221954346,lasso,0.01,0.7478505358794998,0.8668351173400879,1.9734464063768118,0.2954472303390503,0.1426599621772766,7
basis_sweep,nmf_k008_seed1.pt,nmf,8,1,19,fear,3.9300339221954346,lasso,0.1,0.5407072191714306,0.8117738962173462,2.6634289835662015,0.09880492091178894,0.08171084523200989,2
basis_sweep,nmf_k008_seed1.pt,nmf,8,1,19,joy,2.8518917560577393,ols,,0.4604311164809023,0.6785507798194885,2.094867009787564,0.996601939201355,0.41546130180358887,8
basis_sweep,nmf_k008_seed1.pt,nmf,8,1,19,joy,2.8518917560577393,nnls,,0.4602981873658202,0.6784527611968252,2.095125041410059,1.0093667825504506,0.42294065760266064,7
basis_sweep,nmf_k008_seed1.pt,nmf,8,1,19,joy,2.8518917560577393,lasso,0.001,0.45729540517013334,0.676888644695282,2.1009453643783274,0.8568737506866455,0.35144516825675964,8
basis_sweep,nmf_k008_seed1.pt,nmf,8,1,19,joy,2.8518917560577393,lasso,0.01,0.3613170773118608,0.6113264560699463,2.2791644452611313,0.2481127679347992,0.11730111390352249,6
basis_sweep,nmf_k008_seed1.pt,nmf,8,1,19,joy,2.8518917560577393,lasso,0.1,0.0,0.0,2.851891569197703,0.0,0.0,0
basis_sweep,nmf_k008_seed1.pt,nmf,8,1,19,sadness,4.420462131500244,ols,,0.8088403291139092,0.8993554711341858,1.932706070408249,0.76087486743927,0.29201042652130127,8
basis_sweep,nmf_k008_seed1.pt,nmf,8,1,19,sadness,4.420462131500244,nnls,,0.8088403299986223,0.8993555114711033,1.932706065935835,0.7608748867209311,0.29201042526826543,8
basis_sweep,nmf_k008_seed1.pt,nmf,8,1,19,sadness,4.420462131500244,lasso,0.001,0.8080160484661452,0.898958683013916,1.9368685031620654,0.6453615427017212,0.2528368830680847,8
basis_sweep,nmf_k008_seed1.pt,nmf,8,1,19,sadness,4.420462131500244,lasso,0.01,0.7735740580479425,0.881506085395813,2.1034430842877327,0.3350888192653656,0.1861550509929657,5
basis_sweep,nmf_k008_seed1.pt,nmf,8,1,19,sadness,4.420462131500244,lasso,0.1,0.5039206558773673,0.7729878425598145,3.1134596789070796,0.09869104623794556,0.0715971291065216,2
basis_sweep,nmf_k008_seed1.pt,nmf,8,1,19,surprise,3.1134231090545654,ols,,0.6287005974161846,0.7929064631462097,1.8971439554253156,1.1910139322280884,0.4678676128387451,8
basis_sweep,nmf_k008_seed1.pt,nmf,8,1,19,surprise,3.1134231090545654,nnls,,0.6287005930255252,0.7929064604891333,1.8971439666422916,1.1910139206311947,0.46786762532253123,8
basis_sweep,nmf_k008_seed1.pt,nmf,8,1,19,surprise,3.1134231090545654,lasso,0.001,0.6246620392156014,0.7908086180686951,1.907433502018084,0.9945545196533203,0.386665016412735,8
basis_sweep,nmf_k008_seed1.pt,nmf,8,1,19,surprise,3.1134231090545654,lasso,0.01,0.5488211599238155,0.7500765323638916,2.091281631513242,0.3614472448825836,0.14655852317810059,7
basis_sweep,nmf_k008_seed1.pt,nmf,8,1,19,surprise,3.1134231090545654,lasso,0.1,0.058984751587201845,0.46173399686813354,3.0202054829196006,0.013188047334551811,0.013188047334551811,1
basis_sweep,nmf_k008_seed1.pt,nmf,8,1,19,trust,3.948798894882202,ols,,0.7413745683071733,0.8610310554504395,2.0081706043126393,0.6908118724822998,0.2754303216934204,8
basis_sweep,nmf_k008_seed1.pt,nmf,8,1,19,trust,3.948798894882202,nnls,,0.7413745455986285,0.8610310324961491,2.0081706924761096,0.690811915437018,0.27543030466776025,8
basis_sweep,nmf_k008_seed1.pt,nmf,8,1,19,trust,3.948798894882202,lasso,0.001,0.7382386926555019,0.8592565059661865,2.0203086198030458,0.47794976830482483,0.200730562210083,8
basis_sweep,nmf_k008_seed1.pt,nmf,8,1,19,trust,3.948798894882202,lasso,0.01,0.718305916464598,0.8495751023292542,2.0958193900502136,0.2874467968940735,0.13175059854984283,6
basis_sweep,nmf_k008_seed1.pt,nmf,8,1,19,trust,3.948798894882202,lasso,0.1,0.4653617327026395,0.7114928364753723,2.8873206144816246,0.06352655589580536,0.06352655589580536,1
basis_sweep,nmf_k016_seed0.pt,nmf,16,0,19,anger,3.6211390495300293,ols,,0.7941841687413924,0.8911701440811157,1.6427996074481919,1.0833683013916016,0.3187624514102936,16
basis_sweep,nmf_k016_seed0.pt,nmf,16,0,19,anger,3.6211390495300293,nnls,,0.7941841879616419,0.8911701228077543,1.6427995307412186,1.0833683647969299,0.31876246510695944,16
basis_sweep,nmf_k016_seed0.pt,nmf,16,0,19,anger,3.6211390495300293,lasso,0.001,0.7858698589807069,0.8865794539451599,1.67565305704135,0.6126422882080078,0.18660026788711548,16
basis_sweep,nmf_k016_seed0.pt,nmf,16,0,19,anger,3.6211390495300293,lasso,0.01,0.7411919307081336,0.8632280230522156,1.8421886751463994,0.285298615694046,0.09964685142040253,11
basis_sweep,nmf_k016_seed0.pt,nmf,16,0,19,anger,3.6211390495300293,lasso,0.1,0.42019510665322235,0.6594656109809875,2.757313453541164,0.036921776831150055,0.01805024780333042,5
basis_sweep,nmf_k016_seed0.pt,nmf,16,0,19,anticipation,4.50900411605835,ols,,0.8914559129253539,0.9441694021224976,1.4855377461797148,1.0153110027313232,0.31794965267181396,16
basis_sweep,nmf_k016_seed0.pt,nmf,16,0,19,anticipation,4.50900411605835,nnls,,0.8908035517035501,0.9438238621420304,1.4899951767768154,1.1366096091957685,0.3594668262159332,15
basis_sweep,nmf_k016_seed0.pt,nmf,16,0,19,anticipation,4.50900411605835,lasso,0.001,0.8848240419687485,0.9406870007514954,1.5302469510510948,0.5417429208755493,0.16045542061328888,16
basis_sweep,nmf_k016_seed0.pt,nmf,16,0,19,anticipation,4.50900411605835,lasso,0.01,0.8518707736674622,0.9235352277755737,1.7354055556193098,0.2031206339597702,0.08320789784193039,11
basis_sweep,nmf_k016_seed0.pt,nmf,16,0,19,anticipation,4.50900411605835,lasso,0.1,0.7479055262229628,0.8708648681640625,2.2639262177471853,0.05547289550304413,0.03963145613670349,3
basis_sweep,nmf_k016_seed0.pt,nmf,16,0,19,disgust,3.974813461303711,ols,,0.8616988700155734,0.928277313709259,1.4781877564864734,0.7371143698692322,0.23028232157230377,16
basis_sweep,nmf_k016_seed0.pt,nmf,16,0,19,disgust,3.974813461303711,nnls,,0.8542484321889142,0.9242555983709863,1.517481321348443,1.1399029614842884,0.33012584852865573,15
basis_sweep,nmf_k016_seed0.pt,nmf,16,0,19,disgust,3.974813461303711,lasso,0.001,0.8596297369405913,0.927219033241272,1.4892043407408686,0.5850921869277954,0.19054824113845825,15
basis_sweep,nmf_k016_seed0.pt,nmf,16,0,19,disgust,3.974813461303711,lasso,0.01,0.8319053396593146,0.9144650101661682,1.6296475779543624,0.3472306430339813,0.13056246936321259,10
basis_sweep,nmf_k016_seed0.pt,nmf,16,0,19,disgust,3.974813461303711,lasso,0.1,0.517727505945698,0.7404519319534302,2.760342569376359,0.06139900162816048,0.03876196965575218,4
basis_sweep,nmf_k016_seed0.pt,nmf,16,0,19,fear,3.9300339221954346,ols,,0.8179530654075791,0.9044076204299927,1.6768259913291967,1.1462956666946411,0.3612560033798218,16
basis_sweep,nmf_k016_seed0.pt,nmf,16,0,19,fear,3.9300339221954346,nnls,,0.8179530693541052,0.9044076194933997,1.676825973153561,1.1462956467609255,0.3612560083814201,16
basis_sweep,nmf_k016_seed0.pt,nmf,16,0,19,fear,3.9300339221954346,lasso,0.001,0.8118372822657648,0.9011076092720032,1.704759425980678,0.6849479675292969,0.23471203446388245,15
basis_sweep,nmf_k016_seed0.pt,nmf,16,0,19,fear,3.9300339221954346,lasso,0.01,0.7659274849846549,0.8775873780250549,1.901391388239989,0.3245916962623596,0.11038578301668167,13
basis_sweep,nmf_k016_seed0.pt,nmf,16,0,19,fear,3.9300339221954346,lasso,0.1,0.5557792160159729,0.755977988243103,2.6193633642645904,0.04855494946241379,0.04462745413184166,2
basis_sweep,nmf_k016_seed0.pt,nmf,16,0,19,joy,2.8518917560577393,ols,,0.737098293600839,0.8585442304611206,1.4622772112313631,0.6818913221359253,0.20340293645858765,16
basis_sweep,nmf_k016_seed0.pt,nmf,16,0,19,joy,2.8518917560577393,nnls,,0.7369344503293014,0.8584488196088486,1.46273279398355,0.7005228523135667,0.20860283258923795,15
basis_sweep,nmf_k016_seed0.pt,nmf,16,0,19,joy,2.8518917560577393,lasso,0.001,0.7318712970641041,0.8555601239204407,1.4767421229668878,0.3985452651977539,0.12867945432662964,16
basis_sweep,nmf_k016_seed0.pt,nmf,16,0,19,joy,2.8518917560577393,lasso,0.01,0.7098445447006978,0.8449192643165588,1.5362021884663741,0.22140827775001526,0.09797733277082443,8
basis_sweep,nmf_k016_seed0.pt,nmf,16,0,19,joy,2.8518917560577393,lasso,0.1,0.3526352286861918,0.6341123580932617,2.2946029116772757,0.040802329778671265,0.04080012068152428,1
basis_sweep,nmf_k016_seed0.pt,nmf,16,0,19,sadness,4.420462131500244,ols,,0.8417844682231312,0.917488157749176,1.758296984557481,1.074338436126709,0.316813200712204,16
basis_sweep,nmf_k016_seed0.pt,nmf,16,0,19,sadness,4.420462131500244,nnls,,0.8417844618379199,0.9174881294752938,1.7582970200378716,1.0743384795985154,0.31681321065375345,16
basis_sweep,nmf_k016_seed0.pt,nmf,16,0,19,sadness,4.420462131500244,lasso,0.001,0.8383539492361132,0.9156861305236816,1.7772569572300752,0.7048416137695312,0.22243064641952515,15
basis_sweep,nmf_k016_seed0.pt,nmf,16,0,19,sadness,4.420462131500244,lasso,0.01,0.7997565628635366,0.8965492844581604,1.9780935155402877,0.3658592402935028,0.1276947408914566,11
basis_sweep,nmf_k016_seed0.pt,nmf,16,0,19,sadness,4.420462131500244,lasso,0.1,0.4879881993299653,0.7061066627502441,3.1630616665574687,0.042888447642326355,0.0308314710855484,4
basis_sweep,nmf_k016_seed0.pt,nmf,16,0,19,surprise,3.1134231090545654,ols,,0.7829720891936077,0.8848571181297302,1.4504272686443802,0.9806122183799744,0.29037606716156006,16
basis_sweep,nmf_k016_seed0.pt,nmf,16,0,19,surprise,3.1134231090545654,nnls,,0.7829720923149084,0.8848571445035446,1.45042725821434,0.9806121781308654,0.2903760636236763,16
basis_sweep,nmf_k016_seed0.pt,nmf,16,0,19,surprise,3.1134231090545654,lasso,0.001,0.7779207185640761,0.8821420073509216,1.4672096778891561,0.6713939309120178,0.22156137228012085,15
basis_sweep,nmf_k016_seed0.pt,nmf,16,0,19,surprise,3.1134231090545654,lasso,0.01,0.7274346089355548,0.8594996929168701,1.6254496319141645,0.3895735740661621,0.13857725262641907,13
basis_sweep,nmf_k016_seed0.pt,nmf,16,0,19,surprise,3.1134231090545654,lasso,0.1,0.26849426781320573,0.5637408494949341,2.66285199269803,0.0369102768599987,0.021551379933953285,3
basis_sweep,nmf_k016_seed0.pt,nmf,16,0,19,trust,3.948798894882202,ols,,0.8544048340667175,0.9243401885032654,1.506740525019191,0.9338811635971069,0.2954707741737366,16
basis_sweep,nmf_k016_seed0.pt,nmf,16,0,19,trust,3.948798894882202,nnls,,0.8544048288037145,0.9243401478933463,1.5067405522521693,0.9338811495076429,0.2954707701647838,16
basis_sweep,nmf_k016_seed0.pt,nmf,16,0,19,trust,3.948798894882202,lasso,0.001,0.8503662313536557,0.9222151041030884,1.527495003550048,0.6021595597267151,0.18334494531154633,16
basis_sweep,nmf_k016_seed0.pt,nmf,16,0,19,trust,3.948798894882202,lasso,0.01,0.8111716999714442,0.9014855027198792,1.7159259136186014,0.20646515488624573,0.07886628806591034,11
basis_sweep,nmf_k016_seed0.pt,nmf,16,0,19,trust,3.948798894882202,lasso,0.1,0.6279801842847573,0.8000856637954712,2.4085076380112227,0.046928852796554565,0.024770446121692657,4
basis_sweep,nmf_k016_seed1.pt,nmf,16,1,19,anger,3.6211390495300293,ols,,0.7941837141829788,0.8911698460578918,1.6428014215651296,1.0823485851287842,0.3185636103153229,16
basis_sweep,nmf_k016_seed1.pt,nmf,16,1,19,anger,3.6211390495300293,nnls,,0.794183722191645,0.891169861482754,1.6428013896030131,1.0823485766977754,0.31856360803829237,16
basis_sweep,nmf_k016_seed1.pt,nmf,16,1,19,anger,3.6211390495300293,lasso,0.001,0.78587778647944,0.8865837454795837,1.675622038847524,0.6120951175689697,0.18633253872394562,16
basis_sweep,nmf_k016_seed1.pt,nmf,16,1,19,anger,3.6211390495300293,lasso,0.01,0.7412913517243547,0.8632815480232239,1.8418348031371106,0.2850863039493561,0.09957578033208847,11
basis_sweep,nmf_k016_seed1.pt,nmf,16,1,19,anger,3.6211390495300293,lasso,0.1,0.42006641207516604,0.6592817902565002,2.757619445786888,0.03679831326007843,0.017997080460190773,5
basis_sweep,nmf_k016_seed1.pt,nmf,16,1,19,anticipation,4.50900411605835,ols,,0.8914564054502334,0.9441695809364319,1.485534375820494,1.014846920967102,0.31793907284736633,16
basis_sweep,nmf_k016_seed1.pt,nmf,16,1,19,anticipation,4.50900411605835,nnls,,0.8908045259053978,0.9438243782348661,1.4899885302268843,1.1360222977236203,0.3594521757723809,15
basis_sweep,nmf_k016_seed1.pt,nmf,16,1,19,anticipation,4.50900411605835,lasso,0.001,0.8848242765044055,0.9406869411468506,1.5302453930104118,0.5412631034851074,0.16026295721530914,16
basis_sweep,nmf_k016_seed1.pt,nmf,16,1,19,anticipation,4.50900411605835,lasso,0.01,0.8518883990220801,0.9235423803329468,1.735302307769449,0.20272640883922577,0.08306840807199478,11
basis_sweep,nmf_k016_seed1.pt,nmf,16,1,19,anticipation,4.50900411605835,lasso,0.1,0.7480265231683703,0.8709015846252441,2.2633828479742233,0.05534524843096733,0.03955763950943947,3
basis_sweep,nmf_k016_seed1.pt,nmf,16,1,19,disgust,3.974813461303711,ols,,0.8617000169014765,0.9282779097557068,1.4781816274106854,0.7353237867355347,0.22942407429218292,16
basis_sweep,nmf_k016_seed1.pt,nmf,16,1,19,disgust,3.974813461303711,nnls,,0.8542496905323251,0.9242562791041408,1.5174747707611251,1.1378795331107527,0.32924805685901704,15
basis_sweep,nmf_k016_seed1.pt,nmf,16,1,19,disgust,3.974813461303711,lasso,0.001,0.8596404814506295,0.9272246956825256,1.489147344775904,0.5840560793876648,0.1899166852235794,15
basis_sweep,nmf_k016_seed1.pt,nmf,16,1,19,disgust,3.974813461303711,lasso,0.01,0.8319858027597696,0.9144996404647827,1.6292574936052158,0.346612811088562,0.13023917376995087,10
basis_sweep,nmf_k016_seed1.pt,nmf,16,1,19,disgust,3.974813461303711,lasso,0.1,0.517869870703705,0.7404888272285461,2.759935118700444,0.061342060565948486,0.038721963763237,4
basis_sweep,nmf_k016_seed1.pt,nmf,16,1,19,fear,3.9300339221954346,ols,,0.8179533278272539,0.904407799243927,1.6768247827609475,1.1451590061187744,0.3610013723373413,16
basis_sweep,nmf_k016_seed1.pt,nmf,16,1,19,fear,3.9300339221954346,nnls,,0.8179533336909047,0.9044077656314838,1.6768247557560185,1.1451590543588932,0.3610013743408053,16
basis_sweep,nmf_k016_seed1.pt,nmf,16,1,19,fear,3.9300339221954346,lasso,0.001,0.8118444756521468,0.901111364364624,1.7047268395294624,0.6842372417449951,0.23464910686016083,15
basis_sweep,nmf_k016_seed1.pt,nmf,16,1,19,fear,3.9300339221954346,lasso,0.01,0.7660282695762608,0.8776517510414124,1.9009820031684255,0.3250426948070526,0.11027612537145615,13
basis_sweep,nmf_k016_seed1.pt,nmf,16,1,19,fear,3.9300339221954346,lasso,0.1,0.5558497914720645,0.7559736371040344,2.6191552806788416,0.0484590083360672,0.04455152899026871,2
basis_sweep,nmf_k016_seed1.pt,nmf,16,1,19,joy,2.8518917560577393,ols,,0.7370864507722932,0.8585373759269714,1.4623101461702743,0.6816470623016357,0.20349468290805817,16
basis_sweep,nmf_k016_seed1.pt,nmf,16,1,19,joy,2.8518917560577393,nnls,,0.7369223780793797,0.8584417881484367,1.4627663564802251,0.7002905247519307,0.20870868992201952,15
basis_sweep,nmf_k016_seed1.pt,nmf,16,1,19,joy,2.8518917560577393,lasso,0.001,0.7318613596411412,0.8555543422698975,1.4767694883234372,0.39844200015068054,0.12869973480701447,16
basis_sweep,nmf_k016_seed1.pt,nmf,16,1,19,joy,2.8518917560577393,lasso,0.01,0.7098444274449696,0.844918429851532,1.5362024988663419,0.22137589752674103,0.0979662612080574,8
basis_sweep,nmf_k016_seed1.pt,nmf,16,1,19,joy,2.8518917560577393,lasso,0.1,0.35265557255503044,0.6340981125831604,2.294566856682092,0.04079362750053406,0.04079362750053406,1
basis_sweep,nmf_k016_seed1.pt,nmf,16,1,19,sadness,4.420462131500244,ols,,0.8417822109896863,0.9174869656562805,1.7583095271712157,1.072840929031372,0.31629130244255066,16
basis_sweep,nmf_k016_seed1.pt,nmf,16,1,19,sadness,4.420462131500244,nnls,,0.8417822095990374,0.91748690208046,1.7583095348985114,1.07284103925054,0.31629132255397485,16
basis_sweep,nmf_k016_seed1.pt,nmf,16,1,19,sadness,4.420462131500244,lasso,0.001,0.8383617214399207,0.9156903028488159,1.777214230020629,0.7040535807609558,0.2221674621105194,15
basis_sweep,nmf_k016_seed1.pt,nmf,16,1,19,sadness,4.420462131500244,lasso,0.01,0.7997672633701916,0.8965561389923096,1.9780406626580411,0.36593300104141235,0.1277218759059906,11
basis_sweep,nmf_k016_seed1.pt,nmf,16,1,19,sadness,4.420462131500244,lasso,0.1,0.4881407151032685,0.7061808109283447,3.1625905321755683,0.04281338304281235,0.030778473243117332,4
basis_sweep,nmf_k016_seed1.pt,nmf,16,1,19,surprise,3.1134231090545654,ols,,0.7829782381835353,0.884860634803772,1.4504067212276774,0.9785168766975403,0.28932297229766846,16
basis_sweep,nmf_k016_seed1.pt,nmf,16,1,19,surprise,3.1134231090545654,nnls,,0.7829782012714739,0.8848605964421736,1.4504068445736016,0.9785168848773058,0.289322982099525,16
basis_sweep,nmf_k016_seed1.pt,nmf,16,1,19,surprise,3.1134231090545654,lasso,0.001,0.7779349104328288,0.8821493983268738,1.4671627964787888,0.6696169376373291,0.22064578533172607,15
basis_sweep,nmf_k016_seed1.pt,nmf,16,1,19,surprise,3.1134231090545654,lasso,0.01,0.7277308918662244,0.8596500158309937,1.6245659468565858,0.38908839225769043,0.1385030746459961,13
basis_sweep,nmf_k016_seed1.pt,nmf,16,1,19,surprise,3.1134231090545654,lasso,0.1,0.26897590589625164,0.5641674399375916,2.6619752107034924,0.0369563102722168,0.02156650274991989,3
basis_sweep,nmf_k016_seed1.pt,nmf,16,1,19,trust,3.948798894882202,ols,,0.8544091152926184,0.9243424534797668,1.506718372003527,0.9332072734832764,0.2953712046146393,16
basis_sweep,nmf_k016_seed1.pt,nmf,16,1,19,trust,3.948798894882202,nnls,,0.8544091064401834,0.92434246177673,1.5067184178103998,0.9332072566727148,0.29537120253436805,16
basis_sweep,nmf_k016_seed1.pt,nmf,16,1,19,trust,3.948798894882202,lasso,0.001,0.8503764298453553,0.9222205877304077,1.5274429484200385,0.6017985343933105,0.18327762186527252,16
basis_sweep,nmf_k016_seed1.pt,nmf,16,1,19,trust,3.948798894882202,lasso,0.01,0.8111595902181816,0.9014780521392822,1.7159809347840904,0.20636901259422302,0.0788211077451706,11
basis_sweep,nmf_k016_seed1.pt,nmf,16,1,19,trust,3.948798894882202,lasso,0.1,0.6281177339569164,0.8001368045806885,2.408062339064502,0.046841658651828766,0.02471739426255226,4
basis_sweep,pca_k008_seed0.pt,pca,8,0,19,anger,3.6211390495300293,ols,,0.6851107318841381,0.827714204788208,2.032002001723858,6.261064052581787,2.9972684383392334,8
basis_sweep,pca_k008_seed0.pt,pca,8,0,19,anger,3.6211390495300293,nnls,,0.3147634468069551,0.5610378301342794,2.997543281719219,2.4380326193887614,2.031596348394014,2
basis_sweep,pca_k008_seed0.pt,pca,8,0,19,anger,3.6211390495300293,lasso,0.001,0.66191828887049,0.8225643038749695,2.1055038534150454,4.810211658477783,2.5396738052368164,5
basis_sweep,pca_k008_seed0.pt,pca,8,0,19,anger,3.6211390495300293,lasso,0.01,0.0,0.0,3.6211390487323056,0.0,0.0,0
basis_sweep,pca_k008_seed0.pt,pca,8,0,19,anger,3.6211390495300293,lasso,0.1,0.0,0.0,3.6211390487323056,0.0,0.0,0
basis_sweep,pca_k008_seed0.pt,pca,8,0,19,anticipation,4.50900411605835,ols,,0.8131542137614266,0.9017506837844849,1.949046767603879,7.0840864181518555,4.065998077392578,8
basis_sweep,pca_k008_seed0.pt,pca,8,0,19,anticipation,4.50900411605835,nnls,,0.6475834948409825,0.804725701434384,2.676755638634589,3.948414434111121,3.6285122254946454,3
basis_sweep,pca_k008_seed0.pt,pca,8,0,19,anticipation,4.50900411605835,lasso,0.001,0.7884516284279732,0.8929029703140259,2.0738887201029765,5.287696838378906,3.6025407314300537,6
basis_sweep,pca_k008_seed0.pt,pca,8,0,19,anticipation,4.50900411605835,lasso,0.01,0.23303960087660047,0.8016481995582581,3.9488176242101205,0.7288717031478882,0.7288717031478882,1
basis_sweep,pca_k008_seed0.pt,pca,8,0,19,anticipation,4.50900411605835,lasso,0.1,0.0,0.0,4.5090038503705285,0.0,0.0,0
basis_sweep,pca_k008_seed0.pt,pca,8,0,19,disgust,3.974813461303711,ols,,0.7866550770828051,0.8869357109069824,1.8359375,8.408443450927734,3.525404453277588,8
basis_sweep,pca_k008_seed0.pt,pca,8,0,19,disgust,3.974813461303711,nnls,,0.1855654045113575,0.43077306198221804,3.5871112266747134,3.1034741963622094,1.7122426045818677,4
basis_sweep,pca_k008_seed0.pt,pca,8,0,19,disgust,3.974813461303711,lasso,0.001,0.7539362633250033,0.879283607006073,1.9716986720931613,6.3748698234558105,2.9441747665405273,7
basis_sweep,pca_k008_seed0.pt,pca,8,0,19,disgust,3.974813461303711,lasso,0.01,0.0,0.0,3.9748133201668456,0.0,0.0,0
basis_sweep,pca_k008_seed0.pt,pca,8,0,19,disgust,3.974813461303711,lasso,0.1,0.0,0.0,3.9748133201668456,0.0,0.0,0
basis_sweep,pca_k008_seed0.pt,pca,8,0,19,fear,3.9300339221954346,ols,,0.7686972165978654,0.8767538070678711,1.8901085266360125,6.495828628540039,3.4456729888916016,8
basis_sweep,pca_k008_seed0.pt,pca,8,0,19,fear,3.9300339221954346,nnls,,0.6409006210251689,0.8005627292195491,2.355069016465605,4.046908778476301,3.146239190221981,3
basis_sweep,pca_k008_seed0.pt,pca,8,0,19,fear,3.9300339221954346,lasso,0.001,0.7429998471173846,0.8678479194641113,1.9923379280293068,4.747806549072266,3.0145318508148193,5
basis_sweep,pca_k008_seed0.pt,pca,8,0,19,fear,3.9300339221954346,lasso,0.01,0.1805396731621608,0.7682057023048401,3.5576258996170433,0.503852128982544,0.503852128982544,1
basis_sweep,pca_k008_seed0.pt,pca,8,0,19,fear,3.9300339221954346,lasso,0.1,0.0,0.0,3.930034038211871,0.0,0.0,0
basis_sweep,pca_k008_seed0.pt,pca,8,0,19,joy,2.8518917560577393,ols,,0.5689640151550683,0.7542970776557922,1.8723618067026935,4.3115644454956055,2.1511733531951904,8
basis_sweep,pca_k008_seed0.pt,pca,8,0,19,joy,2.8518917560577393,nnls,,0.4788864702749275,0.6920162062038998,2.0587290076334597,2.855199747497567,1.9735552297856154,3
basis_sweep,pca_k008_seed0.pt,pca,8,0,19,joy,2.8518917560577393,lasso,0.001,0.5434785705776299,0.7453500628471375,1.9269195968213453,3.110900402069092,1.8123620748519897,6
basis_sweep,pca_k008_seed0.pt,pca,8,0,19,joy,2.8518917560577393,lasso,0.01,0.0,0.0,2.851891569197703,0.0,0.0,0
basis_sweep,pca_k008_seed0.pt,pca,8,0,19,joy,2.8518917560577393,lasso,0.1,0.0,0.0,2.851891569197703,0.0,0.0,0
basis_sweep,pca_k008_seed0.pt,pca,8,0,19,sadness,4.420462131500244,ols,,0.8366548503139434,0.9146884083747864,1.7865731190393725,8.44611930847168,4.043345928192139,8
basis_sweep,pca_k008_seed0.pt,pca,8,0,19,sadness,4.420462131500244,nnls,,0.5543642641260332,0.744556425735415,2.9509216496846786,4.662379283431363,3.29128394229751,3
basis_sweep,pca_k008_seed0.pt,pca,8,0,19,sadness,4.420462131500244,lasso,0.001,0.8088040181586011,0.9069947004318237,1.9328896213401068,6.413022518157959,3.4893860816955566,6
basis_sweep,pca_k008_seed0.pt,pca,8,0,19,sadness,4.420462131500244,lasso,0.01,0.0695017063220692,0.6921719312667847,4.264081179534937,0.23062334954738617,0.23062334954738617,1
basis_sweep,pca_k008_seed0.pt,pca,8,0,19,sadness,4.420462131500244,lasso,0.1,0.0,0.0,4.420462123136005,0.0,0.0,0
basis_sweep,pca_k008_seed0.pt,pca,8,0,19,surprise,3.1134231090545654,ols,,0.6321878371798626,0.7951024174690247,1.888213961139789,6.409788131713867,2.4754905700683594,8
basis_sweep,pca_k008_seed0.pt,pca,8,0,19,surprise,3.1134231090545654,nnls,,0.1418091044206199,0.3765755292444353,2.884231479897369,1.9751247774067866,1.172438757900592,3
basis_sweep,pca_k008_seed0.pt,pca,8,0,19,surprise,3.1134231090545654,lasso,0.001,0.5998141676860052,0.7901430130004883,1.969559094520825,4.825549125671387,1.9726057052612305,7
basis_sweep,pca_k008_seed0.pt,pca,8,0,19,surprise,3.1134231090545654,lasso,0.01,0.0,0.0,3.1134232281674894,0.0,0.0,0
basis_sweep,pca_k008_seed0.pt,pca,8,0,19,surprise,3.1134231090545654,lasso,0.1,0.0,0.0,3.1134232281674894,0.0,0.0,0
basis_sweep,pca_k008_seed0.pt,pca,8,0,19,trust,3.948798894882202,ols,,0.7485918895111006,0.8652119636535645,1.9799518700732088,7.279241561889648,3.416548728942871,8
basis_sweep,pca_k008_seed0.pt,pca,8,0,19,trust,3.948798894882202,nnls,,0.4471663450420216,0.6687049218544469,2.9360417587248384,4.3026325662100255,2.6405817256046364,5
basis_sweep,pca_k008_seed0.pt,pca,8,0,19,trust,3.948798894882202,lasso,0.001,0.7216724890319579,0.8583008050918579,2.0832580044161277,5.561588287353516,2.9055063724517822,6
basis_sweep,pca_k008_seed0.pt,pca,8,0,19,trust,3.948798894882202,lasso,0.01,0.0,0.0,3.948798665721612,0.0,0.0,0
basis_sweep,pca_k008_seed0.pt,pca,8,0,19,trust,3.948798894882202,lasso,0.1,0.0,0.0,3.948798665721612,0.0,0.0,0
basis_sweep,pca_k008_seed1.pt,pca,8,1,19,anger,3.6211390495300293,ols,,0.6850646214786633,0.8276863098144531,2.032150773079194,6.257441997528076,2.9971671104431152,8
basis_sweep,pca_k008_seed1.pt,pca,8,1,19,anger,3.6211390495300293,nnls,,0.3147616402154132,0.561036220087651,2.9975472331523005,2.4380074402413494,2.0315903797281045,2
basis_sweep,pca_k008_seed1.pt,pca,8,1,19,anger,3.6211390495300293,lasso,0.001,0.6619975274931474,0.8226146697998047,2.1052570979758936,4.811057090759277,2.5398006439208984,5
basis_sweep,pca_k008_seed1.pt,pca,8,1,19,anger,3.6211390495300293,lasso,0.01,0.0,0.0,3.6211390487323056,0.0,0.0,0
basis_sweep,pca_k008_seed1.pt,pca,8,1,19,anger,3.6211390495300293,lasso,0.1,0.0,0.0,3.6211390487323056,0.0,0.0,0
basis_sweep,pca_k008_seed1.pt,pca,8,1,19,anticipation,4.50900411605835,ols,,0.813184773757524,0.9017674922943115,1.9488873706528016,7.084938049316406,4.066074371337891,8
basis_sweep,pca_k008_seed1.pt,pca,8,1,19,anticipation,4.50900411605835,nnls,,0.6476064260823744,0.8047399491685191,2.676668550874326,3.949275655594859,3.62857619611372,3
basis_sweep,pca_k008_seed1.pt,pca,8,1,19,anticipation,4.50900411605835,lasso,0.001,0.7884831265666982,0.8929224014282227,2.073734320270293,5.28866720199585,3.6025514602661133,6
basis_sweep,pca_k008_seed1.pt,pca,8,1,19,anticipation,4.50900411605835,lasso,0.01,0.23303950706233767,0.801647961139679,3.948817865718941,0.7288714051246643,0.7288714051246643,1
basis_sweep,pca_k008_seed1.pt,pca,8,1,19,anticipation,4.50900411605835,lasso,0.1,0.0,0.0,4.5090038503705285,0.0,0.0,0
basis_sweep,pca_k008_seed1.pt,pca,8,1,19,disgust,3.974813461303711,ols,,0.7864880844590924,0.8868415951728821,1.8366558860882427,8.406492233276367,3.525029182434082,8
basis_sweep,pca_k008_seed1.pt,pca,8,1,19,disgust,3.974813461303711,nnls,,0.18554801478522254,0.4307528771867183,3.5871495222906042,3.1032524473933494,1.7121622261335157,4
basis_sweep,pca_k008_seed1.pt,pca,8,1,19,disgust,3.974813461303711,lasso,0.001,0.7537702364999457,0.8791846632957458,1.9723637430102012,6.372950553894043,2.943894147872925,7
basis_sweep,pca_k008_seed1.pt,pca,8,1,19,disgust,3.974813461303711,lasso,0.01,0.0,0.0,3.9748133201668456,0.0,0.0,0
basis_sweep,pca_k008_seed1.pt,pca,8,1,19,disgust,3.974813461303711,lasso,0.1,0.0,0.0,3.9748133201668456,0.0,0.0,0
basis_sweep,pca_k008_seed1.pt,pca,8,1,19,fear,3.9300339221954346,ols,,0.7686111429445044,0.876704752445221,1.8904601726720478,6.490286827087402,3.44547963142395,8
basis_sweep,pca_k008_seed1.pt,pca,8,1,19,fear,3.9300339221954346,nnls,,0.6408008581333425,0.8005004188117186,2.35539612950666,4.041727095945302,3.145994090796917,3
basis_sweep,pca_k008_seed1.pt,pca,8,1,19,fear,3.9300339221954346,lasso,0.001,0.7430377590421793,0.8678710460662842,1.9921909706235088,4.748348712921143,3.0145835876464844,5
basis_sweep,pca_k008_seed1.pt,pca,8,1,19,fear,3.9300339221954346,lasso,0.01,0.1805397966537725,0.7682056427001953,3.5576256315522214,0.5038524270057678,0.5038524270057678,1
basis_sweep,pca_k008_seed1.pt,pca,8,1,19,fear,3.9300339221954346,lasso,0.1,0.0,0.0,3.930034038211871,0.0,0.0,0
basis_sweep,pca_k008_seed1.pt,pca,8,1,19,joy,2.8518917560577393,ols,,0.5687643872778473,0.7541646361351013,1.8727953347129676,4.315993309020996,2.1507952213287354,8
basis_sweep,pca_k008_seed1.pt,pca,8,1,19,joy,2.8518917560577393,nnls,,0.4786107228486882,0.6918169427375526,2.0592736242231475,2.8591167232424293,1.9729865086620644,3
basis_sweep,pca_k008_seed1.pt,pca,8,1,19,joy,2.8518917560577393,lasso,0.001,0.5432789133864768,0.7452471256256104,1.9273409147206928,3.1153197288513184,1.811468243598938,6
basis_sweep,pca_k008_seed1.pt,pca,8,1,19,joy,2.8518917560577393,lasso,0.01,0.0,0.0,2.851891569197703,0.0,0.0,0
basis_sweep,pca_k008_seed1.pt,pca,8,1,19,joy,2.8518917560577393,lasso,0.1,0.0,0.0,2.851891569197703,0.0,0.0,0
basis_sweep,pca_k008_seed1.pt,pca,8,1,19,sadness,4.420462131500244,ols,,0.8365812278998543,0.914648175239563,1.78697569300211,8.44483470916748,4.043167591094971,8
basis_sweep,pca_k008_seed1.pt,pca,8,1,19,sadness,4.420462131500244,nnls,,0.5542912143190448,0.7445073681953626,2.951163501275957,4.6609138369051095,3.291066830286405,3
basis_sweep,pca_k008_seed1.pt,pca,8,1,19,sadness,4.420462131500244,lasso,0.001,0.8087116912100742,0.9069393277168274,1.9333562531702126,6.410994529724121,3.4892916679382324,6
basis_sweep,pca_k008_seed1.pt,pca,8,1,19,sadness,4.420462131500244,lasso,0.01,0.0695017063220692,0.6921719312667847,4.264081179534937,0.2306232750415802,0.2306232750415802,1
basis_sweep,pca_k008_seed1.pt,pca,8,1,19,sadness,4.420462131500244,lasso,0.1,0.0,0.0,4.420462123136005,0.0,0.0,0
basis_sweep,pca_k008_seed1.pt,pca,8,1,19,surprise,3.1134231090545654,ols,,0.6320099591992382,0.7949906587600708,1.8886704864023462,6.40648078918457,2.4751415252685547,8
basis_sweep,pca_k008_seed1.pt,pca,8,1,19,surprise,3.1134231090545654,nnls,,0.1417055834132971,0.3764380536163725,2.8844054327708335,1.9743545584911575,1.1720107272884859,3
basis_sweep,pca_k008_seed1.pt,pca,8,1,19,surprise,3.1134231090545654,lasso,0.001,0.5997433559179994,0.7900965213775635,1.969733340810102,4.825003147125244,1.972486138343811,7
basis_sweep,pca_k008_seed1.pt,pca,8,1,19,surprise,3.1134231090545654,lasso,0.01,0.0,0.0,3.1134232281674894,0.0,0.0,0
basis_sweep,pca_k008_seed1.pt,pca,8,1,19,surprise,3.1134231090545654,lasso,0.1,0.0,0.0,3.1134232281674894,0.0,0.0,0
basis_sweep,pca_k008_seed1.pt,pca,8,1,19,trust,3.948798894882202,ols,,0.7489337148191026,0.8654094338417053,1.9786053982671739,7.282940864562988,3.417327880859375,8
basis_sweep,pca_k008_seed1.pt,pca,8,1,19,trust,3.948798894882202,nnls,,0.4474712345920272,0.6689328531526761,2.9352320288009217,4.305955108778205,2.6414814619134206,5
basis_sweep,pca_k008_seed1.pt,pca,8,1,19,trust,3.948798894882202,lasso,0.001,0.7220146813021802,0.8585094213485718,2.081976970373009,5.565634250640869,2.906071662902832,6
basis_sweep,pca_k008_seed1.pt,pca,8,1,19,trust,3.948798894882202,lasso,0.01,0.0,0.0,3.948798665721612,0.0,0.0,0
basis_sweep,pca_k008_seed1.pt,pca,8,1,19,trust,3.948798894882202,lasso,0.1,0.0,0.0,3.948798665721612,0.0,0.0,0
basis_sweep,pca_k016_seed0.pt,pca,16,0,19,anger,3.6211390495300293,ols,,0.8457841489008269,0.9196652173995972,1.422033112506592,9.195158958435059,3.330235004425049,16
basis_sweep,pca_k016_seed0.pt,pca,16,0,19,anger,3.6211390495300293,nnls,,0.3644402249841472,0.6036888478322908,2.886844578299816,3.6882721512578565,2.186040588039221,6
basis_sweep,pca_k016_seed0.pt,pca,16,0,19,anger,3.6211390495300293,lasso,0.001,0.8001590663530189,0.9066691398620605,1.618778496568746,6.35135555267334,2.7474188804626465,9
basis_sweep,pca_k016_seed0.pt,pca,16,0,19,anger,3.6211390495300293,lasso,0.01,0.0,0.0,3.6211390487323056,0.0,0.0,0
basis_sweep,pca_k016_seed0.pt,pca,16,0,19,anger,3.6211390495300293,lasso,0.1,0.0,0.0,3.6211390487323056,0.0,0.0,0
basis_sweep,pca_k016_seed0.pt,pca,16,0,19,anticipation,4.50900411605835,ols,,0.8884050848268564,0.9425523281097412,1.5062699407626743,10.063570022583008,4.249971389770508,16
basis_sweep,pca_k016_seed0.pt,pca,16,0,19,anticipation,4.50900411605835,nnls,,0.7036860541639174,0.838859944961277,2.4544639176468435,5.879456226034072,3.7824217677914564,7
basis_sweep,pca_k016_seed0.pt,pca,16,0,19,anticipation,4.50900411605835,lasso,0.001,0.8381099099758335,0.9221848845481873,1.8142232923850825,6.34237003326416,3.657756805419922,9
basis_sweep,pca_k016_seed0.pt,pca,16,0,19,anticipation,4.50900411605835,lasso,0.01,0.23304016376217707,0.8016482591629028,3.9488161751568867,0.7288731932640076,0.7288731932640076,1
basis_sweep,pca_k016_seed0.pt,pca,16,0,19,anticipation,4.50900411605835,lasso,0.1,0.0,0.0,4.5090038503705285,0.0,0.0,0
basis_sweep,pca_k016_seed0.pt,pca,16,0,19,disgust,3.974813461303711,ols,,0.8981288556493185,0.9476965665817261,1.268651475510393,11.064170837402344,3.766916513442993,16
basis_sweep,pca_k016_seed0.pt,pca,16,0,19,disgust,3.974813461303711,nnls,,0.19079289706264668,0.43679849256790115,3.575580660676879,3.6107320510105896,1.736192168924772,8
basis_sweep,pca_k016_seed0.pt,pca,16,0,19,disgust,3.974813461303711,lasso,0.001,0.8467791520287808,0.9337242841720581,1.5558784562228278,7.623919486999512,3.0821280479431152,9
basis_sweep,pca_k016_seed0.pt,pca,16,0,19,disgust,3.974813461303711,lasso,0.01,0.0,0.0,3.9748133201668456,0.0,0.0,0
basis_sweep,pca_k016_seed0.pt,pca,16,0,19,disgust,3.974813461303711,lasso,0.1,0.0,0.0,3.9748133201668456,0.0,0.0,0
basis_sweep,pca_k016_seed0.pt,pca,16,0,19,fear,3.9300339221954346,ols,,0.8389056247465334,0.9159179329872131,1.5773806185520638,9.00859546661377,3.5995876789093018,16
basis_sweep,pca_k016_seed0.pt,pca,16,0,19,fear,3.9300339221954346,nnls,,0.7006658215540432,0.8370578758203736,2.150178257028061,5.959752500183807,3.2896648978479126,8
basis_sweep,pca_k016_seed0.pt,pca,16,0,19,fear,3.9300339221954346,lasso,0.001,0.7880678329543788,0.895476758480072,1.8092340444104,5.6140971183776855,3.0573999881744385,10
basis_sweep,pca_k016_seed0.pt,pca,16,0,19,fear,3.9300339221954346,lasso,0.01,0.18054022887441346,0.7682055830955505,3.5576246933251867,0.503853440284729,0.503853440284729,1
basis_sweep,pca_k016_seed0.pt,pca,16,0,19,fear,3.9300339221954346,lasso,0.1,0.0,0.0,3.930034038211871,0.0,0.0,0
basis_sweep,pca_k016_seed0.pt,pca,16,0,19,joy,2.8518917560577393,ols,,0.7876173084932545,0.8874779343605042,1.314294133766525,7.45773458480835,2.530991315841675,16
basis_sweep,pca_k016_seed0.pt,pca,16,0,19,joy,2.8518917560577393,nnls,,0.682416382088818,0.8260849319480135,1.6071708813090728,5.457738882761284,2.3559047193692284,8
basis_sweep,pca_k016_seed0.pt,pca,16,0,19,joy,2.8518917560577393,lasso,0.001,0.7340578232552817,0.8706676363945007,1.4707085557409276,4.941400527954102,2.041196346282959,12
basis_sweep,pca_k016_seed0.pt,pca,16,0,19,joy,2.8518917560577393,lasso,0.01,0.0,0.0,2.851891569197703,0.0,0.0,0
basis_sweep,pca_k016_seed0.pt,pca,16,0,19,joy,2.8518917560577393,lasso,0.1,0.0,0.0,2.851891569197703,0.0,0.0,0
basis_sweep,pca_k016_seed0.pt,pca,16,0,19,sadness,4.420462131500244,ols,,0.8818197489038875,0.9390525817871094,1.5196379401009112,10.753467559814453,4.151045322418213,16
basis_sweep,pca_k016_seed0.pt,pca,16,0,19,sadness,4.420462131500244,nnls,,0.5816956023214193,0.7626897201325387,2.85899824555702,5.830090281897766,3.371440022434243,7
basis_sweep,pca_k016_seed0.pt,pca,16,0,19,sadness,4.420462131500244,lasso,0.001,0.8315006590633609,0.9207379817962646,1.8145409635669636,6.985854625701904,3.5064496994018555,11
basis_sweep,pca_k016_seed0.pt,pca,16,0,19,sadness,4.420462131500244,lasso,0.01,0.06950229198263869,0.6921718716621399,4.264079837617052,0.2306252270936966,0.2306252270936966,1
basis_sweep,pca_k016_seed0.pt,pca,16,0,19,sadness,4.420462131500244,lasso,0.1,0.0,0.0,4.420462123136005,0.0,0.0,0
basis_sweep,pca_k016_seed0.pt,pca,16,0,19,surprise,3.1134231090545654,ols,,0.7649783245645457,0.8746304512023926,1.5093575107358905,8.879040718078613,2.7230942249298096,16
basis_sweep,pca_k016_seed0.pt,pca,16,0,19,surprise,3.1134231090545654,nnls,,0.1820731996861864,0.42670039556124123,2.8157583489297195,2.9003053032335626,1.32849890438506,7
basis_sweep,pca_k016_seed0.pt,pca,16,0,19,surprise,3.1134231090545654,lasso,0.001,0.7129385373530477,0.8650954365730286,1.6681135414047277,6.199288845062256,2.1071951389312744,11
basis_sweep,pca_k016_seed0.pt,pca,16,0,19,surprise,3.1134231090545654,lasso,0.01,0.0,0.0,3.1134232281674894,0.0,0.0,0
basis_sweep,pca_k016_seed0.pt,pca,16,0,19,surprise,3.1134231090545654,lasso,0.1,0.0,0.0,3.1134232281674894,0.0,0.0,0
basis_sweep,pca_k016_seed0.pt,pca,16,0,19,trust,3.948798894882202,ols,,0.9018074922921114,0.94963538646698,1.2373830624441131,11.116840362548828,3.749918222427368,16
basis_sweep,pca_k016_seed0.pt,pca,16,0,19,trust,3.948798894882202,nnls,,0.5742594932178268,0.7577990537978825,2.5765434915502134,7.125724879778154,2.992395340456008,10
basis_sweep,pca_k016_seed0.pt,pca,16,0,19,trust,3.948798894882202,lasso,0.001,0.8456183518295544,0.9328731894493103,1.5515394687383812,7.514019012451172,3.063951253890991,12
basis_sweep,pca_k016_seed0.pt,pca,16,0,19,trust,3.948798894882202,lasso,0.01,0.0,0.0,3.948798665721612,0.0,0.0,0
basis_sweep,pca_k016_seed0.pt,pca,16,0,19,trust,3.948798894882202,lasso,0.1,0.0,0.0,3.948798665721612,0.0,0.0,0
basis_sweep,pca_k016_seed1.pt,pca,16,1,19,anger,3.6211390495300293,ols,,0.845969354180861,0.9197657704353333,1.4211789617843549,9.187408447265625,3.3306005001068115,16
basis_sweep,pca_k016_seed1.pt,pca,16,1,19,anger,3.6211390495300293,nnls,,0.3646566474217515,0.6038680712163774,2.886353018605523,3.68108630870133,2.1866904133748064,6
basis_sweep,pca_k016_seed1.pt,pca,16,1,19,anger,3.6211390495300293,lasso,0.001,0.8003733997361961,0.9067896604537964,1.6179101775880267,6.352860450744629,2.7478044033050537,9
basis_sweep,pca_k016_seed1.pt,pca,16,1,19,anger,3.6211390495300293,lasso,0.01,0.0,0.0,3.6211390487323056,0.0,0.0,0
basis_sweep,pca_k016_seed1.pt,pca,16,1,19,anger,3.6211390495300293,lasso,0.1,0.0,0.0,3.6211390487323056,0.0,0.0,0
basis_sweep,pca_k016_seed1.pt,pca,16,1,19,anticipation,4.50900411605835,ols,,0.8885946717251317,0.9426529407501221,1.5049899073671078,10.069417953491211,4.250426769256592,16
basis_sweep,pca_k016_seed1.pt,pca,16,1,19,anticipation,4.50900411605835,nnls,,0.7036867042363166,0.8388603324348812,2.454461225265764,5.879273577333315,3.7824250535169566,7
basis_sweep,pca_k016_seed1.pt,pca,16,1,19,anticipation,4.50900411605835,lasso,0.001,0.8382831849191696,0.9222916960716248,1.8132521285545933,6.348517894744873,3.657755136489868,10
basis_sweep,pca_k016_seed1.pt,pca,16,1,19,anticipation,4.50900411605835,lasso,0.01,0.23303969469086327,0.8016481995582581,3.9488173827012854,0.7288720011711121,0.7288720011711121,1
basis_sweep,pca_k016_seed1.pt,pca,16,1,19,anticipation,4.50900411605835,lasso,0.1,0.0,0.0,4.5090038503705285,0.0,0.0,0
basis_sweep,pca_k016_seed1.pt,pca,16,1,19,disgust,3.974813461303711,ols,,0.8981726033102749,0.9477196931838989,1.2683790406869242,11.067281723022461,3.7670090198516846,16
basis_sweep,pca_k016_seed1.pt,pca,16,1,19,disgust,3.974813461303711,nnls,,0.19083210373750326,0.4368433698497245,3.575494039881068,3.6137065552898124,1.7363710666501786,8
basis_sweep,pca_k016_seed1.pt,pca,16,1,19,disgust,3.974813461303711,lasso,0.001,0.8467716670892036,0.9337202310562134,1.5559164586035987,7.623862266540527,3.0821139812469482,9
basis_sweep,pca_k016_seed1.pt,pca,16,1,19,disgust,3.974813461303711,lasso,0.01,0.0,0.0,3.9748133201668456,0.0,0.0,0
basis_sweep,pca_k016_seed1.pt,pca,16,1,19,disgust,3.974813461303711,lasso,0.1,0.0,0.0,3.9748133201668456,0.0,0.0,0
basis_sweep,pca_k016_seed1.pt,pca,16,1,19,fear,3.9300339221954346,ols,,0.8389689141975343,0.9159524440765381,1.5770707338636956,9.009847640991211,3.599724531173706,16
basis_sweep,pca_k016_seed1.pt,pca,16,1,19,fear,3.9300339221954346,nnls,,0.7009974697351092,0.8372559558901703,2.1489867787575685,5.96777739479077,3.2904445479922773,8
basis_sweep,pca_k016_seed1.pt,pca,16,1,19,fear,3.9300339221954346,lasso,0.001,0.7881244075489928,0.8955121040344238,1.8089925437550056,5.615520477294922,3.057426929473877,10
basis_sweep,pca_k016_seed1.pt,pca,16,1,19,fear,3.9300339221954346,lasso,0.01,0.1805397349079666,0.7682057023048401,3.557625765584635,0.5038522481918335,0.5038522481918335,1
basis_sweep,pca_k016_seed1.pt,pca,16,1,19,fear,3.9300339221954346,lasso,0.1,0.0,0.0,3.930034038211871,0.0,0.0,0
basis_sweep,pca_k016_seed1.pt,pca,16,1,19,joy,2.8518917560577393,ols,,0.7866339433288995,0.8869238495826721,1.317333313822907,7.452298164367676,2.5294108390808105,16
basis_sweep,pca_k016_seed1.pt,pca,16,1,19,joy,2.8518917560577393,nnls,,0.6814043715741418,0.8254721705845053,1.6097295462888717,5.45158205160155,2.3541573797187216,8
basis_sweep,pca_k016_seed1.pt,pca,16,1,19,joy,2.8518917560577393,lasso,0.001,0.7330838678631129,0.8700982332229614,1.4733991696822062,4.936065673828125,2.0397326946258545,12
basis_sweep,pca_k016_seed1.pt,pca,16,1,19,joy,2.8518917560577393,lasso,0.01,0.0,0.0,2.851891569197703,0.0,0.0,0
basis_sweep,pca_k016_seed1.pt,pca,16,1,19,joy,2.8518917560577393,lasso,0.1,0.0,0.0,2.851891569197703,0.0,0.0,0
basis_sweep,pca_k016_seed1.pt,pca,16,1,19,sadness,4.420462131500244,ols,,0.8815558844148109,0.9389122128486633,1.5213334641641822,10.747543334960938,4.150425434112549,16
basis_sweep,pca_k016_seed1.pt,pca,16,1,19,sadness,4.420462131500244,nnls,,0.5816609110062532,0.7626669770488398,2.85911679601149,5.83109329665417,3.371340745439123,7
basis_sweep,pca_k016_seed1.pt,pca,16,1,19,sadness,4.420462131500244,lasso,0.001,0.8312231047584726,0.9205681681632996,1.816034816378785,6.978015899658203,3.506309986114502,11
basis_sweep,pca_k016_seed1.pt,pca,16,1,19,sadness,4.420462131500244,lasso,0.01,0.06950190154225899,0.6921719908714294,4.264080732229022,0.2306237816810608,0.2306237816810608,1
basis_sweep,pca_k016_seed1.pt,pca,16,1,19,sadness,4.420462131500244,lasso,0.1,0.0,0.0,4.420462123136005,0.0,0.0,0
basis_sweep,pca_k016_seed1.pt,pca,16,1,19,surprise,3.1134231090545654,ols,,0.7653340067379155,0.8748337030410767,1.5082149462667633,8.876680374145508,2.7237277030944824,16
basis_sweep,pca_k016_seed1.pt,pca,16,1,19,surprise,3.1134231090545654,nnls,,0.18256030190788464,0.42727079215772373,2.814919785863694,2.9054525273297167,1.3302748025750675,7
basis_sweep,pca_k016_seed1.pt,pca,16,1,19,surprise,3.1134231090545654,lasso,0.001,0.7134742865474563,0.8654240965843201,1.6665561957305346,6.204380989074707,2.1079461574554443,11
basis_sweep,pca_k016_seed1.pt,pca,16,1,19,surprise,3.1134231090545654,lasso,0.01,0.0,0.0,3.1134232281674894,0.0,0.0,0
basis_sweep,pca_k016_seed1.pt,pca,16,1,19,surprise,3.1134231090545654,lasso,0.1,0.0,0.0,3.1134232281674894,0.0,0.0,0
basis_sweep,pca_k016_seed1.pt,pca,16,1,19,trust,3.948798894882202,ols,,0.9018138911958241,0.9496387839317322,1.2373427435630833,11.116732597351074,3.7499325275421143,16
basis_sweep,pca_k016_seed1.pt,pca,16,1,19,trust,3.948798894882202,nnls,,0.5743395333854872,0.7578518628962634,2.576301282195622,7.12676054465002,2.9926047819411767,10
basis_sweep,pca_k016_seed1.pt,pca,16,1,19,trust,3.948798894882202,lasso,0.001,0.8456289631537516,0.9328786730766296,1.5514861457838036,7.513992786407471,3.063981533050537,12
basis_sweep,pca_k016_seed1.pt,pca,16,1,19,trust,3.948798894882202,lasso,0.01,0.0,0.0,3.948798665721612,0.0,0.0,0
basis_sweep,pca_k016_seed1.pt,pca,16,1,19,trust,3.948798894882202,lasso,0.1,0.0,0.0,3.948798665721612,0.0,0.0,0
basis_sweep_L13,ica_k016_seed0.pt,ica,16,0,13,anger,1.950520634651184,ols,,0.8027388681760477,0.8959569334983826,0.8663059599665112,11.51385498046875,3.524372100830078,16
basis_sweep_L13,ica_k016_seed0.pt,ica,16,0,13,anger,1.950520634651184,nnls,,0.3265481856989815,0.5714439104924776,1.600677371924143,4.017303553404528,1.934314054512741,9
basis_sweep_L13,ica_k016_seed0.pt,ica,16,0,13,anger,1.950520634651184,lasso,0.001,0.6217009733064834,0.8632504343986511,1.1996875554865043,5.4818267822265625,1.839458703994751,12
basis_sweep_L13,ica_k016_seed0.pt,ica,16,0,13,anger,1.950520634651184,lasso,0.01,0.0,0.0,1.950520602448216,0.0,0.0,0
basis_sweep_L13,ica_k016_seed0.pt,ica,16,0,13,anger,1.950520634651184,lasso,0.1,0.0,0.0,1.950520602448216,0.0,0.0,0
basis_sweep_L13,ica_k016_seed0.pt,ica,16,0,13,anticipation,2.382500171661377,ols,,0.8993328419610225,0.9483314752578735,0.7559216692979079,14.755889892578125,5.355797290802002,16
basis_sweep_L13,ica_k016_seed0.pt,ica,16,0,13,anticipation,2.382500171661377,nnls,,0.4572283235618454,0.6761865944614901,1.7552600944683,5.247678003282758,3.122224019429529,6
basis_sweep_L13,ica_k016_seed0.pt,ica,16,0,13,anticipation,2.382500171661377,lasso,0.001,0.7071411926469555,0.9024973511695862,1.2893239074140252,7.011651992797852,3.107614517211914,11
basis_sweep_L13,ica_k016_seed0.pt,ica,16,0,13,anticipation,2.382500171661377,lasso,0.01,0.0,0.0,2.382499899448901,0.0,0.0,0
basis_sweep_L13,ica_k016_seed0.pt,ica,16,0,13,anticipation,2.382500171661377,lasso,0.1,0.0,0.0,2.382499899448901,0.0,0.0,0
basis_sweep_L13,ica_k016_seed0.pt,ica,16,0,13,disgust,2.1079447269439697,ols,,0.8898429476688969,0.9433148503303528,0.6996250783413503,11.687618255615234,3.5082387924194336,16
basis_sweep_L13,ica_k016_seed0.pt,ica,16,0,13,disgust,2.1079447269439697,nnls,,0.23411937834717678,0.48385888411945954,1.8447595020497314,3.44245731116241,1.689167357840594,5
basis_sweep_L13,ica_k016_seed0.pt,ica,16,0,13,disgust,2.1079447269439697,lasso,0.001,0.7330066372987214,0.9151222109794617,1.0892045529077405,6.3008599281311035,2.0907938480377197,14
basis_sweep_L13,ica_k016_seed0.pt,ica,16,0,13,disgust,2.1079447269439697,lasso,0.01,0.0,0.0,2.10794471003718,0.0,0.0,0
basis_sweep_L13,ica_k016_seed0.pt,ica,16,0,13,disgust,2.1079447269439697,lasso,0.1,0.0,0.0,2.10794471003718,0.0,0.0,0
basis_sweep_L13,ica_k016_seed0.pt,ica,16,0,13,fear,2.1052675247192383,ols,,0.8293995386714965,0.9107136726379395,0.8695556678325352,13.688579559326172,4.3988542556762695,16
basis_sweep_L13,ica_k016_seed0.pt,ica,16,0,13,fear,2.1052675247192383,nnls,,0.17364644049795075,0.4167090081901293,1.913772195834058,3.006883678465208,1.6331702459258985,5
basis_sweep_L13,ica_k016_seed0.pt,ica,16,0,13,fear,2.1052675247192383,lasso,0.001,0.6156921084100466,0.8749107718467712,1.3051094697660883,6.211275100708008,2.2159042358398438,11
basis_sweep_L13,ica_k016_seed0.pt,ica,16,0,13,fear,2.1052675247192383,lasso,0.01,0.0,0.0,2.105267516872009,0.0,0.0,0
basis_sweep_L13,ica_k016_seed0.pt,ica,16,0,13,fear,2.1052675247192383,lasso,0.1,0.0,0.0,2.105267516872009,0.0,0.0,0
basis_sweep_L13,ica_k016_seed0.pt,ica,16,0,13,joy,1.5944256782531738,ols,,0.7634840689500655,0.8737756609916687,0.7754154921995435,5.3381147384643555,1.8220739364624023,16
basis_sweep_L13,ica_k016_seed0.pt,ica,16,0,13,joy,1.5944256782531738,nnls,,0.4825202744499574,0.694636817310225,1.1469670553961584,2.808059878119847,1.4669769147391556,6
basis_sweep_L13,ica_k016_seed0.pt,ica,16,0,13,joy,1.5944256782531738,lasso,0.001,0.691323639319045,0.8553070425987244,0.8858413724872434,3.271529197692871,1.3556557893753052,11
basis_sweep_L13,ica_k016_seed0.pt,ica,16,0,13,joy,1.5944256782531738,lasso,0.01,0.0,0.0,1.5944256565805075,0.0,0.0,0
basis_sweep_L13,ica_k016_seed0.pt,ica,16,0,13,joy,1.5944256782531738,lasso,0.1,0.0,0.0,1.5944256565805075,0.0,0.0,0
basis_sweep_L13,ica_k016_seed0.pt,ica,16,0,13,sadness,2.3955397605895996,ols,,0.8688254170842079,0.9321079850196838,0.8676173888712003,15.25048542022705,4.918407917022705,16
basis_sweep_L13,ica_k016_seed0.pt,ica,16,0,13,sadness,2.3955397605895996,nnls,,0.24746378991847628,0.4974572701348637,2.078103159041569,3.9850908499868036,2.2517621800105347,6
basis_sweep_L13,ica_k016_seed0.pt,ica,16,0,13,sadness,2.3955397605895996,lasso,0.001,0.6487771651070151,0.8726982474327087,1.4196940872943062,6.749032020568848,2.6015141010284424,13
basis_sweep_L13,ica_k016_seed0.pt,ica,16,0,13,sadness,2.3955397605895996,lasso,0.01,0.0,0.0,2.3955398600969837,0.0,0.0,0
basis_sweep_L13,ica_k016_seed0.pt,ica,16,0,13,sadness,2.3955397605895996,lasso,0.1,0.0,0.0,2.3955398600969837,0.0,0.0,0
basis_sweep_L13,ica_k016_seed0.pt,ica,16,0,13,surprise,1.6284281015396118,ols,,0.6769824517521634,0.8227894306182861,0.9255111557871908,7.8596296310424805,2.2429704666137695,16
basis_sweep_L13,ica_k016_seed0.pt,ica,16,0,13,surprise,1.6284281015396118,nnls,,0.17221987661509774,0.41499378402452847,1.4815833770249636,2.283619691059835,0.8433708788767812,9
basis_sweep_L13,ica_k016_seed0.pt,ica,16,0,13,surprise,1.6284281015396118,lasso,0.001,0.5115741581555864,0.7664534449577332,1.1380672256243403,3.441286325454712,1.1282464265823364,13
basis_sweep_L13,ica_k016_seed0.pt,ica,16,0,13,surprise,1.6284281015396118,lasso,0.01,0.0,0.0,1.6284281442944823,0.0,0.0,0
basis_sweep_L13,ica_k016_seed0.pt,ica,16,0,13,surprise,1.6284281015396118,lasso,0.1,0.0,0.0,1.6284281442944823,0.0,0.0,0
basis_sweep_L13,ica_k016_seed0.pt,ica,16,0,13,trust,2.0369374752044678,ols,,0.8788121932722185,0.9374498724937439,0.7090994581238486,10.45463752746582,3.8240349292755127,16
basis_sweep_L13,ica_k016_seed0.pt,ica,16,0,13,trust,2.0369374752044678,nnls,,0.6329395772040707,0.7955749988601033,1.2340889706556288,5.895362345291408,2.8250711810552924,8
basis_sweep_L13,ica_k016_seed0.pt,ica,16,0,13,trust,2.0369374752044678,lasso,0.001,0.742542427168834,0.8990690112113953,1.0335477027237505,5.245480537414551,2.389552116394043,9
basis_sweep_L13,ica_k016_seed0.pt,ica,16,0,13,trust,2.0369374752044678,lasso,0.01,0.0,0.0,2.0369374393749777,0.0,0.0,0
basis_sweep_L13,ica_k016_seed0.pt,ica,16,0,13,trust,2.0369374752044678,lasso,0.1,0.0,0.0,2.0369374393749777,0.0,0.0,0
basis_sweep_L16,ica_k016_seed0.pt,ica,16,0,16,anger,2.6951637268066406,ols,,0.8282388546099463,0.9100763201713562,1.116985702962741,23.890396118164062,6.918334484100342,16
basis_sweep_L16,ica_k016_seed0.pt,ica,16,0,16,anger,2.6951637268066406,nnls,,0.33593053671991646,0.5795951295507155,2.1963012339052614,7.872554264735603,3.035511187371116,8
basis_sweep_L16,ica_k016_seed0.pt,ica,16,0,16,anger,2.6951637268066406,lasso,0.001,0.4173633431227114,0.7409191131591797,2.0572357041356746,5.776958465576172,1.94150972366333,13
basis_sweep_L16,ica_k016_seed0.pt,ica,16,0,16,anger,2.6951637268066406,lasso,0.01,0.0,0.0,2.6951637116427922,0.0,0.0,0
basis_sweep_L16,ica_k016_seed0.pt,ica,16,0,16,anger,2.6951637268066406,lasso,0.1,0.0,0.0,2.6951637116427922,0.0,0.0,0
basis_sweep_L16,ica_k016_seed0.pt,ica,16,0,16,anticipation,3.399651050567627,ols,,0.9005968969355029,0.9489978551864624,1.071850805871462,32.558135986328125,11.1558256149292,16
basis_sweep_L16,ica_k016_seed0.pt,ica,16,0,16,anticipation,3.399651050567627,nnls,,0.3802835836568337,0.6166713472557881,2.6762758073478228,10.307856219523032,4.947739643927956,9
basis_sweep_L16,ica_k016_seed0.pt,ica,16,0,16,anticipation,3.399651050567627,lasso,0.001,0.4831396465664146,0.7916803956031799,2.444111294392844,8.308145523071289,3.834103584289551,10
basis_sweep_L16,ica_k016_seed0.pt,ica,16,0,16,anticipation,3.399651050567627,lasso,0.01,0.0,0.0,3.399651251465626,0.0,0.0,0
basis_sweep_L16,ica_k016_seed0.pt,ica,16,0,16,anticipation,3.399651050567627,lasso,0.1,0.0,0.0,3.399651251465626,0.0,0.0,0
basis_sweep_L16,ica_k016_seed0.pt,ica,16,0,16,disgust,2.861050844192505,ols,,0.8851693361920842,0.9408344030380249,0.9695149447217345,22.104257583618164,6.757077693939209,16
basis_sweep_L16,ica_k016_seed0.pt,ica,16,0,16,disgust,2.861050844192505,nnls,,0.4579253982588811,0.676701814774029,2.106469134774446,9.246901693652108,3.9649339198061115,9
basis_sweep_L16,ica_k016_seed0.pt,ica,16,0,16,disgust,2.861050844192505,lasso,0.001,0.5694249814405663,0.8206291198730469,1.877370480312589,7.181546211242676,2.886570453643799,12
basis_sweep_L16,ica_k016_seed0.pt,ica,16,0,16,disgust,2.861050844192505,lasso,0.01,0.0,0.0,2.8610508078070747,0.0,0.0,0
basis_sweep_L16,ica_k016_seed0.pt,ica,16,0,16,disgust,2.861050844192505,lasso,0.1,0.0,0.0,2.8610508078070747,0.0,0.0,0
basis_sweep_L16,ica_k016_seed0.pt,ica,16,0,16,fear,2.955843925476074,ols,,0.8291769007038428,0.9105914831161499,1.2216724666927892,26.502573013305664,9.04328441619873,16
basis_sweep_L16,ica_k016_seed0.pt,ica,16,0,16,fear,2.955843925476074,nnls,,0.270479150415601,0.5200761005755397,2.5246451328378225,8.194496546785853,3.356826787440533,10
basis_sweep_L16,ica_k016_seed0.pt,ica,16,0,16,fear,2.955843925476074,lasso,0.001,0.4479906066983924,0.8242826461791992,2.1961131960490654,7.625428676605225,2.9157168865203857,9
basis_sweep_L16,ica_k016_seed0.pt,ica,16,0,16,fear,2.955843925476074,lasso,0.01,0.0,0.0,2.955843849590025,0.0,0.0,0
basis_sweep_L16,ica_k016_seed0.pt,ica,16,0,16,fear,2.955843925476074,lasso,0.1,0.0,0.0,2.955843849590025,0.0,0.0,0
basis_sweep_L16,ica_k016_seed0.pt,ica,16,0,16,joy,2.1314613819122314,ols,,0.7787371046104855,0.88246089220047,1.0026094246598463,9.650501251220703,3.3164708614349365,16
basis_sweep_L16,ica_k016_seed0.pt,ica,16,0,16,joy,2.1314613819122314,nnls,,0.4853384097631501,0.6966623981583114,1.5291087234511926,5.056947496766479,2.5136369696331937,7
basis_sweep_L16,ica_k016_seed0.pt,ica,16,0,16,joy,2.1314613819122314,lasso,0.001,0.6557983464933042,0.8423794507980347,1.2505007694429626,4.715600967407227,2.1916708946228027,8
basis_sweep_L16,ica_k016_seed0.pt,ica,16,0,16,joy,2.1314613819122314,lasso,0.01,0.0,0.0,2.1314614736398214,0.0,0.0,0
basis_sweep_L16,ica_k016_seed0.pt,ica,16,0,16,joy,2.1314613819122314,lasso,0.1,0.0,0.0,2.1314614736398214,0.0,0.0,0
basis_sweep_L16,ica_k016_seed0.pt,ica,16,0,16,sadness,3.323620319366455,ols,,0.8713935436326506,0.9334846138954163,1.191908233451298,31.38983154296875,9.931821823120117,16
basis_sweep_L16,ica_k016_seed0.pt,ica,16,0,16,sadness,3.323620319366455,nnls,,0.29939741693959876,0.547172167977313,2.7819370659503826,10.002818468358134,4.030703760786227,8
basis_sweep_L16,ica_k016_seed0.pt,ica,16,0,16,sadness,3.323620319366455,lasso,0.001,0.4575046149346208,0.8490529656410217,2.447988977108242,8.950798034667969,3.2239322662353516,12
basis_sweep_L16,ica_k016_seed0.pt,ica,16,0,16,sadness,3.323620319366455,lasso,0.01,0.0,0.0,3.3236205372984666,0.0,0.0,0
basis_sweep_L16,ica_k016_seed0.pt,ica,16,0,16,sadness,3.323620319366455,lasso,0.1,0.0,0.0,3.3236205372984666,0.0,0.0,0
basis_sweep_L16,ica_k016_seed0.pt,ica,16,0,16,surprise,2.225400447845459,ols,,0.7338976213057062,0.856678307056427,1.147975283659056,16.532493591308594,4.716275215148926,16
basis_sweep_L16,ica_k016_seed0.pt,ica,16,0,16,surprise,2.225400447845459,nnls,,0.21093405451774616,0.45927565422677374,1.976809454584936,4.253430718025223,1.7867373537779756,9
basis_sweep_L16,ica_k016_seed0.pt,ica,16,0,16,surprise,2.225400447845459,lasso,0.001,0.45816054381159166,0.756514310836792,1.6381115506699642,4.918378829956055,1.7368706464767456,10
basis_sweep_L16,ica_k016_seed0.pt,ica,16,0,16,surprise,2.225400447845459,lasso,0.01,0.0,0.0,2.2254003871752484,0.0,0.0,0
basis_sweep_L16,ica_k016_seed0.pt,ica,16,0,16,surprise,2.225400447845459,lasso,0.1,0.0,0.0,2.2254003871752484,0.0,0.0,0
basis_sweep_L16,ica_k016_seed0.pt,ica,16,0,16,trust,2.8902223110198975,ols,,0.8919339174000609,0.9444225430488586,0.9501145143255266,25.583213806152344,8.29374885559082,16
basis_sweep_L16,ica_k016_seed0.pt,ica,16,0,16,trust,2.8902223110198975,nnls,,0.5214850284542306,0.7221391884379383,1.99930482218319,10.025494359490338,4.712918497508728,7
basis_sweep_L16,ica_k016_seed0.pt,ica,16,0,16,trust,2.8902223110198975,lasso,0.001,0.5224916855602233,0.7909994125366211,1.9972007354455348,6.814781188964844,2.924553155899048,9
basis_sweep_L16,ica_k016_seed0.pt,ica,16,0,16,trust,2.8902223110198975,lasso,0.01,0.0,0.0,2.890222304878753,0.0,0.0,0
basis_sweep_L16,ica_k016_seed0.pt,ica,16,0,16,trust,2.8902223110198975,lasso,0.1,0.0,0.0,2.890222304878753,0.0,0.0,0
basis_sweep_L19,ica_k016_seed0.pt,ica,16,0,19,anger,3.6211390495300293,ols,,0.8458441869760942,0.9196978211402893,1.4217562783110866,39.71706771850586,12.558794021606445,16
basis_sweep_L19,ica_k016_seed0.pt,ica,16,0,19,anger,3.6211390495300293,nnls,,0.390990058578771,0.6252919786627699,2.825903925578845,13.840430514998266,5.2040946543022875,9
basis_sweep_L19,ica_k016_seed0.pt,ica,16,0,19,anger,3.6211390495300293,lasso,0.001,0.3690230296020076,0.6727187037467957,2.8764177226900256,6.274513244628906,3.397231101989746,7
basis_sweep_L19,ica_k016_seed0.pt,ica,16,0,19,anger,3.6211390495300293,lasso,0.01,0.0,0.0,3.6211390487323056,0.0,0.0,0
basis_sweep_L19,ica_k016_seed0.pt,ica,16,0,19,anger,3.6211390495300293,lasso,0.1,0.0,0.0,3.6211390487323056,0.0,0.0,0
basis_sweep_L19,ica_k016_seed0.pt,ica,16,0,19,anticipation,4.50900411605835,ols,,0.8884978436791702,0.9426016211509705,1.5056437970132568,52.403900146484375,19.274154663085938,16
basis_sweep_L19,ica_k016_seed0.pt,ica,16,0,19,anticipation,4.50900411605835,nnls,,0.15339830893894146,0.39166098463547927,4.148777766036505,11.695916975641872,4.448009552681407,8
basis_sweep_L19,ica_k016_seed0.pt,ica,16,0,19,anticipation,4.50900411605835,lasso,0.001,0.396247054232149,0.7369776368141174,3.5035654708169477,9.551039695739746,6.070528507232666,5
basis_sweep_L19,ica_k016_seed0.pt,ica,16,0,19,anticipation,4.50900411605835,lasso,0.01,0.0,0.0,4.5090038503705285,0.0,0.0,0
basis_sweep_L19,ica_k016_seed0.pt,ica,16,0,19,anticipation,4.50900411605835,lasso,0.1,0.0,0.0,4.5090038503705285,0.0,0.0,0
basis_sweep_L19,ica_k016_seed0.pt,ica,16,0,19,disgust,3.974813461303711,ols,,0.8981869922011758,0.9477272629737854,1.2682894223081373,42.25544738769531,13.425862312316895,16
basis_sweep_L19,ica_k016_seed0.pt,ica,16,0,19,disgust,3.974813461303711,nnls,,0.4060638828377464,0.6372314286011551,3.0632793569258157,16.240268703052415,6.408137453657137,8
basis_sweep_L19,ica_k016_seed0.pt,ica,16,0,19,disgust,3.974813461303711,lasso,0.001,0.42663370878756046,0.7914173603057861,3.0097665755798304,9.562295913696289,3.849727153778076,8
basis_sweep_L19,ica_k016_seed0.pt,ica,16,0,19,disgust,3.974813461303711,lasso,0.01,0.0,0.0,3.9748133201668456,0.0,0.0,0
basis_sweep_L19,ica_k016_seed0.pt,ica,16,0,19,disgust,3.974813461303711,lasso,0.1,0.0,0.0,3.9748133201668456,0.0,0.0,0
basis_sweep_L19,ica_k016_seed0.pt,ica,16,0,19,fear,3.9300339221954346,ols,,0.8389114288522838,0.9159210324287415,1.5773522023942368,47.61469268798828,15.672491073608398,16
basis_sweep_L19,ica_k016_seed0.pt,ica,16,0,19,fear,3.9300339221954346,nnls,,0.17922977507972881,0.4233554183101752,3.560468176654783,10.532670584792353,4.234759908062335,9
basis_sweep_L19,ica_k016_seed0.pt,ica,16,0,19,fear,3.9300339221954346,lasso,0.001,0.18174513652985602,0.6038174629211426,3.5550082219239347,4.6268815994262695,1.8519078493118286,9
basis_sweep_L19,ica_k016_seed0.pt,ica,16,0,19,fear,3.9300339221954346,lasso,0.01,0.0,0.0,3.930034038211871,0.0,0.0,0
basis_sweep_L19,ica_k016_seed0.pt,ica,16,0,19,fear,3.9300339221954346,lasso,0.1,0.0,0.0,3.930034038211871,0.0,0.0,0
basis_sweep_L19,ica_k016_seed0.pt,ica,16,0,19,joy,2.8518917560577393,ols,,0.7865618896839348,0.8868831396102905,1.3175557265539373,17.500476837158203,6.093272686004639,16
basis_sweep_L19,ica_k016_seed0.pt,ica,16,0,19,joy,2.8518917560577393,nnls,,0.5328165964141313,0.7299428393517365,1.9492911564768798,10.247214774134981,4.7401579294393335,8
basis_sweep_L19,ica_k016_seed0.pt,ica,16,0,19,joy,2.8518917560577393,lasso,0.001,0.5656763404205822,0.809771716594696,1.879488848735084,6.8155927658081055,3.145974636077881,9
basis_sweep_L19,ica_k016_seed0.pt,ica,16,0,19,joy,2.8518917560577393,lasso,0.01,0.0,0.0,2.851891569197703,0.0,0.0,0
basis_sweep_L19,ica_k016_seed0.pt,ica,16,0,19,joy,2.8518917560577393,lasso,0.1,0.0,0.0,2.851891569197703,0.0,0.0,0
basis_sweep_L19,ica_k016_seed0.pt,ica,16,0,19,sadness,4.420462131500244,ols,,0.8817047154070312,0.9389912486076355,1.5203773476863927,54.05910873413086,17.255325317382812,16
basis_sweep_L19,ica_k016_seed0.pt,ica,16,0,19,sadness,4.420462131500244,nnls,,0.170662262920934,0.41311290387845023,4.02562565673969,11.89652994342044,4.464253507127276,10
basis_sweep_L19,ica_k016_seed0.pt,ica,16,0,19,sadness,4.420462131500244,lasso,0.001,0.2851698444934534,0.6636671423912048,3.7373959121754416,7.338052749633789,3.5335841178894043,9
basis_sweep_L19,ica_k016_seed0.pt,ica,16,0,19,sadness,4.420462131500244,lasso,0.01,0.0,0.0,4.420462123136005,0.0,0.0,0
basis_sweep_L19,ica_k016_seed0.pt,ica,16,0,19,sadness,4.420462131500244,lasso,0.1,0.0,0.0,4.420462123136005,0.0,0.0,0
basis_sweep_L19,ica_k016_seed0.pt,ica,16,0,19,surprise,3.1134231090545654,ols,,0.7651346318885044,0.8747198581695557,1.508855508372042,30.871532440185547,9.43502140045166,16
basis_sweep_L19,ica_k016_seed0.pt,ica,16,0,19,surprise,3.1134231090545654,nnls,,0.36878664635765657,0.6072780981807832,2.4735816485081883,10.084108095023943,4.223120541463193,8
basis_sweep_L19,ica_k016_seed0.pt,ica,16,0,19,surprise,3.1134231090545654,lasso,0.001,0.372037847082196,0.6972417235374451,2.467203066041726,5.906717300415039,2.5578274726867676,7
basis_sweep_L19,ica_k016_seed0.pt,ica,16,0,19,surprise,3.1134231090545654,lasso,0.01,0.0,0.0,3.1134232281674894,0.0,0.0,0
basis_sweep_L19,ica_k016_seed0.pt,ica,16,0,19,surprise,3.1134231090545654,lasso,0.1,0.0,0.0,3.1134232281674894,0.0,0.0,0
basis_sweep_L19,ica_k016_seed0.pt,ica,16,0,19,trust,3.948798894882202,ols,,0.9014667143554458,0.9494559168815613,1.239528376966537,38.905303955078125,15.077240943908691,16
basis_sweep_L19,ica_k016_seed0.pt,ica,16,0,19,trust,3.948798894882202,nnls,,0.3122362412996835,0.5587809807346981,3.2747988927097387,11.187673506193327,5.031841337131513,8
basis_sweep_L19,ica_k016_seed0.pt,ica,16,0,19,trust,3.948798894882202,lasso,0.001,0.5184887798548995,0.8286756277084351,2.7401112578420577,10.591304779052734,5.320012092590332,7
basis_sweep_L19,ica_k016_seed0.pt,ica,16,0,19,trust,3.948798894882202,lasso,0.01,0.0,0.0,3.948798665721612,0.0,0.0,0
basis_sweep_L19,ica_k016_seed0.pt,ica,16,0,19,trust,3.948798894882202,lasso,0.1,0.0,0.0,3.948798665721612,0.0,0.0,0
basis_sweep_L22,ica_k016_seed0.pt,ica,16,0,22,anger,4.784615993499756,ols,,0.8567457751812362,0.9256055355072021,1.8109264778282317,78.75524139404297,23.692338943481445,16
basis_sweep_L22,ica_k016_seed0.pt,ica,16,0,22,anger,4.784615993499756,nnls,,0.2789706361630432,0.5281766464945145,4.062782517991258,23.15966229919296,8.589724398703742,9
basis_sweep_L22,ica_k016_seed0.pt,ica,16,0,22,anger,4.784615993499756,lasso,0.001,0.1107696947832455,0.5730375647544861,4.511845574516181,3.7161078453063965,1.6096105575561523,7
basis_sweep_L22,ica_k016_seed0.pt,ica,16,0,22,anger,4.784615993499756,lasso,0.01,0.0,0.0,4.784616120664137,0.0,0.0,0
basis_sweep_L22,ica_k016_seed0.pt,ica,16,0,22,anger,4.784615993499756,lasso,0.1,0.0,0.0,4.784616120664137,0.0,0.0,0
basis_sweep_L22,ica_k016_seed0.pt,ica,16,0,22,anticipation,6.219874382019043,ols,,0.9110061524788883,0.9544665813446045,1.8555027366336345,116.0875244140625,37.4730339050293,16
basis_sweep_L22,ica_k016_seed0.pt,ica,16,0,22,anticipation,6.219874382019043,nnls,,0.15745429228093777,0.39680508272424253,5.709240564339248,25.344537056211756,9.498152446209792,10
basis_sweep_L22,ica_k016_seed0.pt,ica,16,0,22,anticipation,6.219874382019043,lasso,0.001,0.130411884922204,0.4356410801410675,5.800139050625579,4.546144485473633,4.217553615570068,2
basis_sweep_L22,ica_k016_seed0.pt,ica,16,0,22,anticipation,6.219874382019043,lasso,0.01,0.0,0.0,6.219874294764789,0.0,0.0,0
basis_sweep_L22,ica_k016_seed0.pt,ica,16,0,22,anticipation,6.219874382019043,lasso,0.1,0.0,0.0,6.219874294764789,0.0,0.0,0
basis_sweep_L22,ica_k016_seed0.pt,ica,16,0,22,disgust,5.338983058929443,ols,,0.9003704676054257,0.9488785266876221,1.685204463405208,83.26783752441406,25.62970733642578,16
basis_sweep_L22,ica_k016_seed0.pt,ica,16,0,22,disgust,5.338983058929443,nnls,,0.09758292027357562,0.31238262395146676,5.071801034644936,12.290925327191694,5.251549737050315,7
basis_sweep_L22,ica_k016_seed0.pt,ica,16,0,22,disgust,5.338983058929443,lasso,0.001,0.20905493280759047,0.593859851360321,4.748229650559577,6.793656349182129,3.40446400642395,7
basis_sweep_L22,ica_k016_seed0.pt,ica,16,0,22,disgust,5.338983058929443,lasso,0.01,0.0,0.0,5.338983205508439,0.0,0.0,0
basis_sweep_L22,ica_k016_seed0.pt,ica,16,0,22,disgust,5.338983058929443,lasso,0.1,0.0,0.0,5.338983205508439,0.0,0.0,0
basis_sweep_L22,ica_k016_seed0.pt,ica,16,0,22,fear,5.226761817932129,ols,,0.8506369421637567,0.9222997426986694,2.02001357083436,90.12699127197266,28.33664894104004,16
basis_sweep_L22,ica_k016_seed0.pt,ica,16,0,22,fear,5.226761817932129,nnls,,0.21667625209644104,0.4654849718766096,4.625975577926951,23.612566401613034,9.078879963435396,11
basis_sweep_L22,ica_k016_seed0.pt,ica,16,0,22,fear,5.226761817932129,lasso,0.001,0.08438060264149172,0.4176897704601288,5.001383780683071,2.8813648223876953,1.6799215078353882,4
basis_sweep_L22,ica_k016_seed0.pt,ica,16,0,22,fear,5.226761817932129,lasso,0.01,0.0,0.0,5.22676156752579,0.0,0.0,0
basis_sweep_L22,ica_k016_seed0.pt,ica,16,0,22,fear,5.226761817932129,lasso,0.1,0.0,0.0,5.22676156752579,0.0,0.0,0
basis_sweep_L22,ica_k016_seed0.pt,ica,16,0,22,joy,3.6186840534210205,ols,,0.752705744750735,0.8675861358642578,1.799524095989242,32.810630798339844,10.14472770690918,16
basis_sweep_L22,ica_k016_seed0.pt,ica,16,0,22,joy,3.6186840534210205,nnls,,0.6373007472015954,0.7983111759976621,2.1793349462508775,21.454696414647728,8.78141205942824,10
basis_sweep_L22,ica_k016_seed0.pt,ica,16,0,22,joy,3.6186840534210205,lasso,0.001,0.4375838706223959,0.7540366053581238,2.713810610241488,8.024145126342773,4.207888603210449,8
basis_sweep_L22,ica_k016_seed0.pt,ica,16,0,22,joy,3.6186840534210205,lasso,0.01,0.0,0.0,3.618683935955823,0.0,0.0,0
basis_sweep_L22,ica_k016_seed0.pt,ica,16,0,22,joy,3.6186840534210205,lasso,0.1,0.0,0.0,3.618683935955823,0.0,0.0,0
basis_sweep_L22,ica_k016_seed0.pt,ica,16,0,22,sadness,5.9025139808654785,ols,,0.8984323983150356,0.9478567242622375,1.8811119916107306,107.56172943115234,31.826854705810547,16
basis_sweep_L22,ica_k016_seed0.pt,ica,16,0,22,sadness,5.9025139808654785,nnls,,0.20146047591308547,0.448843438503998,5.274548152702727,23.49552069043278,8.664449121963477,8
basis_sweep_L22,ica_k016_seed0.pt,ica,16,0,22,sadness,5.9025139808654785,lasso,0.001,0.12172364385374723,0.4575135111808777,5.531623957002552,4.409618377685547,2.576655387878418,3
basis_sweep_L22,ica_k016_seed0.pt,ica,16,0,22,sadness,5.9025139808654785,lasso,0.01,0.0,0.0,5.902514371292993,0.0,0.0,0
basis_sweep_L22,ica_k016_seed0.pt,ica,16,0,22,sadness,5.9025139808654785,lasso,0.1,0.0,0.0,5.902514371292993,0.0,0.0,0
basis_sweep_L22,ica_k016_seed0.pt,ica,16,0,22,surprise,4.056278705596924,ols,,0.7690148044623442,0.876934826374054,1.9494847668475521,54.16175079345703,16.987213134765625,16
basis_sweep_L22,ica_k016_seed0.pt,ica,16,0,22,surprise,4.056278705596924,nnls,,0.16457447607908404,0.40567775056440686,3.707504125802034,12.490569484972323,5.2800500786095546,8
basis_sweep_L22,ica_k016_seed0.pt,ica,16,0,22,surprise,4.056278705596924,lasso,0.001,0.1764042317939125,0.5232378840446472,3.681161119719029,4.176790237426758,2.4274885654449463,5
basis_sweep_L22,ica_k016_seed0.pt,ica,16,0,22,surprise,4.056278705596924,lasso,0.01,0.0,0.0,4.056278570747559,0.0,0.0,0
basis_sweep_L22,ica_k016_seed0.pt,ica,16,0,22,surprise,4.056278705596924,lasso,0.1,0.0,0.0,4.056278570747559,0.0,0.0,0
basis_sweep_L22,ica_k016_seed0.pt,ica,16,0,22,trust,5.438450813293457,ols,,0.9182061189162153,0.9582306742668152,1.5553767531054823,82.60993957519531,29.943635940551758,16
basis_sweep_L22,ica_k016_seed0.pt,ica,16,0,22,trust,5.438450813293457,nnls,,0.26162512714146,0.511493002178319,4.673192276985297,24.394453848484368,8.253624495404217,11
basis_sweep_L22,ica_k016_seed0.pt,ica,16,0,22,trust,5.438450813293457,lasso,0.001,0.2726445989622701,0.6582286953926086,4.6381899420701505,8.767890930175781,5.48937463760376,6
basis_sweep_L22,ica_k016_seed0.pt,ica,16,0,22,trust,5.438450813293457,lasso,0.01,0.0,0.0,5.438450697297759,0.0,0.0,0
basis_sweep_L22,ica_k016_seed0.pt,ica,16,0,22,trust,5.438450813293457,lasso,0.1,0.0,0.0,5.438450697297759,0.0,0.0,0
