cat_a,cat_b,prompt_id,cluster_id,cluster_name,alpha,beta,cos_joint,cos_marg_a,cos_marg_b,cos_baseline,joint_minus_marg_max,joint_minus_marg_avg
b1,b11,0,0,self-doubt / encouragement,-2.0,-2.0,0.20792222023010254,0.18022263050079346,0.033052776008844376,0.2579997777938843,0.027699589729309082,0.10128451697528362
b1,b11,0,0,self-doubt / encouragement,-2.0,2.0,0.22632677853107452,0.18022263050079346,0.28550663590431213,0.2579997777938843,-0.05917985737323761,-0.0065378546714782715
b1,b11,0,0,self-doubt / encouragement,2.0,-2.0,0.13934612274169922,0.18886063992977142,0.033052776008844376,0.2579997777938843,-0.049514517188072205,0.02838941477239132
b1,b11,0,0,self-doubt / encouragement,2.0,2.0,0.12013567984104156,0.18886063992977142,0.28550663590431213,0.2579997777938843,-0.16537095606327057,-0.11704795807600021
b1,b11,0,1,frustration / despair,-2.0,-2.0,0.08682265877723694,0.10425586253404617,0.1212875247001648,0.1789245754480362,-0.034464865922927856,-0.025949034839868546
b1,b11,0,1,frustration / despair,-2.0,2.0,0.17953215539455414,0.10425586253404617,0.10028143227100372,0.1789245754480362,0.07527629286050797,0.07726350799202919
b1,b11,0,1,frustration / despair,2.0,-2.0,0.204960897564888,0.1258285641670227,0.1212875247001648,0.1789245754480362,0.0791323333978653,0.08140285313129425
b1,b11,0,1,frustration / despair,2.0,2.0,0.28790685534477234,0.1258285641670227,0.10028143227100372,0.1789245754480362,0.16207829117774963,0.17485185712575912
b1,b11,0,2,uncertainty / indecision,-2.0,-2.0,0.09953367710113525,0.15817390382289886,0.13503694534301758,0.29380178451538086,-0.05864022672176361,-0.04707174748182297
b1,b11,0,2,uncertainty / indecision,-2.0,2.0,0.22633758187294006,0.15817390382289886,0.15546968579292297,0.29380178451538086,0.0681636780500412,0.06951578706502914
b1,b11,0,2,uncertainty / indecision,2.0,-2.0,0.15937401354312897,0.2826298773288727,0.13503694534301758,0.29380178451538086,-0.12325586378574371,-0.04945939779281616
b1,b11,0,2,uncertainty / indecision,2.0,2.0,0.18477168679237366,0.2826298773288727,0.15546968579292297,0.29380178451538086,-0.09785819053649902,-0.03427809476852417
b1,b11,0,3,romantic idealism,-2.0,-2.0,0.12635177373886108,0.09416302293539047,-0.0001990952150663361,0.09819807857275009,0.03218875080347061,0.07936980987869902
b1,b11,0,3,romantic idealism,-2.0,2.0,0.11718201637268066,0.09416302293539047,0.08180591464042664,0.09819807857275009,0.02301899343729019,0.02919754758477211
b1,b11,0,3,romantic idealism,2.0,-2.0,0.07984854280948639,0.10202836990356445,-0.0001990952150663361,0.09819807857275009,-0.022179827094078064,0.02893390546523733
b1,b11,0,3,romantic idealism,2.0,2.0,0.03565463051199913,0.10202836990356445,0.08180591464042664,0.09819807857275009,-0.06637373939156532,-0.056262511759996414
b1,b11,0,4,academic ambition / competitive determination,-2.0,-2.0,0.08283296227455139,0.12267141044139862,0.07843396067619324,0.12983283400535583,-0.03983844816684723,-0.017719723284244537
b1,b11,0,4,academic ambition / competitive determination,-2.0,2.0,0.12833066284656525,0.12267141044139862,0.155781552195549,0.12983283400535583,-0.027450889348983765,-0.01089581847190857
b1,b11,0,4,academic ambition / competitive determination,2.0,-2.0,0.0987105667591095,0.06280486285686493,0.07843396067619324,0.12983283400535583,0.02027660608291626,0.028091154992580414
b1,b11,0,4,academic ambition / competitive determination,2.0,2.0,0.06337352097034454,0.06280486285686493,0.155781552195549,0.12983283400535583,-0.09240803122520447,-0.04591968655586243
b1,b11,0,5,ironic amusement,-2.0,-2.0,0.07860557734966278,0.11640074849128723,0.0747942328453064,0.1419805884361267,-0.03779517114162445,-0.016991913318634033
b1,b11,0,5,ironic amusement,-2.0,2.0,0.13087403774261475,0.11640074849128723,0.10898685455322266,0.1419805884361267,0.014473289251327515,0.018180236220359802
b1,b11,0,5,ironic amusement,2.0,-2.0,0.11003551632165909,0.14631947875022888,0.0747942328453064,0.1419805884361267,-0.036283962428569794,-0.000521339476108551
b1,b11,0,5,ironic amusement,2.0,2.0,0.12933877110481262,0.14631947875022888,0.10898685455322266,0.1419805884361267,-0.01698070764541626,0.001685604453086853
b1,b11,0,6,enthusiasm / curiosity,-2.0,-2.0,0.18747635185718536,0.19938166439533234,0.03236228600144386,0.1868261694908142,-0.011905312538146973,0.07160437665879726
b1,b11,0,6,enthusiasm / curiosity,-2.0,2.0,0.18027618527412415,0.19938166439533234,0.150996133685112,0.1868261694908142,-0.01910547912120819,0.0050872862339019775
b1,b11,0,6,enthusiasm / curiosity,2.0,-2.0,0.18411585688591003,0.1420600861310959,0.03236228600144386,0.1868261694908142,0.04205577075481415,0.09690467081964016
b1,b11,0,6,enthusiasm / curiosity,2.0,2.0,0.13928279280662537,0.1420600861310959,0.150996133685112,0.1868261694908142,-0.011713340878486633,-0.007245317101478577
b1,b11,1,0,self-doubt / encouragement,-2.0,-2.0,0.06049467250704765,0.11208950728178024,0.05631687119603157,0.08845274150371552,-0.05159483477473259,-0.023708516731858253
b1,b11,1,0,self-doubt / encouragement,-2.0,2.0,0.13245482742786407,0.11208950728178024,0.14497524499893188,0.08845274150371552,-0.01252041757106781,0.003922451287508011
b1,b11,1,0,self-doubt / encouragement,2.0,-2.0,0.1147383451461792,0.05217898637056351,0.05631687119603157,0.08845274150371552,0.05842147395014763,0.06049041636288166
b1,b11,1,0,self-doubt / encouragement,2.0,2.0,0.15146444737911224,0.05217898637056351,0.14497524499893188,0.08845274150371552,0.006489202380180359,0.05288733169436455
b1,b11,1,1,frustration / despair,-2.0,-2.0,0.10510029643774033,0.1239522248506546,0.06343475729227066,0.12093593180179596,-0.018851928412914276,0.011406805366277695
b1,b11,1,1,frustration / despair,-2.0,2.0,0.08487974852323532,0.1239522248506546,0.1380789577960968,0.12093593180179596,-0.05319920927286148,-0.04613584280014038
b1,b11,1,1,frustration / despair,2.0,-2.0,0.11295360326766968,0.15064938366413116,0.06343475729227066,0.12093593180179596,-0.03769578039646149,0.005911532789468765
b1,b11,1,1,frustration / despair,2.0,2.0,0.15007823705673218,0.15064938366413116,0.1380789577960968,0.12093593180179596,-0.0005711466073989868,0.005714066326618195
b1,b11,1,2,uncertainty / indecision,-2.0,-2.0,0.10948975384235382,0.18187493085861206,0.10482337325811386,0.15784244239330292,-0.07238517701625824,-0.03385939821600914
b1,b11,1,2,uncertainty / indecision,-2.0,2.0,0.17712369561195374,0.18187493085861206,0.23855455219745636,0.15784244239330292,-0.061430856585502625,-0.033091045916080475
b1,b11,1,2,uncertainty / indecision,2.0,-2.0,0.13649259507656097,0.19268062710762024,0.10482337325811386,0.15784244239330292,-0.056188032031059265,-0.012259405106306076
b1,b11,1,2,uncertainty / indecision,2.0,2.0,0.1855490803718567,0.19268062710762024,0.23855455219745636,0.15784244239330292,-0.05300547182559967,-0.03006850928068161
b1,b11,1,3,romantic idealism,-2.0,-2.0,-0.009621387347579002,0.02420516312122345,-0.0014720261096954346,-0.00678758230060339,-0.03382655046880245,-0.02098795585334301
b1,b11,1,3,romantic idealism,-2.0,2.0,0.008862132206559181,0.02420516312122345,0.06484638154506683,-0.00678758230060339,-0.05598424933850765,-0.03566364012658596
b1,b11,1,3,romantic idealism,2.0,-2.0,0.03778757154941559,-0.038759686052799225,-0.0014720261096954346,-0.00678758230060339,0.03925959765911102,0.05790342763066292
b1,b11,1,3,romantic idealism,2.0,2.0,0.037434909492731094,-0.038759686052799225,0.06484638154506683,-0.00678758230060339,-0.02741147205233574,0.02439156174659729
b1,b11,1,4,academic ambition / competitive determination,-2.0,-2.0,0.06488732993602753,0.10153987258672714,0.07150266319513321,0.07019902020692825,-0.036652542650699615,-0.02163393795490265
b1,b11,1,4,academic ambition / competitive determination,-2.0,2.0,0.1237221285700798,0.10153987258672714,0.08394443243741989,0.07019902020692825,0.02218225598335266,0.030979976058006287
b1,b11,1,4,academic ambition / competitive determination,2.0,-2.0,0.08517724275588989,0.10611777007579803,0.07150266319513321,0.07019902020692825,-0.020940527319908142,-0.0036329738795757294
b1,b11,1,4,academic ambition / competitive determination,2.0,2.0,0.083908811211586,0.10611777007579803,0.08394443243741989,0.07019902020692825,-0.022208958864212036,-0.011122290045022964
b1,b11,1,5,ironic amusement,-2.0,-2.0,0.07415052503347397,0.1408076286315918,0.06770225614309311,0.11188811808824539,-0.06665710359811783,-0.030104417353868484
b1,b11,1,5,ironic amusement,-2.0,2.0,0.07524902373552322,0.1408076286315918,0.14516563713550568,0.11188811808824539,-0.06991661339998245,-0.06773760914802551
b1,b11,1,5,ironic amusement,2.0,-2.0,0.10923237353563309,0.06879834830760956,0.06770225614309311,0.11188811808824539,0.04043402522802353,0.040982071310281754
b1,b11,1,5,ironic amusement,2.0,2.0,0.1415441483259201,0.06879834830760956,0.14516563713550568,0.11188811808824539,-0.0036214888095855713,0.03456215560436249
b1,b11,1,6,enthusiasm / curiosity,-2.0,-2.0,0.07695217430591583,0.09696692228317261,0.09405651688575745,0.10052981227636337,-0.020014747977256775,-0.018559545278549194
b1,b11,1,6,enthusiasm / curiosity,-2.0,2.0,0.1675790548324585,0.09696692228317261,0.13221150636672974,0.10052981227636337,0.03536754846572876,0.052989840507507324
b1,b11,1,6,enthusiasm / curiosity,2.0,-2.0,0.14199207723140717,0.08581679314374924,0.09405651688575745,0.10052981227636337,0.04793556034564972,0.052055422216653824
b1,b11,1,6,enthusiasm / curiosity,2.0,2.0,0.17391856014728546,0.08581679314374924,0.13221150636672974,0.10052981227636337,0.041707053780555725,0.06490441039204597
b1,b11,2,0,self-doubt / encouragement,-2.0,-2.0,0.13909912109375,0.15555185079574585,0.19622617959976196,0.11809313297271729,-0.05712705850601196,-0.036789894104003906
b1,b11,2,0,self-doubt / encouragement,-2.0,2.0,0.14118289947509766,0.15555185079574585,0.16096258163452148,0.11809313297271729,-0.019779682159423828,-0.01707431674003601
b1,b11,2,0,self-doubt / encouragement,2.0,-2.0,0.14853151142597198,0.182893306016922,0.19622617959976196,0.11809313297271729,-0.04769466817378998,-0.041028231382369995
b1,b11,2,0,self-doubt / encouragement,2.0,2.0,0.1082792580127716,0.182893306016922,0.16096258163452148,0.11809313297271729,-0.07461404800415039,-0.06364868581295013
b1,b11,2,1,frustration / despair,-2.0,-2.0,0.08191703259944916,0.07297488301992416,0.09474427998065948,0.08123224973678589,-0.012827247381210327,-0.0019425489008426666
b1,b11,2,1,frustration / despair,-2.0,2.0,0.11085539311170578,0.07297488301992416,0.1606689691543579,0.08123224973678589,-0.04981357604265213,-0.005966532975435257
b1,b11,2,1,frustration / despair,2.0,-2.0,0.060670457780361176,0.04817400127649307,0.09474427998065948,0.08123224973678589,-0.03407382220029831,-0.010788682848215103
b1,b11,2,1,frustration / despair,2.0,2.0,0.06242898851633072,0.04817400127649307,0.1606689691543579,0.08123224973678589,-0.09823998063802719,-0.04199249669909477
b1,b11,2,2,uncertainty / indecision,-2.0,-2.0,0.1213405430316925,0.14737047255039215,0.16895675659179688,0.16279290616512299,-0.04761621356010437,-0.03682307153940201
b1,b11,2,2,uncertainty / indecision,-2.0,2.0,0.07382434606552124,0.14737047255039215,0.14505064487457275,0.16279290616512299,-0.07354612648487091,-0.07238621264696121
b1,b11,2,2,uncertainty / indecision,2.0,-2.0,0.08971402049064636,0.07767355442047119,0.16895675659179688,0.16279290616512299,-0.07924273610115051,-0.03360113501548767
b1,b11,2,2,uncertainty / indecision,2.0,2.0,0.1221848726272583,0.07767355442047119,0.14505064487457275,0.16279290616512299,-0.022865772247314453,0.010822772979736328
b1,b11,2,3,romantic idealism,-2.0,-2.0,0.05182398483157158,0.15582117438316345,0.08360461890697479,0.0818898156285286,-0.10399718955159187,-0.06788891181349754
b1,b11,2,3,romantic idealism,-2.0,2.0,0.0387101024389267,0.15582117438316345,0.5227771401405334,0.0818898156285286,-0.48406703770160675,-0.30058905482292175
b1,b11,2,3,romantic idealism,2.0,-2.0,0.08840657025575638,0.11138750612735748,0.08360461890697479,0.0818898156285286,-0.022980935871601105,-0.00908949226140976
b1,b11,2,3,romantic idealism,2.0,2.0,0.14828941226005554,0.11138750612735748,0.5227771401405334,0.0818898156285286,-0.3744877278804779,-0.16879291087388992
b1,b11,2,4,academic ambition / competitive determination,-2.0,-2.0,0.049215320497751236,0.10154318064451218,0.07530996203422546,0.2249232828617096,-0.05232786014676094,-0.039211250841617584
b1,b11,2,4,academic ambition / competitive determination,-2.0,2.0,0.10304649919271469,0.10154318064451218,0.08817105740308762,0.2249232828617096,0.0015033185482025146,0.008189380168914795
b1,b11,2,4,academic ambition / competitive determination,2.0,-2.0,0.08150613307952881,0.04932039976119995,0.07530996203422546,0.2249232828617096,0.006196171045303345,0.0191909521818161
b1,b11,2,4,academic ambition / competitive determination,2.0,2.0,0.06792828440666199,0.04932039976119995,0.08817105740308762,0.2249232828617096,-0.02024277299642563,-0.0008174441754817963
b1,b11,2,5,ironic amusement,-2.0,-2.0,0.06679056584835052,0.07480112463235855,0.14215552806854248,0.07563547044992447,-0.07536496222019196,-0.04168776050209999
b1,b11,2,5,ironic amusement,-2.0,2.0,0.07111604511737823,0.07480112463235855,0.14472581446170807,0.07563547044992447,-0.07360976934432983,-0.038647424429655075
b1,b11,2,5,ironic amusement,2.0,-2.0,0.1092655286192894,0.07549314200878143,0.14215552806854248,0.07563547044992447,-0.03288999944925308,0.0004411935806274414
b1,b11,2,5,ironic amusement,2.0,2.0,0.11925873905420303,0.07549314200878143,0.14472581446170807,0.07563547044992447,-0.025467075407505035,0.009149260818958282
b1,b11,2,6,enthusiasm / curiosity,-2.0,-2.0,0.08408065885305405,0.19478605687618256,0.25096455216407776,0.1648891419172287,-0.1668838933110237,-0.1387946456670761
b1,b11,2,6,enthusiasm / curiosity,-2.0,2.0,0.15165306627750397,0.19478605687618256,0.2260056883096695,0.1648891419172287,-0.07435262203216553,-0.05874280631542206
b1,b11,2,6,enthusiasm / curiosity,2.0,-2.0,0.265690416097641,0.2291577309370041,0.25096455216407776,0.1648891419172287,0.014725863933563232,0.025629274547100067
b1,b11,2,6,enthusiasm / curiosity,2.0,2.0,0.1599755883216858,0.2291577309370041,0.2260056883096695,0.1648891419172287,-0.0691821426153183,-0.067606121301651
b1,b11,3,0,self-doubt / encouragement,-2.0,-2.0,0.1006508320569992,0.10774657130241394,0.10727117955684662,0.05243324488401413,-0.007095739245414734,-0.006858043372631073
b1,b11,3,0,self-doubt / encouragement,-2.0,2.0,0.05798418074846268,0.10774657130241394,0.06358494609594345,0.05243324488401413,-0.04976239055395126,-0.02768157795071602
b1,b11,3,0,self-doubt / encouragement,2.0,-2.0,0.052152782678604126,0.06363339722156525,0.10727117955684662,0.05243324488401413,-0.05511839687824249,-0.03329950571060181
b1,b11,3,0,self-doubt / encouragement,2.0,2.0,0.075788214802742,0.06363339722156525,0.06358494609594345,0.05243324488401413,0.012154817581176758,0.012179043143987656
b1,b11,3,1,frustration / despair,-2.0,-2.0,0.08389011770486832,0.10279189050197601,0.11189448833465576,0.09356782585382462,-0.028004370629787445,-0.02345307171344757
b1,b11,3,1,frustration / despair,-2.0,2.0,0.058497361838817596,0.10279189050197601,0.11965842545032501,0.09356782585382462,-0.061161063611507416,-0.052727796137332916
b1,b11,3,1,frustration / despair,2.0,-2.0,0.06823118776082993,0.06745298206806183,0.11189448833465576,0.09356782585382462,-0.043663300573825836,-0.02144254744052887
b1,b11,3,1,frustration / despair,2.0,2.0,0.11530867964029312,0.06745298206806183,0.11965842545032501,0.09356782585382462,-0.004349745810031891,0.0217529758810997
b1,b11,3,2,uncertainty / indecision,-2.0,-2.0,0.11973172426223755,0.14712512493133545,0.13322125375270844,0.12720690667629242,-0.0273934006690979,-0.020441465079784393
b1,b11,3,2,uncertainty / indecision,-2.0,2.0,0.0983767956495285,0.14712512493133545,0.15994814038276672,0.12720690667629242,-0.06157134473323822,-0.05515983700752258
b1,b11,3,2,uncertainty / indecision,2.0,-2.0,0.09339969605207443,0.09852880239486694,0.13322125375270844,0.12720690667629242,-0.039821557700634,-0.022475332021713257
b1,b11,3,2,uncertainty / indecision,2.0,2.0,0.1892138123512268,0.09852880239486694,0.15994814038276672,0.12720690667629242,0.029265671968460083,0.05997534096240997
b1,b11,3,3,romantic idealism,-2.0,-2.0,0.02332017384469509,0.040069375187158585,0.0468795970082283,0.030841806903481483,-0.02355942316353321,-0.020154312252998352
b1,b11,3,3,romantic idealism,-2.0,2.0,0.013346758671104908,0.040069375187158585,0.0390484444797039,0.030841806903481483,-0.026722616516053677,-0.026212151162326336
b1,b11,3,3,romantic idealism,2.0,-2.0,0.0389857292175293,0.01627768576145172,0.0468795970082283,0.030841806903481483,-0.007893867790699005,0.007407087832689285
b1,b11,3,3,romantic idealism,2.0,2.0,0.03323374316096306,0.01627768576145172,0.0390484444797039,0.030841806903481483,-0.005814701318740845,0.005570678040385246
b1,b11,3,4,academic ambition / competitive determination,-2.0,-2.0,0.08344701677560806,0.08567119389772415,0.06162349879741669,0.05445351451635361,-0.002224177122116089,0.009799670428037643
b1,b11,3,4,academic ambition / competitive determination,-2.0,2.0,0.06809031218290329,0.08567119389772415,0.06877309083938599,0.05445351451635361,-0.017580881714820862,-0.00913183018565178
b1,b11,3,4,academic ambition / competitive determination,2.0,-2.0,0.03719789534807205,0.05791405960917473,0.06162349879741669,0.05445351451635361,-0.024425603449344635,-0.022570883855223656
b1,b11,3,4,academic ambition / competitive determination,2.0,2.0,0.05596187710762024,0.05791405960917473,0.06877309083938599,0.05445351451635361,-0.012811213731765747,-0.007381698116660118
b1,b11,3,5,ironic amusement,-2.0,-2.0,0.10630645602941513,0.12329450994729996,0.12523849308490753,0.11291592568159103,-0.0189320370554924,-0.017960045486688614
b1,b11,3,5,ironic amusement,-2.0,2.0,0.09759669750928879,0.12329450994729996,0.12763623893260956,0.11291592568159103,-0.03003954142332077,-0.02786867693066597
b1,b11,3,5,ironic amusement,2.0,-2.0,0.11161800473928452,0.10340537875890732,0.12523849308490753,0.11291592568159103,-0.013620488345623016,-0.0027039311826229095
b1,b11,3,5,ironic amusement,2.0,2.0,0.13738997280597687,0.10340537875890732,0.12763623893260956,0.11291592568159103,0.00975373387336731,0.02186916396021843
b1,b11,3,6,enthusiasm / curiosity,-2.0,-2.0,0.1258384734392166,0.15715982019901276,0.15377527475357056,0.11535898596048355,-0.03132134675979614,-0.029629074037075043
b1,b11,3,6,enthusiasm / curiosity,-2.0,2.0,0.12261257320642471,0.15715982019901276,0.1255234181880951,0.11535898596048355,-0.03454724699258804,-0.01872904598712921
b1,b11,3,6,enthusiasm / curiosity,2.0,-2.0,0.1314084231853485,0.1387225240468979,0.15377527475357056,0.11535898596048355,-0.022366851568222046,-0.014840476214885712
b1,b11,3,6,enthusiasm / curiosity,2.0,2.0,0.147877499461174,0.1387225240468979,0.1255234181880951,0.11535898596048355,0.009154975414276123,0.01575452834367752
b1,b11,4,0,self-doubt / encouragement,-2.0,-2.0,0.1209477037191391,0.11703255772590637,0.1285332590341568,0.09420821070671082,-0.0075855553150177,-0.0018352046608924866
b1,b11,4,0,self-doubt / encouragement,-2.0,2.0,0.07978005707263947,0.11703255772590637,0.09492416679859161,0.09420821070671082,-0.03725250065326691,-0.026198305189609528
b1,b11,4,0,self-doubt / encouragement,2.0,-2.0,0.08677870780229568,0.19275254011154175,0.1285332590341568,0.09420821070671082,-0.10597383230924606,-0.07386419177055359
b1,b11,4,0,self-doubt / encouragement,2.0,2.0,0.0994303822517395,0.19275254011154175,0.09492416679859161,0.09420821070671082,-0.09332215785980225,-0.04440797120332718
b1,b11,4,1,frustration / despair,-2.0,-2.0,0.10116232186555862,0.10549236088991165,0.09326459467411041,0.08754955232143402,-0.004330039024353027,0.0017838440835475922
b1,b11,4,1,frustration / despair,-2.0,2.0,0.03040837123990059,0.10549236088991165,0.08439427614212036,0.08754955232143402,-0.07508398965001106,-0.06453494727611542
b1,b11,4,1,frustration / despair,2.0,-2.0,0.06257490813732147,0.12097542732954025,0.09326459467411041,0.08754955232143402,-0.05840051919221878,-0.04454510286450386
b1,b11,4,1,frustration / despair,2.0,2.0,0.09017537534236908,0.12097542732954025,0.08439427614212036,0.08754955232143402,-0.030800051987171173,-0.012509476393461227
b1,b11,4,2,uncertainty / indecision,-2.0,-2.0,0.161214679479599,0.1779511272907257,0.17902718484401703,0.17504476010799408,-0.01781250536441803,-0.01727447658777237
b1,b11,4,2,uncertainty / indecision,-2.0,2.0,0.17007134854793549,0.1779511272907257,0.1686840057373047,0.17504476010799408,-0.007879778742790222,-0.003246217966079712
b1,b11,4,2,uncertainty / indecision,2.0,-2.0,0.13384079933166504,0.20869816839694977,0.17902718484401703,0.17504476010799408,-0.07485736906528473,-0.06002187728881836
b1,b11,4,2,uncertainty / indecision,2.0,2.0,0.20592455565929413,0.20869816839694977,0.1686840057373047,0.17504476010799408,-0.0027736127376556396,0.0172334685921669
b1,b11,4,3,romantic idealism,-2.0,-2.0,0.08689088374376297,0.10373122245073318,0.12260997295379639,0.07784955948591232,-0.03571908921003342,-0.026279713958501816
b1,b11,4,3,romantic idealism,-2.0,2.0,0.004409450106322765,0.10373122245073318,0.10097364336252213,0.07784955948591232,-0.09932177234441042,-0.09794298280030489
b1,b11,4,3,romantic idealism,2.0,-2.0,0.0871620699763298,0.08803281933069229,0.12260997295379639,0.07784955948591232,-0.03544790297746658,-0.018159326165914536
b1,b11,4,3,romantic idealism,2.0,2.0,0.11673155426979065,0.08803281933069229,0.10097364336252213,0.07784955948591232,0.015757910907268524,0.02222832292318344
b1,b11,4,4,academic ambition / competitive determination,-2.0,-2.0,0.15158692002296448,0.13111597299575806,0.156008780002594,0.1761026680469513,-0.004421859979629517,0.008024543523788452
b1,b11,4,4,academic ambition / competitive determination,-2.0,2.0,0.06951449811458588,0.13111597299575806,0.16487565636634827,0.1761026680469513,-0.09536115825176239,-0.07848131656646729
b1,b11,4,4,academic ambition / competitive determination,2.0,-2.0,0.1314125508069992,0.12346351891756058,0.156008780002594,0.1761026680469513,-0.024596229195594788,-0.00832359865307808
b1,b11,4,4,academic ambition / competitive determination,2.0,2.0,0.10005229711532593,0.12346351891756058,0.16487565636634827,0.1761026680469513,-0.06482335925102234,-0.044117290526628494
b1,b11,4,5,ironic amusement,-2.0,-2.0,0.03935404121875763,0.06378553807735443,0.09944238513708115,0.047947339713573456,-0.06008834391832352,-0.04225992038846016
b1,b11,4,5,ironic amusement,-2.0,2.0,0.043248601257801056,0.06378553807735443,0.028182005509734154,0.047947339713573456,-0.020536936819553375,-0.0027351705357432365
b1,b11,4,5,ironic amusement,2.0,-2.0,0.05179508030414581,0.0640605241060257,0.09944238513708115,0.047947339713573456,-0.04764730483293533,-0.029956374317407608
b1,b11,4,5,ironic amusement,2.0,2.0,0.08046681433916092,0.0640605241060257,0.028182005509734154,0.047947339713573456,0.016406290233135223,0.034345549531280994
b1,b11,4,6,enthusiasm / curiosity,-2.0,-2.0,0.12902575731277466,0.14993946254253387,0.18605145812034607,0.12140345573425293,-0.05702570080757141,-0.038969703018665314
b1,b11,4,6,enthusiasm / curiosity,-2.0,2.0,0.1137324795126915,0.14993946254253387,0.09791334718465805,0.12140345573425293,-0.03620698302984238,-0.010193925350904465
b1,b11,4,6,enthusiasm / curiosity,2.0,-2.0,0.09539270401000977,0.2084079384803772,0.18605145812034607,0.12140345573425293,-0.11301523447036743,-0.10183699429035187
b1,b11,4,6,enthusiasm / curiosity,2.0,2.0,0.13571535050868988,0.2084079384803772,0.09791334718465805,0.12140345573425293,-0.07269258797168732,-0.017445292323827744
b1,b11,5,0,self-doubt / encouragement,-2.0,-2.0,0.1897139549255371,0.11292997002601624,0.19547691941261292,0.26054656505584717,-0.005762964487075806,0.035510510206222534
b1,b11,5,0,self-doubt / encouragement,-2.0,2.0,0.13291940093040466,0.11292997002601624,0.18461960554122925,0.26054656505584717,-0.051700204610824585,-0.01585538685321808
b1,b11,5,0,self-doubt / encouragement,2.0,-2.0,0.12309084832668304,0.2192445695400238,0.19547691941261292,0.26054656505584717,-0.09615372121334076,-0.08426989614963531
b1,b11,5,0,self-doubt / encouragement,2.0,2.0,0.15952478349208832,0.2192445695400238,0.18461960554122925,0.26054656505584717,-0.059719786047935486,-0.04240730404853821
b1,b11,5,1,frustration / despair,-2.0,-2.0,0.1363193243741989,0.06941681355237961,0.19662711024284363,0.18212664127349854,-0.060307785868644714,0.0032973624765872955
b1,b11,5,1,frustration / despair,-2.0,2.0,0.10205042362213135,0.06941681355237961,0.1373312622308731,0.18212664127349854,-0.03528083860874176,-0.0013236142694950104
b1,b11,5,1,frustration / despair,2.0,-2.0,0.15163734555244446,0.14753694832324982,0.19662711024284363,0.18212664127349854,-0.04498976469039917,-0.020444683730602264
b1,b11,5,1,frustration / despair,2.0,2.0,0.1734737604856491,0.14753694832324982,0.1373312622308731,0.18212664127349854,0.025936812162399292,0.031039655208587646
b1,b11,5,2,uncertainty / indecision,-2.0,-2.0,0.1862068772315979,0.14751359820365906,0.2059136927127838,0.3255496919155121,-0.019706815481185913,0.009493231773376465
b1,b11,5,2,uncertainty / indecision,-2.0,2.0,0.1444447785615921,0.14751359820365906,0.21445728838443756,0.3255496919155121,-0.07001250982284546,-0.03654066473245621
b1,b11,5,2,uncertainty / indecision,2.0,-2.0,0.12950755655765533,0.2850800156593323,0.2059136927127838,0.3255496919155121,-0.15557245910167694,-0.11598929762840271
b1,b11,5,2,uncertainty / indecision,2.0,2.0,0.24211087822914124,0.2850800156593323,0.21445728838443756,0.3255496919155121,-0.04296913743019104,-0.007657773792743683
b1,b11,5,3,romantic idealism,-2.0,-2.0,0.008815495297312737,0.013077396899461746,0.07308350503444672,0.07387951016426086,-0.06426800973713398,-0.034264955669641495
b1,b11,5,3,romantic idealism,-2.0,2.0,-0.0021646898239851,0.013077396899461746,0.06135595217347145,0.07387951016426086,-0.06352064199745655,-0.0393813643604517
b1,b11,5,3,romantic idealism,2.0,-2.0,-0.010086152702569962,0.043912071734666824,0.07308350503444672,0.07387951016426086,-0.08316965773701668,-0.06858394108712673
b1,b11,5,3,romantic idealism,2.0,2.0,0.09859365224838257,0.043912071734666824,0.06135595217347145,0.07387951016426086,0.03723770007491112,0.04595964029431343
b1,b11,5,4,academic ambition / competitive determination,-2.0,-2.0,0.07829834520816803,0.09139662981033325,0.15986891090869904,0.2368575632572174,-0.081570565700531,-0.047334425151348114
b1,b11,5,4,academic ambition / competitive determination,-2.0,2.0,0.05305980518460274,0.09139662981033325,0.09296871721744537,0.2368575632572174,-0.039908912032842636,-0.039122868329286575
b1,b11,5,4,academic ambition / competitive determination,2.0,-2.0,0.10474734753370285,0.19056104123592377,0.15986891090869904,0.2368575632572174,-0.08581369370222092,-0.07046762853860855
b1,b11,5,4,academic ambition / competitive determination,2.0,2.0,0.11426714807748795,0.19056104123592377,0.09296871721744537,0.2368575632572174,-0.07629389315843582,-0.027497731149196625
b1,b11,5,5,ironic amusement,-2.0,-2.0,0.12351022660732269,0.09837909042835236,0.12356989830732346,0.12938886880874634,-5.967170000076294e-05,0.012535732239484787
b1,b11,5,5,ironic amusement,-2.0,2.0,0.1308576464653015,0.09837909042835236,0.11565931141376495,0.12938886880874634,0.01519833505153656,0.02383844554424286
b1,b11,5,5,ironic amusement,2.0,-2.0,0.07267385721206665,0.1431712806224823,0.12356989830732346,0.12938886880874634,-0.07049742341041565,-0.06069673225283623
b1,b11,5,5,ironic amusement,2.0,2.0,0.11217819154262543,0.1431712806224823,0.11565931141376495,0.12938886880874634,-0.030993089079856873,-0.0172371044754982
b1,b11,5,6,enthusiasm / curiosity,-2.0,-2.0,0.22521796822547913,0.08568452298641205,0.3043905794620514,0.24974477291107178,-0.07917261123657227,0.030180417001247406
b1,b11,5,6,enthusiasm / curiosity,-2.0,2.0,0.05931270867586136,0.08568452298641205,0.23821596801280975,0.24974477291107178,-0.1789032593369484,-0.10263753682374954
b1,b11,5,6,enthusiasm / curiosity,2.0,-2.0,0.18852141499519348,0.2760566473007202,0.3043905794620514,0.24974477291107178,-0.11586916446685791,-0.10170219838619232
b1,b11,5,6,enthusiasm / curiosity,2.0,2.0,0.19211417436599731,0.2760566473007202,0.23821596801280975,0.24974477291107178,-0.0839424729347229,-0.06502213329076767
b1,b11,6,0,self-doubt / encouragement,-2.0,-2.0,0.21302445232868195,0.03322940319776535,0.12969866394996643,0.05740978196263313,0.08332578837871552,0.13156041875481606
b1,b11,6,0,self-doubt / encouragement,-2.0,2.0,0.15249881148338318,0.03322940319776535,0.3378957211971283,0.05740978196263313,-0.18539690971374512,-0.033063750714063644
b1,b11,6,0,self-doubt / encouragement,2.0,-2.0,0.055864252150058746,0.0950169637799263,0.12969866394996643,0.05740978196263313,-0.07383441179990768,-0.05649356171488762
b1,b11,6,0,self-doubt / encouragement,2.0,2.0,0.08895530551671982,0.0950169637799263,0.3378957211971283,0.05740978196263313,-0.24894041568040848,-0.12750103697180748
b1,b11,6,1,frustration / despair,-2.0,-2.0,0.0796954333782196,0.07310642302036285,0.14707055687904358,0.018406767398118973,-0.06737512350082397,-0.030393056571483612
b1,b11,6,1,frustration / despair,-2.0,2.0,0.10743911564350128,0.07310642302036285,0.19992446899414062,0.018406767398118973,-0.09248535335063934,-0.029076330363750458
b1,b11,6,1,frustration / despair,2.0,-2.0,0.06647208333015442,0.04780111089348793,0.14707055687904358,0.018406767398118973,-0.08059847354888916,-0.030963750556111336
b1,b11,6,1,frustration / despair,2.0,2.0,0.09461067616939545,0.04780111089348793,0.19992446899414062,0.018406767398118973,-0.10531379282474518,-0.02925211377441883
b1,b11,6,2,uncertainty / indecision,-2.0,-2.0,0.13873498141765594,0.06854970753192902,0.13373006880283356,0.05222403258085251,0.005004912614822388,0.03759509325027466
b1,b11,6,2,uncertainty / indecision,-2.0,2.0,0.12755794823169708,0.06854970753192902,0.2963491976261139,0.05222403258085251,-0.1687912493944168,-0.05489150434732437
b1,b11,6,2,uncertainty / indecision,2.0,-2.0,0.05967823043465614,0.13086076080799103,0.13373006880283356,0.05222403258085251,-0.07405183836817741,-0.07261718437075615
b1,b11,6,2,uncertainty / indecision,2.0,2.0,0.1194247156381607,0.13086076080799103,0.2963491976261139,0.05222403258085251,-0.17692448198795319,-0.09418026357889175
b1,b11,6,3,romantic idealism,-2.0,-2.0,0.12718559801578522,-0.04260009527206421,0.03541804850101471,-0.0029037646017968655,0.09176754951477051,0.13077662140130997
b1,b11,6,3,romantic idealism,-2.0,2.0,0.017450600862503052,-0.04260009527206421,0.12017126381397247,-0.0029037646017968655,-0.10272066295146942,-0.02133498340845108
b1,b11,6,3,romantic idealism,2.0,-2.0,0.10167302936315536,0.06147673353552818,0.03541804850101471,-0.0029037646017968655,0.04019629582762718,0.05322563834488392
b1,b11,6,3,romantic idealism,2.0,2.0,0.029610823839902878,0.06147673353552818,0.12017126381397247,-0.0029037646017968655,-0.0905604399740696,-0.06121317483484745
b1,b11,6,4,academic ambition / competitive determination,-2.0,-2.0,0.13274046778678894,0.06795188784599304,0.06737159192562103,0.0654359757900238,0.0647885799407959,0.0650787279009819
b1,b11,6,4,academic ambition / competitive determination,-2.0,2.0,0.16136600077152252,0.06795188784599304,0.18835808336734772,0.0654359757900238,-0.026992082595825195,0.03321101516485214
b1,b11,6,4,academic ambition / competitive determination,2.0,-2.0,0.03694656863808632,0.09293758869171143,0.06737159192562103,0.0654359757900238,-0.05599102005362511,-0.04320802167057991
b1,b11,6,4,academic ambition / competitive determination,2.0,2.0,0.10660909861326218,0.09293758869171143,0.18835808336734772,0.0654359757900238,-0.08174898475408554,-0.034038737416267395
b1,b11,6,5,ironic amusement,-2.0,-2.0,0.16199886798858643,0.03572182357311249,0.058001331984996796,0.11782681196928024,0.10399753600358963,0.11513729020953178
b1,b11,6,5,ironic amusement,-2.0,2.0,0.0438525415956974,0.03572182357311249,0.10498364269733429,0.11782681196928024,-0.06113110110163689,-0.026500191539525986
b1,b11,6,5,ironic amusement,2.0,-2.0,0.0875878632068634,0.108700230717659,0.058001331984996796,0.11782681196928024,-0.021112367510795593,0.004237081855535507
b1,b11,6,5,ironic amusement,2.0,2.0,0.08468452841043472,0.108700230717659,0.10498364269733429,0.11782681196928024,-0.024015702307224274,-0.02215740829706192
b1,b11,6,6,enthusiasm / curiosity,-2.0,-2.0,0.17113777995109558,0.12147019803524017,0.1527755856513977,0.07693412899971008,0.018362194299697876,0.03401488810777664
b1,b11,6,6,enthusiasm / curiosity,-2.0,2.0,0.17457565665245056,0.12147019803524017,0.2297661155462265,0.07693412899971008,-0.05519045889377594,-0.0010425001382827759
b1,b11,6,6,enthusiasm / curiosity,2.0,-2.0,0.06612122803926468,0.12993547320365906,0.1527755856513977,0.07693412899971008,-0.08665435761213303,-0.0752343013882637
b1,b11,6,6,enthusiasm / curiosity,2.0,2.0,0.1144748404622078,0.12993547320365906,0.2297661155462265,0.07693412899971008,-0.11529127508401871,-0.06537595391273499
b1,b11,7,0,self-doubt / encouragement,-2.0,-2.0,0.14668235182762146,0.19203436374664307,0.17382365465164185,0.2342257797718048,-0.045352011919021606,-0.036246657371520996
b1,b11,7,0,self-doubt / encouragement,-2.0,2.0,0.20873111486434937,0.19203436374664307,0.19779528677463531,0.2342257797718048,0.01093582808971405,0.013816289603710175
b1,b11,7,0,self-doubt / encouragement,2.0,-2.0,0.176344096660614,0.1653759926557541,0.17382365465164185,0.2342257797718048,0.002520442008972168,0.006744273006916046
b1,b11,7,0,self-doubt / encouragement,2.0,2.0,0.16922542452812195,0.1653759926557541,0.19779528677463531,0.2342257797718048,-0.028569862246513367,-0.012360215187072754
b1,b11,7,1,frustration / despair,-2.0,-2.0,0.1400875598192215,0.15490595996379852,0.17595136165618896,0.17508135735988617,-0.03586380183696747,-0.025341100990772247
b1,b11,7,1,frustration / despair,-2.0,2.0,0.1698121279478073,0.15490595996379852,0.2196897268295288,0.17508135735988617,-0.0498775988817215,-0.017485715448856354
b1,b11,7,1,frustration / despair,2.0,-2.0,0.20710566639900208,0.17404109239578247,0.17595136165618896,0.17508135735988617,0.03115430474281311,0.03210943937301636
b1,b11,7,1,frustration / despair,2.0,2.0,0.1639958769083023,0.17404109239578247,0.2196897268295288,0.17508135735988617,-0.0556938499212265,-0.03286953270435333
b1,b11,7,2,uncertainty / indecision,-2.0,-2.0,0.17142565548419952,0.23997735977172852,0.25665080547332764,0.23823431134223938,-0.08522514998912811,-0.07688842713832855
b1,b11,7,2,uncertainty / indecision,-2.0,2.0,0.3056328594684601,0.23997735977172852,0.388704389333725,0.23823431134223938,-0.08307152986526489,-0.008708015084266663
b1,b11,7,2,uncertainty / indecision,2.0,-2.0,0.2548219561576843,0.19853439927101135,0.25665080547332764,0.23823431134223938,-0.0018288493156433105,0.02722935378551483
b1,b11,7,2,uncertainty / indecision,2.0,2.0,0.178422212600708,0.19853439927101135,0.388704389333725,0.23823431134223938,-0.21028217673301697,-0.11519718170166016
b1,b11,7,3,romantic idealism,-2.0,-2.0,0.08740251511335373,0.0587756521999836,0.13806605339050293,0.04392537847161293,-0.0506635382771492,-0.011018337681889534
b1,b11,7,3,romantic idealism,-2.0,2.0,0.056580446660518646,0.0587756521999836,0.07171034812927246,0.04392537847161293,-0.015129901468753815,-0.008662553504109383
b1,b11,7,3,romantic idealism,2.0,-2.0,0.13910847902297974,0.058280687779188156,0.13806605339050293,0.04392537847161293,0.0010424256324768066,0.04093510843813419
b1,b11,7,3,romantic idealism,2.0,2.0,0.08850205689668655,0.058280687779188156,0.07171034812927246,0.04392537847161293,0.016791708767414093,0.023506538942456245
b1,b11,7,4,academic ambition / competitive determination,-2.0,-2.0,0.09642452746629715,0.10354398936033249,0.14867256581783295,0.09754790365695953,-0.0522480383515358,-0.029683750122785568
b1,b11,7,4,academic ambition / competitive determination,-2.0,2.0,0.1323087364435196,0.10354398936033249,0.13259628415107727,0.09754790365695953,-0.0002875477075576782,0.014238599687814713
b1,b11,7,4,academic ambition / competitive determination,2.0,-2.0,0.07616263628005981,0.026061316952109337,0.14867256581783295,0.09754790365695953,-0.07250992953777313,-0.011204305104911327
b1,b11,7,4,academic ambition / competitive determination,2.0,2.0,0.009588221088051796,0.026061316952109337,0.13259628415107727,0.09754790365695953,-0.12300806306302547,-0.06974057946354151
b1,b11,7,5,ironic amusement,-2.0,-2.0,0.11844678223133087,0.13427017629146576,0.19450071454048157,0.16570064425468445,-0.0760539323091507,-0.04593866318464279
b1,b11,7,5,ironic amusement,-2.0,2.0,0.14022274315357208,0.13427017629146576,0.14826487004756927,0.16570064425468445,-0.008042126893997192,-0.0010447800159454346
b1,b11,7,5,ironic amusement,2.0,-2.0,0.17001165449619293,0.09495176374912262,0.19450071454048157,0.16570064425468445,-0.024489060044288635,0.02528541535139084
b1,b11,7,5,ironic amusement,2.0,2.0,0.08700703829526901,0.09495176374912262,0.14826487004756927,0.16570064425468445,-0.06125783175230026,-0.034601278603076935
b1,b11,7,6,enthusiasm / curiosity,-2.0,-2.0,0.15724635124206543,0.1598481684923172,0.19568520784378052,0.21325509250164032,-0.03843885660171509,-0.02052033692598343
b1,b11,7,6,enthusiasm / curiosity,-2.0,2.0,0.2370634526014328,0.1598481684923172,0.1412198841571808,0.21325509250164032,0.0772152841091156,0.08652942627668381
b1,b11,7,6,enthusiasm / curiosity,2.0,-2.0,0.1727818101644516,0.11776137351989746,0.19568520784378052,0.21325509250164032,-0.02290339767932892,0.01605851948261261
b1,b11,7,6,enthusiasm / curiosity,2.0,2.0,0.1405712217092514,0.11776137351989746,0.1412198841571808,0.21325509250164032,-0.0006486624479293823,0.01108059287071228
b1,b13,0,0,self-doubt / encouragement,-2.0,-2.0,0.13509030640125275,0.18022263050079346,0.15093602240085602,0.25813189148902893,-0.04513232409954071,-0.03048902004957199
b1,b13,0,0,self-doubt / encouragement,-2.0,2.0,0.21005335450172424,0.18022263050079346,0.15538093447685242,0.25813189148902893,0.029830724000930786,0.042251572012901306
b1,b13,0,0,self-doubt / encouragement,2.0,-2.0,0.18106235563755035,0.18886063992977142,0.15093602240085602,0.25813189148902893,-0.007798284292221069,0.011164024472236633
b1,b13,0,0,self-doubt / encouragement,2.0,2.0,0.21564744412899017,0.18886063992977142,0.15538093447685242,0.25813189148902893,0.02678680419921875,0.04352665692567825
b1,b13,0,1,frustration / despair,-2.0,-2.0,0.13760533928871155,0.10425586253404617,0.13980066776275635,0.17861869931221008,-0.0021953284740448,0.015577074140310287
b1,b13,0,1,frustration / despair,-2.0,2.0,0.12621690332889557,0.10425586253404617,0.09746817499399185,0.17861869931221008,0.021961040794849396,0.025354884564876556
b1,b13,0,1,frustration / despair,2.0,-2.0,0.2249533236026764,0.1258285641670227,0.13980066776275635,0.17861869931221008,0.08515265583992004,0.09213870763778687
b1,b13,0,1,frustration / despair,2.0,2.0,0.1589345484972,0.1258285641670227,0.09746817499399185,0.17861869931221008,0.03310598433017731,0.047286178916692734
b1,b13,0,2,uncertainty / indecision,-2.0,-2.0,0.08886167407035828,0.15817390382289886,0.20844382047653198,0.2938035726547241,-0.1195821464061737,-0.09444718807935715
b1,b13,0,2,uncertainty / indecision,-2.0,2.0,0.13662776350975037,0.15817390382289886,0.19911159574985504,0.2938035726547241,-0.062483832240104675,-0.04201498627662659
b1,b13,0,2,uncertainty / indecision,2.0,-2.0,0.270236074924469,0.2826298773288727,0.20844382047653198,0.2938035726547241,-0.012393802404403687,0.024699226021766663
b1,b13,0,2,uncertainty / indecision,2.0,2.0,0.25592759251594543,0.2826298773288727,0.19911159574985504,0.2938035726547241,-0.026702284812927246,0.015056855976581573
b1,b13,0,3,romantic idealism,-2.0,-2.0,0.052488382905721664,0.09416302293539047,0.09748581051826477,0.09840402752161026,-0.044997427612543106,-0.04333603382110596
b1,b13,0,3,romantic idealism,-2.0,2.0,0.1497778445482254,0.09416302293539047,0.07229071110486984,0.09840402752161026,0.05561482161283493,0.06655097752809525
b1,b13,0,3,romantic idealism,2.0,-2.0,0.054572779685258865,0.10202836990356445,0.09748581051826477,0.09840402752161026,-0.04745559021830559,-0.045184310525655746
b1,b13,0,3,romantic idealism,2.0,2.0,0.09726452082395554,0.10202836990356445,0.07229071110486984,0.09840402752161026,-0.004763849079608917,0.010104980319738388
b1,b13,0,4,academic ambition / competitive determination,-2.0,-2.0,-0.012252558022737503,0.12267141044139862,0.05303751677274704,0.12982867658138275,-0.13492396846413612,-0.10010702162981033
b1,b13,0,4,academic ambition / competitive determination,-2.0,2.0,0.14362594485282898,0.12267141044139862,0.026427462697029114,0.12982867658138275,0.02095453441143036,0.06907650828361511
b1,b13,0,4,academic ambition / competitive determination,2.0,-2.0,0.13222600519657135,0.06280486285686493,0.05303751677274704,0.12982867658138275,0.06942114233970642,0.07430481538176537
b1,b13,0,4,academic ambition / competitive determination,2.0,2.0,0.11684728413820267,0.06280486285686493,0.026427462697029114,0.12982867658138275,0.05404242128133774,0.07223112136125565
b1,b13,0,5,ironic amusement,-2.0,-2.0,0.10486789047718048,0.11640074849128723,0.20250204205513,0.14226104319095612,-0.09763415157794952,-0.05458350479602814
b1,b13,0,5,ironic amusement,-2.0,2.0,0.12017908692359924,0.11640074849128723,0.10945024341344833,0.14226104319095612,0.0037783384323120117,0.007253590971231461
b1,b13,0,5,ironic amusement,2.0,-2.0,0.1448371559381485,0.14631947875022888,0.20250204205513,0.14226104319095612,-0.057664886116981506,-0.029573604464530945
b1,b13,0,5,ironic amusement,2.0,2.0,0.14236143231391907,0.14631947875022888,0.10945024341344833,0.14226104319095612,-0.0039580464363098145,0.01447657123208046
b1,b13,0,6,enthusiasm / curiosity,-2.0,-2.0,0.06514455378055573,0.19938166439533234,0.18784187734127045,0.18691354990005493,-0.1342371106147766,-0.12846721708774567
b1,b13,0,6,enthusiasm / curiosity,-2.0,2.0,0.22147756814956665,0.19938166439533234,0.11827018857002258,0.18691354990005493,0.022095903754234314,0.06265164166688919
b1,b13,0,6,enthusiasm / curiosity,2.0,-2.0,0.17076082527637482,0.1420600861310959,0.18784187734127045,0.18691354990005493,-0.01708105206489563,0.00580984354019165
b1,b13,0,6,enthusiasm / curiosity,2.0,2.0,0.15359653532505035,0.1420600861310959,0.11827018857002258,0.18691354990005493,0.011536449193954468,0.02343139797449112
b1,b13,1,0,self-doubt / encouragement,-2.0,-2.0,0.17888203263282776,0.11208950728178024,0.07866907119750977,0.08841095864772797,0.06679252535104752,0.08350274339318275
b1,b13,1,0,self-doubt / encouragement,-2.0,2.0,0.08010224252939224,0.11208950728178024,0.10395605862140656,0.08841095864772797,-0.031987264752388,-0.027920540422201157
b1,b13,1,0,self-doubt / encouragement,2.0,-2.0,0.14751939475536346,0.05217898637056351,0.07866907119750977,0.08841095864772797,0.0688503235578537,0.08209536597132683
b1,b13,1,0,self-doubt / encouragement,2.0,2.0,0.1117904856801033,0.05217898637056351,0.10395605862140656,0.08841095864772797,0.007834427058696747,0.03372296318411827
b1,b13,1,1,frustration / despair,-2.0,-2.0,0.15417718887329102,0.1239522248506546,0.11353012174367905,0.12091337889432907,0.030224964022636414,0.03543601557612419
b1,b13,1,1,frustration / despair,-2.0,2.0,0.10384725779294968,0.1239522248506546,0.12227782607078552,0.12091337889432907,-0.020104967057704926,-0.019267767667770386
b1,b13,1,1,frustration / despair,2.0,-2.0,0.2148939073085785,0.15064938366413116,0.11353012174367905,0.12091337889432907,0.06424452364444733,0.08280415460467339
b1,b13,1,1,frustration / despair,2.0,2.0,0.11946982890367508,0.15064938366413116,0.12227782607078552,0.12091337889432907,-0.031179554760456085,-0.016993775963783264
b1,b13,1,2,uncertainty / indecision,-2.0,-2.0,0.23602557182312012,0.18187493085861206,0.1451789289712906,0.15781734883785248,0.05415064096450806,0.07249864190816879
b1,b13,1,2,uncertainty / indecision,-2.0,2.0,0.15679025650024414,0.18187493085861206,0.18232204020023346,0.15781734883785248,-0.02553178369998932,-0.02530822902917862
b1,b13,1,2,uncertainty / indecision,2.0,-2.0,0.24896010756492615,0.19268062710762024,0.1451789289712906,0.15781734883785248,0.05627948045730591,0.08003032952547073
b1,b13,1,2,uncertainty / indecision,2.0,2.0,0.18417511880397797,0.19268062710762024,0.18232204020023346,0.15781734883785248,-0.008505508303642273,-0.003326214849948883
b1,b13,1,3,romantic idealism,-2.0,-2.0,0.06415402889251709,0.02420516312122345,0.0906880646944046,-0.006770863197743893,-0.026534035801887512,0.006707414984703064
b1,b13,1,3,romantic idealism,-2.0,2.0,0.029749885201454163,0.02420516312122345,0.005682298913598061,-0.006770863197743893,0.005544722080230713,0.014806154184043407
b1,b13,1,3,romantic idealism,2.0,-2.0,0.04464458301663399,-0.038759686052799225,0.0906880646944046,-0.006770863197743893,-0.046043481677770615,0.0186803936958313
b1,b13,1,3,romantic idealism,2.0,2.0,0.04135569930076599,-0.038759686052799225,0.005682298913598061,-0.006770863197743893,0.03567340038716793,0.05789439287036657
b1,b13,1,4,academic ambition / competitive determination,-2.0,-2.0,0.14631354808807373,0.10153987258672714,0.04291658475995064,0.07020284235477448,0.04477367550134659,0.07408531941473484
b1,b13,1,4,academic ambition / competitive determination,-2.0,2.0,0.09202557802200317,0.10153987258672714,0.0899573415517807,0.07020284235477448,-0.009514294564723969,-0.0037230290472507477
b1,b13,1,4,academic ambition / competitive determination,2.0,-2.0,0.0889919251203537,0.10611777007579803,0.04291658475995064,0.07020284235477448,-0.017125844955444336,0.014474747702479362
b1,b13,1,4,academic ambition / competitive determination,2.0,2.0,0.040112752467393875,0.10611777007579803,0.0899573415517807,0.07020284235477448,-0.06600501760840416,-0.05792480334639549
b1,b13,1,5,ironic amusement,-2.0,-2.0,0.20400191843509674,0.1408076286315918,0.06615250557661057,0.11187908798456192,0.06319428980350494,0.10052185133099556
b1,b13,1,5,ironic amusement,-2.0,2.0,0.1187843605875969,0.1408076286315918,0.08835891634225845,0.11187908798456192,-0.022023268043994904,0.004201088100671768
b1,b13,1,5,ironic amusement,2.0,-2.0,0.1325034499168396,0.06879834830760956,0.06615250557661057,0.11187908798456192,0.06370510160923004,0.06502802297472954
b1,b13,1,5,ironic amusement,2.0,2.0,0.11457013338804245,0.06879834830760956,0.08835891634225845,0.11187908798456192,0.026211217045783997,0.035991501063108444
b1,b13,1,6,enthusiasm / curiosity,-2.0,-2.0,0.2022589147090912,0.09696692228317261,0.11886723339557648,0.10047917813062668,0.08339168131351471,0.09434183686971664
b1,b13,1,6,enthusiasm / curiosity,-2.0,2.0,0.13880625367164612,0.09696692228317261,0.14493229985237122,0.10047917813062668,-0.006126046180725098,0.017856642603874207
b1,b13,1,6,enthusiasm / curiosity,2.0,-2.0,0.1609596610069275,0.08581679314374924,0.11886723339557648,0.10047917813062668,0.04209242761135101,0.05861764773726463
b1,b13,1,6,enthusiasm / curiosity,2.0,2.0,0.10310198366641998,0.08581679314374924,0.14493229985237122,0.10047917813062668,-0.04183031618595123,-0.012272562831640244
b1,b13,2,0,self-doubt / encouragement,-2.0,-2.0,0.16901825368404388,0.15555185079574585,0.2522750198841095,0.11807066202163696,-0.08325676620006561,-0.03489518165588379
b1,b13,2,0,self-doubt / encouragement,-2.0,2.0,0.2419985979795456,0.15555185079574585,0.14819316565990448,0.11807066202163696,0.08644674718379974,0.09012608975172043
b1,b13,2,0,self-doubt / encouragement,2.0,-2.0,0.09487831592559814,0.182893306016922,0.2522750198841095,0.11807066202163696,-0.15739670395851135,-0.1227058470249176
b1,b13,2,0,self-doubt / encouragement,2.0,2.0,0.10130435228347778,0.182893306016922,0.14819316565990448,0.11807066202163696,-0.08158895373344421,-0.06423888355493546
b1,b13,2,1,frustration / despair,-2.0,-2.0,0.11974408477544785,0.07297488301992416,0.08119142800569534,0.08125200122594833,0.0385526567697525,0.04266092926263809
b1,b13,2,1,frustration / despair,-2.0,2.0,0.13162758946418762,0.07297488301992416,0.09977748990058899,0.08125200122594833,0.03185009956359863,0.045251403003931046
b1,b13,2,1,frustration / despair,2.0,-2.0,0.17603975534439087,0.04817400127649307,0.08119142800569534,0.08125200122594833,0.09484832733869553,0.11135704070329666
b1,b13,2,1,frustration / despair,2.0,2.0,0.07609503716230392,0.04817400127649307,0.09977748990058899,0.08125200122594833,-0.023682452738285065,0.0021192915737628937
b1,b13,2,2,uncertainty / indecision,-2.0,-2.0,0.10904676467180252,0.14737047255039215,0.16969525814056396,0.1627798229455948,-0.060648493468761444,-0.04948610067367554
b1,b13,2,2,uncertainty / indecision,-2.0,2.0,0.15688569843769073,0.14737047255039215,0.1390744149684906,0.1627798229455948,0.009515225887298584,0.013663254678249359
b1,b13,2,2,uncertainty / indecision,2.0,-2.0,0.11483064293861389,0.07767355442047119,0.16969525814056396,0.1627798229455948,-0.05486461520195007,-0.008853763341903687
b1,b13,2,2,uncertainty / indecision,2.0,2.0,0.13624811172485352,0.07767355442047119,0.1390744149684906,0.1627798229455948,-0.002826303243637085,0.02787412703037262
b1,b13,2,3,romantic idealism,-2.0,-2.0,0.03698237985372543,0.15582117438316345,0.20447079837322235,0.08189420402050018,-0.16748841851949692,-0.14316360652446747
b1,b13,2,3,romantic idealism,-2.0,2.0,0.09967172145843506,0.15582117438316345,0.04020530730485916,0.08189420402050018,-0.056149452924728394,0.0016584806144237518
b1,b13,2,3,romantic idealism,2.0,-2.0,0.07652511447668076,0.11138750612735748,0.20447079837322235,0.08189420402050018,-0.1279456838965416,-0.08140403777360916
b1,b13,2,3,romantic idealism,2.0,2.0,0.035890065133571625,0.11138750612735748,0.04020530730485916,0.08189420402050018,-0.07549744099378586,-0.0399063415825367
b1,b13,2,4,academic ambition / competitive determination,-2.0,-2.0,0.1347028613090515,0.10154318064451218,0.10816854238510132,0.22492516040802002,0.026534318923950195,0.029846999794244766
b1,b13,2,4,academic ambition / competitive determination,-2.0,2.0,0.2291816771030426,0.10154318064451218,0.06153491884469986,0.22492516040802002,0.12763849645853043,0.14764262735843658
b1,b13,2,4,academic ambition / competitive determination,2.0,-2.0,0.03231246396899223,0.04932039976119995,0.10816854238510132,0.22492516040802002,-0.07585607841610909,-0.0464320071041584
b1,b13,2,4,academic ambition / competitive determination,2.0,2.0,0.22148719429969788,0.04932039976119995,0.06153491884469986,0.22492516040802002,0.15995227545499802,0.16605953499674797
b1,b13,2,5,ironic amusement,-2.0,-2.0,0.06685146689414978,0.07480112463235855,0.16234107315540314,0.07568584382534027,-0.09548960626125336,-0.051719631999731064
b1,b13,2,5,ironic amusement,-2.0,2.0,0.002166515914723277,0.07480112463235855,0.104575976729393,0.07568584382534027,-0.10240946081466973,-0.0875220347661525
b1,b13,2,5,ironic amusement,2.0,-2.0,0.15398065745830536,0.07549314200878143,0.16234107315540314,0.07568584382534027,-0.008360415697097778,0.035063549876213074
b1,b13,2,5,ironic amusement,2.0,2.0,0.016698330640792847,0.07549314200878143,0.104575976729393,0.07568584382534027,-0.08787764608860016,-0.07333622872829437
b1,b13,2,6,enthusiasm / curiosity,-2.0,-2.0,0.17108045518398285,0.19478605687618256,0.18743883073329926,0.16488711535930634,-0.023705601692199707,-0.020031988620758057
b1,b13,2,6,enthusiasm / curiosity,-2.0,2.0,0.21144777536392212,0.19478605687618256,0.12430555373430252,0.16488711535930634,0.016661718487739563,0.05190197005867958
b1,b13,2,6,enthusiasm / curiosity,2.0,-2.0,0.15630094707012177,0.2291577309370041,0.18743883073329926,0.16488711535930634,-0.07285678386688232,-0.05199733376502991
b1,b13,2,6,enthusiasm / curiosity,2.0,2.0,0.10997530817985535,0.2291577309370041,0.12430555373430252,0.16488711535930634,-0.11918242275714874,-0.06675633415579796
b1,b13,3,0,self-doubt / encouragement,-2.0,-2.0,0.1285952776670456,0.1077333465218544,0.08350437134504318,0.052453186362981796,0.020861931145191193,0.0329764187335968
b1,b13,3,0,self-doubt / encouragement,-2.0,2.0,0.09106643497943878,0.1077333465218544,0.08275934308767319,0.052453186362981796,-0.01666691154241562,-0.004179909825325012
b1,b13,3,0,self-doubt / encouragement,2.0,-2.0,0.0625903308391571,0.06363339722156525,0.08350437134504318,0.052453186362981796,-0.020914040505886078,-0.01097855344414711
b1,b13,3,0,self-doubt / encouragement,2.0,2.0,0.07627715170383453,0.06363339722156525,0.08275934308767319,0.052453186362981796,-0.0064821913838386536,0.0030807815492153168
b1,b13,3,1,frustration / despair,-2.0,-2.0,0.07911098003387451,0.10280868411064148,0.047639623284339905,0.09358758479356766,-0.023697704076766968,0.0038868263363838196
b1,b13,3,1,frustration / despair,-2.0,2.0,0.0841425359249115,0.10280868411064148,0.08301793038845062,0.09358758479356766,-0.01866614818572998,-0.008770771324634552
b1,b13,3,1,frustration / despair,2.0,-2.0,0.0626508817076683,0.06745298206806183,0.047639623284339905,0.09358758479356766,-0.004802100360393524,0.005104579031467438
b1,b13,3,1,frustration / despair,2.0,2.0,0.06797324120998383,0.06745298206806183,0.08301793038845062,0.09358758479356766,-0.015044689178466797,-0.0072622150182724
b1,b13,3,2,uncertainty / indecision,-2.0,-2.0,0.15346741676330566,0.1471053808927536,0.10955987125635147,0.12726494669914246,0.006362035870552063,0.025134790688753128
b1,b13,3,2,uncertainty / indecision,-2.0,2.0,0.11610177904367447,0.1471053808927536,0.10845186561346054,0.12726494669914246,-0.031003601849079132,-0.011676844209432602
b1,b13,3,2,uncertainty / indecision,2.0,-2.0,0.07902572304010391,0.09852880239486694,0.10955987125635147,0.12726494669914246,-0.03053414821624756,-0.025018613785505295
b1,b13,3,2,uncertainty / indecision,2.0,2.0,0.10003526508808136,0.09852880239486694,0.10845186561346054,0.12726494669914246,-0.008416600525379181,-0.003455068916082382
b1,b13,3,3,romantic idealism,-2.0,-2.0,0.0845959410071373,0.04008882865309715,0.04517284035682678,0.030849866569042206,0.039423100650310516,0.04196510650217533
b1,b13,3,3,romantic idealism,-2.0,2.0,0.03196277841925621,0.04008882865309715,0.039030689746141434,0.030849866569042206,-0.008126050233840942,-0.007596980780363083
b1,b13,3,3,romantic idealism,2.0,-2.0,0.008465530350804329,0.01627768576145172,0.04517284035682678,0.030849866569042206,-0.03670731000602245,-0.022259732708334923
b1,b13,3,3,romantic idealism,2.0,2.0,0.022358819842338562,0.01627768576145172,0.039030689746141434,0.030849866569042206,-0.01667186990380287,-0.0052953679114580154
b1,b13,3,4,academic ambition / competitive determination,-2.0,-2.0,0.08636986464262009,0.08564983308315277,0.07699371874332428,0.05452263727784157,0.0007200315594673157,0.005048088729381561
b1,b13,3,4,academic ambition / competitive determination,-2.0,2.0,0.0852225199341774,0.08564983308315277,0.06347253173589706,0.05452263727784157,-0.0004273131489753723,0.010661337524652481
b1,b13,3,4,academic ambition / competitive determination,2.0,-2.0,0.03482770174741745,0.05791405960917473,0.07699371874332428,0.05452263727784157,-0.04216601699590683,-0.032626187428832054
b1,b13,3,4,academic ambition / competitive determination,2.0,2.0,0.04839064180850983,0.05791405960917473,0.06347253173589706,0.05452263727784157,-0.015081889927387238,-0.01230265386402607
b1,b13,3,5,ironic amusement,-2.0,-2.0,0.13838772475719452,0.12327922135591507,0.13668087124824524,0.11290572583675385,0.0017068535089492798,0.008407678455114365
b1,b13,3,5,ironic amusement,-2.0,2.0,0.12518884241580963,0.12327922135591507,0.12921178340911865,0.11290572583675385,-0.004022940993309021,-0.0010566599667072296
b1,b13,3,5,ironic amusement,2.0,-2.0,0.1378616988658905,0.10340537875890732,0.13668087124824524,0.11290572583675385,0.0011808276176452637,0.017818573862314224
b1,b13,3,5,ironic amusement,2.0,2.0,0.10439838469028473,0.10340537875890732,0.12921178340911865,0.11290572583675385,-0.024813398718833923,-0.011910196393728256
b1,b13,3,6,enthusiasm / curiosity,-2.0,-2.0,0.16459833085536957,0.15714645385742188,0.15818378329277039,0.11542709171772003,0.006414547562599182,0.0069332122802734375
b1,b13,3,6,enthusiasm / curiosity,-2.0,2.0,0.14959043264389038,0.15714645385742188,0.13892538845539093,0.11542709171772003,-0.007556021213531494,0.0015545114874839783
b1,b13,3,6,enthusiasm / curiosity,2.0,-2.0,0.1271892786026001,0.1387225240468979,0.15818378329277039,0.11542709171772003,-0.030994504690170288,-0.02126387506723404
b1,b13,3,6,enthusiasm / curiosity,2.0,2.0,0.16137100756168365,0.1387225240468979,0.13892538845539093,0.11542709171772003,0.022445619106292725,0.022547051310539246
b1,b13,4,0,self-doubt / encouragement,-2.0,-2.0,0.08681414276361465,0.11697649955749512,0.08535770326852798,0.09420274198055267,-0.030162356793880463,-0.014352958649396896
b1,b13,4,0,self-doubt / encouragement,-2.0,2.0,0.10476351529359818,0.11697649955749512,0.1250598430633545,0.09420274198055267,-0.020296327769756317,-0.01625465601682663
b1,b13,4,0,self-doubt / encouragement,2.0,-2.0,0.08032262325286865,0.19275254011154175,0.08535770326852798,0.09420274198055267,-0.1124299168586731,-0.058732498437166214
b1,b13,4,0,self-doubt / encouragement,2.0,2.0,0.10263176262378693,0.19275254011154175,0.1250598430633545,0.09420274198055267,-0.09012077748775482,-0.056274428963661194
b1,b13,4,1,frustration / despair,-2.0,-2.0,0.03875221312046051,0.10547022521495819,0.03487040102481842,0.08755809813737869,-0.06671801209449768,-0.031418099999427795
b1,b13,4,1,frustration / despair,-2.0,2.0,0.10400024056434631,0.10547022521495819,0.09027902781963348,0.08755809813737869,-0.0014699846506118774,0.006125614047050476
b1,b13,4,1,frustration / despair,2.0,-2.0,0.07141141593456268,0.12097542732954025,0.03487040102481842,0.08755809813737869,-0.04956401139497757,-0.0065114982426166534
b1,b13,4,1,frustration / despair,2.0,2.0,0.1563563197851181,0.12097542732954025,0.09027902781963348,0.08755809813737869,0.03538089245557785,0.050729092210531235
b1,b13,4,2,uncertainty / indecision,-2.0,-2.0,0.12067383527755737,0.17790935933589935,0.13304929435253143,0.1750427633523941,-0.05723552405834198,-0.03480549156665802
b1,b13,4,2,uncertainty / indecision,-2.0,2.0,0.17752930521965027,0.17790935933589935,0.20379412174224854,0.1750427633523941,-0.026264816522598267,-0.013322435319423676
b1,b13,4,2,uncertainty / indecision,2.0,-2.0,0.17718984186649323,0.20869816839694977,0.13304929435253143,0.1750427633523941,-0.03150832653045654,0.0063161104917526245
b1,b13,4,2,uncertainty / indecision,2.0,2.0,0.20956951379776,0.20869816839694977,0.20379412174224854,0.1750427633523941,0.0008713454008102417,0.003323368728160858
b1,b13,4,3,romantic idealism,-2.0,-2.0,0.05184606462717056,0.10369332134723663,0.03287062793970108,0.0777839720249176,-0.05184725672006607,-0.016435910016298294
b1,b13,4,3,romantic idealism,-2.0,2.0,0.09395952522754669,0.10369332134723663,0.10853992402553558,0.0777839720249176,-0.014580398797988892,-0.012157097458839417
b1,b13,4,3,romantic idealism,2.0,-2.0,0.071098692715168,0.08803281933069229,0.03287062793970108,0.0777839720249176,-0.016934126615524292,0.010646969079971313
b1,b13,4,3,romantic idealism,2.0,2.0,0.018667228519916534,0.08803281933069229,0.10853992402553558,0.0777839720249176,-0.08987269550561905,-0.0796191431581974
b1,b13,4,4,academic ambition / competitive determination,-2.0,-2.0,0.054824862629175186,0.131052166223526,0.019490748643875122,0.17606696486473083,-0.07622730359435081,-0.020446594804525375
b1,b13,4,4,academic ambition / competitive determination,-2.0,2.0,0.15972672402858734,0.131052166223526,0.1756773144006729,0.17606696486473083,-0.01595059037208557,0.0063619837164878845
b1,b13,4,4,academic ambition / competitive determination,2.0,-2.0,0.034614197909832,0.12346351891756058,0.019490748643875122,0.17606696486473083,-0.08884932100772858,-0.03686293587088585
b1,b13,4,4,academic ambition / competitive determination,2.0,2.0,0.1260073184967041,0.12346351891756058,0.1756773144006729,0.17606696486473083,-0.04966999590396881,-0.023563098162412643
b1,b13,4,5,ironic amusement,-2.0,-2.0,0.03345634415745735,0.063758485019207,0.011771365068852901,0.047942329198122025,-0.03030214086174965,-0.004308580886572599
b1,b13,4,5,ironic amusement,-2.0,2.0,0.05483677610754967,0.063758485019207,0.06514155864715576,0.047942329198122025,-0.010304782539606094,-0.009613245725631714
b1,b13,4,5,ironic amusement,2.0,-2.0,0.07316622883081436,0.0640605241060257,0.011771365068852901,0.047942329198122025,0.009105704724788666,0.03525028424337506
b1,b13,4,5,ironic amusement,2.0,2.0,0.05553697422146797,0.0640605241060257,0.06514155864715576,0.047942329198122025,-0.00960458442568779,-0.009064067155122757
b1,b13,4,6,enthusiasm / curiosity,-2.0,-2.0,0.1064852625131607,0.14990784227848053,0.11112634092569351,0.1213739663362503,-0.043422579765319824,-0.024031829088926315
b1,b13,4,6,enthusiasm / curiosity,-2.0,2.0,0.11490744352340698,0.14990784227848053,0.14415495097637177,0.1213739663362503,-0.03500039875507355,-0.032123953104019165
b1,b13,4,6,enthusiasm / curiosity,2.0,-2.0,0.15324924886226654,0.2084079384803772,0.11112634092569351,0.1213739663362503,-0.05515868961811066,-0.006517890840768814
b1,b13,4,6,enthusiasm / curiosity,2.0,2.0,0.1507263034582138,0.2084079384803772,0.14415495097637177,0.1213739663362503,-0.05768163502216339,-0.025555141270160675
b1,b13,5,0,self-doubt / encouragement,-2.0,-2.0,0.12833143770694733,0.11292997002601624,0.18385031819343567,0.2605997622013092,-0.05551888048648834,-0.020058706402778625
b1,b13,5,0,self-doubt / encouragement,-2.0,2.0,0.1679021716117859,0.11292997002601624,0.08501996099948883,0.2605997622013092,0.05497220158576965,0.06892720609903336
b1,b13,5,0,self-doubt / encouragement,2.0,-2.0,0.19979378581047058,0.2192445695400238,0.18385031819343567,0.2605997622013092,-0.019450783729553223,-0.0017536580562591553
b1,b13,5,0,self-doubt / encouragement,2.0,2.0,0.20762085914611816,0.2192445695400238,0.08501996099948883,0.2605997622013092,-0.01162371039390564,0.05548859387636185
b1,b13,5,1,frustration / despair,-2.0,-2.0,0.15081384778022766,0.06941681355237961,0.15117542445659637,0.1821449100971222,-0.0003615766763687134,0.04051772877573967
b1,b13,5,1,frustration / despair,-2.0,2.0,0.12440000474452972,0.06941681355237961,0.12650001049041748,0.1821449100971222,-0.0021000057458877563,0.02644159272313118
b1,b13,5,1,frustration / despair,2.0,-2.0,0.22405079007148743,0.14753694832324982,0.15117542445659637,0.1821449100971222,0.07287536561489105,0.07469460368156433
b1,b13,5,1,frustration / despair,2.0,2.0,0.1844537854194641,0.14753694832324982,0.12650001049041748,0.1821449100971222,0.036916837096214294,0.04743530601263046
b1,b13,5,2,uncertainty / indecision,-2.0,-2.0,0.1361721307039261,0.14751359820365906,0.21388497948646545,0.3255994915962219,-0.07771284878253937,-0.04452715814113617
b1,b13,5,2,uncertainty / indecision,-2.0,2.0,0.18422581255435944,0.14751359820365906,0.1614515483379364,0.3255994915962219,0.022774264216423035,0.029743239283561707
b1,b13,5,2,uncertainty / indecision,2.0,-2.0,0.25399094820022583,0.2850800156593323,0.21388497948646545,0.3255994915962219,-0.031089067459106445,0.004508450627326965
b1,b13,5,2,uncertainty / indecision,2.0,2.0,0.2600885331630707,0.2850800156593323,0.1614515483379364,0.3255994915962219,-0.024991482496261597,0.03682275116443634
b1,b13,5,3,romantic idealism,-2.0,-2.0,0.025998419150710106,0.013077396899461746,0.08752339333295822,0.07390762865543365,-0.061524974182248116,-0.024301975965499878
b1,b13,5,3,romantic idealism,-2.0,2.0,0.05952969193458557,0.013077396899461746,0.0170403104275465,0.07390762865543365,0.04248938150703907,0.04447083827108145
b1,b13,5,3,romantic idealism,2.0,-2.0,0.09757210314273834,0.043912071734666824,0.08752339333295822,0.07390762865543365,0.01004870980978012,0.03185437060892582
b1,b13,5,3,romantic idealism,2.0,2.0,0.12945333123207092,0.043912071734666824,0.0170403104275465,0.07390762865543365,0.0855412594974041,0.09897714015096426
b1,b13,5,4,academic ambition / competitive determination,-2.0,-2.0,0.0881207138299942,0.09139662981033325,0.14480963349342346,0.23687967658042908,-0.05668891966342926,-0.029982417821884155
b1,b13,5,4,academic ambition / competitive determination,-2.0,2.0,0.0635516494512558,0.09139662981033325,0.03836527839303017,0.23687967658042908,-0.027844980359077454,-0.001329304650425911
b1,b13,5,4,academic ambition / competitive determination,2.0,-2.0,0.1331954151391983,0.19056104123592377,0.14480963349342346,0.23687967658042908,-0.057365626096725464,-0.03448992222547531
b1,b13,5,4,academic ambition / competitive determination,2.0,2.0,0.14634078741073608,0.19056104123592377,0.03836527839303017,0.23687967658042908,-0.04422025382518768,0.03187762759625912
b1,b13,5,5,ironic amusement,-2.0,-2.0,0.11707870662212372,0.09837909042835236,0.10627097636461258,0.1294260025024414,0.010807730257511139,0.01475367322564125
b1,b13,5,5,ironic amusement,-2.0,2.0,0.11730913817882538,0.09837909042835236,0.08497555553913116,0.1294260025024414,0.018930047750473022,0.025631815195083618
b1,b13,5,5,ironic amusement,2.0,-2.0,0.16459403932094574,0.1431712806224823,0.10627097636461258,0.1294260025024414,0.02142275869846344,0.0398729108273983
b1,b13,5,5,ironic amusement,2.0,2.0,0.16052265465259552,0.1431712806224823,0.08497555553913116,0.1294260025024414,0.01735137403011322,0.04644923657178879
b1,b13,5,6,enthusiasm / curiosity,-2.0,-2.0,0.14242877066135406,0.08568452298641205,0.16948769986629486,0.24977491796016693,-0.027058929204940796,0.01484265923500061
b1,b13,5,6,enthusiasm / curiosity,-2.0,2.0,0.19823181629180908,0.08568452298641205,0.12977728247642517,0.24977491796016693,0.06845453381538391,0.09050091356039047
b1,b13,5,6,enthusiasm / curiosity,2.0,-2.0,0.20165686309337616,0.2760566473007202,0.16948769986629486,0.24977491796016693,-0.07439978420734406,-0.021115310490131378
b1,b13,5,6,enthusiasm / curiosity,2.0,2.0,0.19246436655521393,0.2760566473007202,0.12977728247642517,0.24977491796016693,-0.08359228074550629,-0.010452598333358765
b1,b13,6,0,self-doubt / encouragement,-2.0,-2.0,0.03987749293446541,0.03322940319776535,0.1541108638048172,0.05742540583014488,-0.11423337087035179,-0.05379264056682587
b1,b13,6,0,self-doubt / encouragement,-2.0,2.0,0.1457945555448532,0.03322940319776535,0.0303046852350235,0.05742540583014488,0.11256515234708786,0.11402751132845879
b1,b13,6,0,self-doubt / encouragement,2.0,-2.0,0.12587398290634155,0.0950169637799263,0.1541108638048172,0.05742540583014488,-0.028236880898475647,0.0013100691139698029
b1,b13,6,0,self-doubt / encouragement,2.0,2.0,0.027775045484304428,0.0950169637799263,0.0303046852350235,0.05742540583014488,-0.06724191829562187,-0.03488577902317047
b1,b13,6,1,frustration / despair,-2.0,-2.0,0.043878208845853806,0.07310642302036285,0.10371168702840805,0.01839112676680088,-0.059833478182554245,-0.04453084617853165
b1,b13,6,1,frustration / despair,-2.0,2.0,0.1007048487663269,0.07310642302036285,0.0422043614089489,0.01839112676680088,0.02759842574596405,0.04304945655167103
b1,b13,6,1,frustration / despair,2.0,-2.0,0.11931658536195755,0.04780111089348793,0.10371168702840805,0.01839112676680088,0.0156048983335495,0.04356018640100956
b1,b13,6,1,frustration / despair,2.0,2.0,-0.00014816713519394398,0.04780111089348793,0.0422043614089489,0.01839112676680088,-0.047949278028681874,-0.04515090328641236
b1,b13,6,2,uncertainty / indecision,-2.0,-2.0,0.04137248918414116,0.06854970753192902,0.12378354370594025,0.05221102759242058,-0.08241105452179909,-0.05479413643479347
b1,b13,6,2,uncertainty / indecision,-2.0,2.0,0.1315368115901947,0.06854970753192902,0.09896352887153625,0.05221102759242058,0.03257328271865845,0.04778019338846207
b1,b13,6,2,uncertainty / indecision,2.0,-2.0,0.15619806945323944,0.13086076080799103,0.12378354370594025,0.05221102759242058,0.025337308645248413,0.028875917196273804
b1,b13,6,2,uncertainty / indecision,2.0,2.0,0.040472861379384995,0.13086076080799103,0.09896352887153625,0.05221102759242058,-0.09038789942860603,-0.07443928346037865
b1,b13,6,3,romantic idealism,-2.0,-2.0,-0.04375670105218887,-0.04260009527206421,0.07856820523738861,-0.0029398947954177856,-0.12232490628957748,-0.061740756034851074
b1,b13,6,3,romantic idealism,-2.0,2.0,0.06297231465578079,-0.04260009527206421,0.019997213035821915,-0.0029398947954177856,0.04297510161995888,0.07427375577390194
b1,b13,6,3,romantic idealism,2.0,-2.0,0.05829227343201637,0.06147673353552818,0.07856820523738861,-0.0029398947954177856,-0.020275931805372238,-0.011730195954442024
b1,b13,6,3,romantic idealism,2.0,2.0,-0.01131373830139637,0.06147673353552818,0.019997213035821915,-0.0029398947954177856,-0.07279047183692455,-0.05205071158707142
b1,b13,6,4,academic ambition / competitive determination,-2.0,-2.0,0.011660529300570488,0.06795188784599304,0.10599645227193832,0.06544547528028488,-0.09433592297136784,-0.0753136407583952
b1,b13,6,4,academic ambition / competitive determination,-2.0,2.0,0.1682305932044983,0.06795188784599304,0.06924551725387573,0.06544547528028488,0.09898507595062256,0.0996318906545639
b1,b13,6,4,academic ambition / competitive determination,2.0,-2.0,0.08805431425571442,0.09293758869171143,0.10599645227193832,0.06544547528028488,-0.017942138016223907,-0.011412706226110458
b1,b13,6,4,academic ambition / competitive determination,2.0,2.0,0.02932891994714737,0.09293758869171143,0.06924551725387573,0.06544547528028488,-0.06360866874456406,-0.05176263302564621
b1,b13,6,5,ironic amusement,-2.0,-2.0,0.043261848390102386,0.03572182357311249,0.1320272833108902,0.11783196777105331,-0.08876543492078781,-0.040612705051898956
b1,b13,6,5,ironic amusement,-2.0,2.0,0.058357756584882736,0.03572182357311249,0.12094425410032272,0.11783196777105331,-0.06258649751543999,-0.01997528225183487
b1,b13,6,5,ironic amusement,2.0,-2.0,0.16622479259967804,0.108700230717659,0.1320272833108902,0.11783196777105331,0.03419750928878784,0.04586103558540344
b1,b13,6,5,ironic amusement,2.0,2.0,0.052731841802597046,0.108700230717659,0.12094425410032272,0.11783196777105331,-0.06821241229772568,-0.062090400606393814
b1,b13,6,6,enthusiasm / curiosity,-2.0,-2.0,0.09403952211141586,0.12147019803524017,0.186934694647789,0.07693762332201004,-0.09289517253637314,-0.060162924230098724
b1,b13,6,6,enthusiasm / curiosity,-2.0,2.0,0.20522722601890564,0.12147019803524017,0.05917300283908844,0.07693762332201004,0.08375702798366547,0.11490562558174133
b1,b13,6,6,enthusiasm / curiosity,2.0,-2.0,0.14678175747394562,0.12993547320365906,0.186934694647789,0.07693762332201004,-0.040152937173843384,-0.011653326451778412
b1,b13,6,6,enthusiasm / curiosity,2.0,2.0,0.11816224455833435,0.12993547320365906,0.05917300283908844,0.07693762332201004,-0.011773228645324707,0.023608006536960602
b1,b13,7,0,self-doubt / encouragement,-2.0,-2.0,0.15047258138656616,0.19203436374664307,0.2940784990787506,0.23421017825603485,-0.14360591769218445,-0.09258385002613068
b1,b13,7,0,self-doubt / encouragement,-2.0,2.0,0.23704282939434052,0.19203436374664307,0.215284064412117,0.23421017825603485,0.02175876498222351,0.03338361531496048
b1,b13,7,0,self-doubt / encouragement,2.0,-2.0,0.2939532399177551,0.1653909981250763,0.2940784990787506,0.23421017825603485,-0.0001252591609954834,0.06421849131584167
b1,b13,7,0,self-doubt / encouragement,2.0,2.0,0.15671877562999725,0.1653909981250763,0.215284064412117,0.23421017825603485,-0.05856528878211975,-0.033618755638599396
b1,b13,7,1,frustration / despair,-2.0,-2.0,0.23508261144161224,0.15490595996379852,0.3450310528278351,0.17512358725070953,-0.10994844138622284,-0.01488589495420456
b1,b13,7,1,frustration / despair,-2.0,2.0,0.22510495781898499,0.15490595996379852,0.13544046878814697,0.17512358725070953,0.07019899785518646,0.07993174344301224
b1,b13,7,1,frustration / despair,2.0,-2.0,0.34492677450180054,0.17405378818511963,0.3450310528278351,0.17512358725070953,-0.0001042783260345459,0.08538435399532318
b1,b13,7,1,frustration / despair,2.0,2.0,0.17433512210845947,0.17405378818511963,0.13544046878814697,0.17512358725070953,0.00028133392333984375,0.019587993621826172
b1,b13,7,2,uncertainty / indecision,-2.0,-2.0,0.21096883714199066,0.23997735977172852,0.39847028255462646,0.2382877618074417,-0.1875014454126358,-0.10825498402118683
b1,b13,7,2,uncertainty / indecision,-2.0,2.0,0.2353532910346985,0.23997735977172852,0.19242435693740845,0.2382877618074417,-0.004624068737030029,0.019152432680130005
b1,b13,7,2,uncertainty / indecision,2.0,-2.0,0.39835917949676514,0.19854587316513062,0.39847028255462646,0.2382877618074417,-0.00011110305786132812,0.0998511016368866
b1,b13,7,2,uncertainty / indecision,2.0,2.0,0.19334255158901215,0.19854587316513062,0.19242435693740845,0.2382877618074417,-0.005203321576118469,-0.0021425634622573853
b1,b13,7,3,romantic idealism,-2.0,-2.0,0.10704352706670761,0.0587756521999836,0.17482750117778778,0.043948929756879807,-0.06778397411108017,-0.009758049622178078
b1,b13,7,3,romantic idealism,-2.0,2.0,0.12433861196041107,0.0587756521999836,0.10017355531454086,0.043948929756879807,0.02416505664587021,0.04486400820314884
b1,b13,7,3,romantic idealism,2.0,-2.0,0.17481476068496704,0.05830588936805725,0.17482750117778778,0.043948929756879807,-1.2740492820739746e-05,0.058248065412044525
b1,b13,7,3,romantic idealism,2.0,2.0,0.020620834082365036,0.05830588936805725,0.10017355531454086,0.043948929756879807,-0.07955272123217583,-0.05861888825893402
b1,b13,7,4,academic ambition / competitive determination,-2.0,-2.0,0.12366906553506851,0.10354398936033249,0.28995218873023987,0.09755353629589081,-0.16628312319517136,-0.07307902351021767
b1,b13,7,4,academic ambition / competitive determination,-2.0,2.0,0.10577210038900375,0.10354398936033249,0.1048067957162857,0.09755353629589081,0.0009653046727180481,0.0015967078506946564
b1,b13,7,4,academic ambition / competitive determination,2.0,-2.0,0.28996434807777405,0.02609851211309433,0.28995218873023987,0.09755353629589081,1.2159347534179688e-05,0.13193899765610695
b1,b13,7,4,academic ambition / competitive determination,2.0,2.0,0.13308708369731903,0.02609851211309433,0.1048067957162857,0.09755353629589081,0.028280287981033325,0.06763442978262901
b1,b13,7,5,ironic amusement,-2.0,-2.0,0.15238061547279358,0.13427017629146576,0.28679174184799194,0.16565553843975067,-0.13441112637519836,-0.05815034359693527
b1,b13,7,5,ironic amusement,-2.0,2.0,0.2732338011264801,0.13427017629146576,0.1883171945810318,0.16565553843975067,0.0849166065454483,0.11194011569023132
b1,b13,7,5,ironic amusement,2.0,-2.0,0.28677278757095337,0.09495675563812256,0.28679174184799194,0.16565553843975067,-1.895427703857422e-05,0.09589853882789612
b1,b13,7,5,ironic amusement,2.0,2.0,0.12060415744781494,0.09495675563812256,0.1883171945810318,0.16565553843975067,-0.06771303713321686,-0.021032817661762238
b1,b13,7,6,enthusiasm / curiosity,-2.0,-2.0,0.16874541342258453,0.1598481684923172,0.3338056802749634,0.2132773995399475,-0.16506026685237885,-0.07808151096105576
b1,b13,7,6,enthusiasm / curiosity,-2.0,2.0,0.2715120315551758,0.1598481684923172,0.2518364191055298,0.2132773995399475,0.019675612449645996,0.06566973775625229
b1,b13,7,6,enthusiasm / curiosity,2.0,-2.0,0.3337187170982361,0.11778866499662399,0.3338056802749634,0.2132773995399475,-8.696317672729492e-05,0.1079215444624424
b1,b13,7,6,enthusiasm / curiosity,2.0,2.0,0.14228598773479462,0.11778866499662399,0.2518364191055298,0.2132773995399475,-0.10955043137073517,-0.04252655431628227
b11,b13,0,0,self-doubt / encouragement,-2.0,-2.0,0.21457234025001526,0.03300577029585838,0.1509653776884079,0.2579997777938843,0.06360696256160736,0.12258676625788212
b11,b13,0,0,self-doubt / encouragement,-2.0,2.0,0.17862474918365479,0.03300577029585838,0.15542662143707275,0.2579997777938843,0.02319812774658203,0.08440855331718922
b11,b13,0,0,self-doubt / encouragement,2.0,-2.0,0.19581124186515808,0.28547000885009766,0.1509653776884079,0.2579997777938843,-0.08965876698493958,-0.022406451404094696
b11,b13,0,0,self-doubt / encouragement,2.0,2.0,0.2539873719215393,0.28547000885009766,0.15542662143707275,0.2579997777938843,-0.03148263692855835,0.0335390567779541
b11,b13,0,1,frustration / despair,-2.0,-2.0,0.1686534285545349,0.12125538289546967,0.13977915048599243,0.1789245754480362,0.02887427806854248,0.038136161863803864
b11,b13,0,1,frustration / despair,-2.0,2.0,0.10591039806604385,0.12125538289546967,0.0974845141172409,0.1789245754480362,-0.015344984829425812,-0.003459550440311432
b11,b13,0,1,frustration / despair,2.0,-2.0,0.16740956902503967,0.10026846826076508,0.13977915048599243,0.1789245754480362,0.02763041853904724,0.04738575965166092
b11,b13,0,1,frustration / despair,2.0,2.0,0.09411340206861496,0.10026846826076508,0.0974845141172409,0.1789245754480362,-0.006155066192150116,-0.004763089120388031
b11,b13,0,2,uncertainty / indecision,-2.0,-2.0,0.20405469834804535,0.13500036299228668,0.20845375955104828,0.29380178451538086,-0.00439906120300293,0.03232763707637787
b11,b13,0,2,uncertainty / indecision,-2.0,2.0,0.11766309291124344,0.13500036299228668,0.19907987117767334,0.29380178451538086,-0.0814167782664299,-0.04937702417373657
b11,b13,0,2,uncertainty / indecision,2.0,-2.0,0.22745713591575623,0.15543752908706665,0.20845375955104828,0.29380178451538086,0.019003376364707947,0.04551149159669876
b11,b13,0,2,uncertainty / indecision,2.0,2.0,0.24259574711322784,0.15543752908706665,0.19907987117767334,0.29380178451538086,0.043515875935554504,0.06533704698085785
b11,b13,0,3,romantic idealism,-2.0,-2.0,0.1357080638408661,-0.00020186611800454557,0.09750290960073471,0.09819807857275009,0.03820515424013138,0.087057542099501
b11,b13,0,3,romantic idealism,-2.0,2.0,0.011836978606879711,-0.00020186611800454557,0.07225102931261063,0.09819807857275009,-0.060414050705730915,-0.02418760299042333
b11,b13,0,3,romantic idealism,2.0,-2.0,0.15108337998390198,0.08177677541971207,0.09750290960073471,0.09819807857275009,0.05358047038316727,0.06144353747367859
b11,b13,0,3,romantic idealism,2.0,2.0,0.10861393809318542,0.08177677541971207,0.07225102931261063,0.09819807857275009,0.026837162673473358,0.03160003572702408
b11,b13,0,4,academic ambition / competitive determination,-2.0,-2.0,0.09538935124874115,0.07841011136770248,0.053057316690683365,0.12983283400535583,0.016979239881038666,0.029655637219548225
b11,b13,0,4,academic ambition / competitive determination,-2.0,2.0,0.13605353236198425,0.07841011136770248,0.026379432529211044,0.12983283400535583,0.05764342099428177,0.08365876041352749
b11,b13,0,4,academic ambition / competitive determination,2.0,-2.0,0.10886093974113464,0.15572720766067505,0.053057316690683365,0.12983283400535583,-0.046866267919540405,0.004468677565455437
b11,b13,0,4,academic ambition / competitive determination,2.0,2.0,0.1329699456691742,0.15572720766067505,0.026379432529211044,0.12983283400535583,-0.022757261991500854,0.04191662557423115
b11,b13,0,5,ironic amusement,-2.0,-2.0,0.142475426197052,0.07475429028272629,0.20252670347690582,0.1419805884361267,-0.06005127727985382,0.0038349293172359467
b11,b13,0,5,ironic amusement,-2.0,2.0,0.10042895376682281,0.07475429028272629,0.10942666977643967,0.1419805884361267,-0.008997716009616852,0.008338473737239838
b11,b13,0,5,ironic amusement,2.0,-2.0,0.14620578289031982,0.10900776088237762,0.20252670347690582,0.1419805884361267,-0.056320920586586,-0.0095614492893219
b11,b13,0,5,ironic amusement,2.0,2.0,0.12318256497383118,0.10900776088237762,0.10942666977643967,0.1419805884361267,0.01375589519739151,0.013965349644422531
b11,b13,0,6,enthusiasm / curiosity,-2.0,-2.0,0.2036040723323822,0.032315388321876526,0.18787017464637756,0.1868261694908142,0.01573389768600464,0.09351129084825516
b11,b13,0,6,enthusiasm / curiosity,-2.0,2.0,0.2574180066585541,0.032315388321876526,0.11822580546140671,0.1868261694908142,0.13919220119714737,0.18214740976691246
b11,b13,0,6,enthusiasm / curiosity,2.0,-2.0,0.20337727665901184,0.15094926953315735,0.18787017464637756,0.1868261694908142,0.015507102012634277,0.033967554569244385
b11,b13,0,6,enthusiasm / curiosity,2.0,2.0,0.18208183348178864,0.15094926953315735,0.11822580546140671,0.1868261694908142,0.031132563948631287,0.04749429598450661
b11,b13,1,0,self-doubt / encouragement,-2.0,-2.0,0.13323882222175598,0.05631687119603157,0.07868097722530365,0.08845274150371552,0.05455784499645233,0.06573989801108837
b11,b13,1,0,self-doubt / encouragement,-2.0,2.0,0.08804100006818771,0.05631687119603157,0.10395605862140656,0.08845274150371552,-0.01591505855321884,0.00790453515946865
b11,b13,1,0,self-doubt / encouragement,2.0,-2.0,0.11102322489023209,0.14497524499893188,0.07868097722530365,0.08845274150371552,-0.0339520201086998,-0.0008048862218856812
b11,b13,1,0,self-doubt / encouragement,2.0,2.0,0.13867588341236115,0.14497524499893188,0.10395605862140656,0.08845274150371552,-0.00629936158657074,0.014210231602191925
b11,b13,1,1,frustration / despair,-2.0,-2.0,0.10830167680978775,0.06343475729227066,0.11354154348373413,0.12093593180179596,-0.005239866673946381,0.019813526421785355
b11,b13,1,1,frustration / despair,-2.0,2.0,0.11577300727367401,0.06343475729227066,0.12227782607078552,0.12093593180179596,-0.006504818797111511,0.02291671559214592
b11,b13,1,1,frustration / despair,2.0,-2.0,0.15531505644321442,0.1380789577960968,0.11354154348373413,0.12093593180179596,0.017236098647117615,0.02950480580329895
b11,b13,1,1,frustration / despair,2.0,2.0,0.13688580691814423,0.1380789577960968,0.12227782607078552,0.12093593180179596,-0.0011931508779525757,0.006707414984703064
b11,b13,1,2,uncertainty / indecision,-2.0,-2.0,0.13378287851810455,0.10482337325811386,0.14520522952079773,0.15784244239330292,-0.011422351002693176,0.008768577128648758
b11,b13,1,2,uncertainty / indecision,-2.0,2.0,0.14411255717277527,0.10482337325811386,0.18232204020023346,0.15784244239330292,-0.03820948302745819,0.0005398504436016083
b11,b13,1,2,uncertainty / indecision,2.0,-2.0,0.21125911176204681,0.23855455219745636,0.14520522952079773,0.15784244239330292,-0.027295440435409546,0.01937922090291977
b11,b13,1,2,uncertainty / indecision,2.0,2.0,0.20294922590255737,0.23855455219745636,0.18232204020023346,0.15784244239330292,-0.03560532629489899,-0.007489070296287537
b11,b13,1,3,romantic idealism,-2.0,-2.0,0.08708219975233078,-0.0014720261096954346,0.09069285541772842,-0.00678758230060339,-0.003610655665397644,0.042471785098314285
b11,b13,1,3,romantic idealism,-2.0,2.0,0.01048959419131279,-0.0014720261096954346,0.005682298913598061,-0.00678758230060339,0.004807295277714729,0.008384457789361477
b11,b13,1,3,romantic idealism,2.0,-2.0,0.06485565751791,0.06484638154506683,0.09069285541772842,-0.00678758230060339,-0.02583719789981842,-0.012913960963487625
b11,b13,1,3,romantic idealism,2.0,2.0,0.017578737810254097,0.06484638154506683,0.005682298913598061,-0.00678758230060339,-0.047267643734812737,-0.01768560241907835
b11,b13,1,4,academic ambition / competitive determination,-2.0,-2.0,0.025607403367757797,0.07150266319513321,0.042955849319696426,0.07019902020692825,-0.04589525982737541,-0.03162185288965702
b11,b13,1,4,academic ambition / competitive determination,-2.0,2.0,0.07857108861207962,0.07150266319513321,0.0899573415517807,0.07019902020692825,-0.01138625293970108,-0.0021589137613773346
b11,b13,1,4,academic ambition / competitive determination,2.0,-2.0,0.11853291094303131,0.08394443243741989,0.042955849319696426,0.07019902020692825,0.03458847850561142,0.05508277006447315
b11,b13,1,4,academic ambition / competitive determination,2.0,2.0,0.09394305944442749,0.08394443243741989,0.0899573415517807,0.07019902020692825,0.0039857178926467896,0.006992172449827194
b11,b13,1,5,ironic amusement,-2.0,-2.0,0.17525960505008698,0.06770225614309311,0.06617971509695053,0.11188811808824539,0.10755734890699387,0.10831861943006516
b11,b13,1,5,ironic amusement,-2.0,2.0,0.0786842629313469,0.06770225614309311,0.08835891634225845,0.11188811808824539,-0.00967465341091156,0.0006536766886711121
b11,b13,1,5,ironic amusement,2.0,-2.0,0.15691722929477692,0.14516563713550568,0.06617971509695053,0.11188811808824539,0.01175159215927124,0.05124455317854881
b11,b13,1,5,ironic amusement,2.0,2.0,0.10804629325866699,0.14516563713550568,0.08835891634225845,0.11188811808824539,-0.037119343876838684,-0.008715983480215073
b11,b13,1,6,enthusiasm / curiosity,-2.0,-2.0,0.15316593647003174,0.09405651688575745,0.11889714747667313,0.10052981227636337,0.03426878899335861,0.04668910428881645
b11,b13,1,6,enthusiasm / curiosity,-2.0,2.0,0.1488916128873825,0.09405651688575745,0.14493229985237122,0.10052981227636337,0.0039593130350112915,0.029397204518318176
b11,b13,1,6,enthusiasm / curiosity,2.0,-2.0,0.20890912413597107,0.13221150636672974,0.11889714747667313,0.10052981227636337,0.07669761776924133,0.08335479721426964
b11,b13,1,6,enthusiasm / curiosity,2.0,2.0,0.15646739304065704,0.13221150636672974,0.14493229985237122,0.10052981227636337,0.011535093188285828,0.017895489931106567
b11,b13,2,0,self-doubt / encouragement,-2.0,-2.0,0.11232228577136993,0.19622617959976196,0.25225043296813965,0.11809313297271729,-0.13992814719676971,-0.11191602051258087
b11,b13,2,0,self-doubt / encouragement,-2.0,2.0,0.23422542214393616,0.19622617959976196,0.14819316565990448,0.11809313297271729,0.037999242544174194,0.062015749514102936
b11,b13,2,0,self-doubt / encouragement,2.0,-2.0,0.20494051277637482,0.16096258163452148,0.25225043296813965,0.11809313297271729,-0.04730992019176483,-0.0016659945249557495
b11,b13,2,0,self-doubt / encouragement,2.0,2.0,0.14981985092163086,0.16096258163452148,0.14819316565990448,0.11809313297271729,-0.011142730712890625,-0.004758022725582123
b11,b13,2,1,frustration / despair,-2.0,-2.0,0.06157810613512993,0.09474427998065948,0.08118448406457901,0.08123224973678589,-0.033166173845529556,-0.02638627588748932
b11,b13,2,1,frustration / despair,-2.0,2.0,0.09742583334445953,0.09474427998065948,0.09977748990058899,0.08123224973678589,-0.0023516565561294556,0.00016494840383529663
b11,b13,2,1,frustration / despair,2.0,-2.0,0.1303987056016922,0.1606689691543579,0.08118448406457901,0.08123224973678589,-0.03027026355266571,0.00947197899222374
b11,b13,2,1,frustration / despair,2.0,2.0,0.08311460167169571,0.1606689691543579,0.09977748990058899,0.08123224973678589,-0.0775543674826622,-0.04710862785577774
b11,b13,2,2,uncertainty / indecision,-2.0,-2.0,0.07732561975717545,0.16895675659179688,0.16966666281223297,0.16279290616512299,-0.09234104305505753,-0.09198608994483948
b11,b13,2,2,uncertainty / indecision,-2.0,2.0,0.12902596592903137,0.16895675659179688,0.1390744149684906,0.16279290616512299,-0.0399307906627655,-0.024989619851112366
b11,b13,2,2,uncertainty / indecision,2.0,-2.0,0.14958757162094116,0.14505064487457275,0.16966666281223297,0.16279290616512299,-0.02007909119129181,-0.0077710822224617004
b11,b13,2,2,uncertainty / indecision,2.0,2.0,0.17729659378528595,0.14505064487457275,0.1390744149684906,0.16279290616512299,0.032245948910713196,0.03523406386375427
b11,b13,2,3,romantic idealism,-2.0,-2.0,0.09664767980575562,0.08360461890697479,0.20449459552764893,0.0818898156285286,-0.10784691572189331,-0.047401927411556244
b11,b13,2,3,romantic idealism,-2.0,2.0,0.07881267368793488,0.08360461890697479,0.04020530730485916,0.0818898156285286,-0.004791945219039917,0.0169077105820179
b11,b13,2,3,romantic idealism,2.0,-2.0,0.26647189259529114,0.5227771401405334,0.20449459552764893,0.0818898156285286,-0.2563052475452423,-0.09716397523880005
b11,b13,2,3,romantic idealism,2.0,2.0,0.12756024301052094,0.5227771401405334,0.04020530730485916,0.0818898156285286,-0.3952168971300125,-0.15393098071217537
b11,b13,2,4,academic ambition / competitive determination,-2.0,-2.0,0.0772106871008873,0.07530996203422546,0.1081305742263794,0.2249232828617096,-0.030919887125492096,-0.01450958102941513
b11,b13,2,4,academic ambition / competitive determination,-2.0,2.0,0.1728031188249588,0.07530996203422546,0.06153491884469986,0.2249232828617096,0.09749315679073334,0.10438067838549614
b11,b13,2,4,academic ambition / competitive determination,2.0,-2.0,0.14546874165534973,0.08817105740308762,0.1081305742263794,0.2249232828617096,0.03733816742897034,0.047317925840616226
b11,b13,2,4,academic ambition / competitive determination,2.0,2.0,0.2618577480316162,0.08817105740308762,0.06153491884469986,0.2249232828617096,0.1736866906285286,0.18700475990772247
b11,b13,2,5,ironic amusement,-2.0,-2.0,0.12375541031360626,0.14215552806854248,0.162326380610466,0.07563547044992447,-0.03857097029685974,-0.02848554402589798
b11,b13,2,5,ironic amusement,-2.0,2.0,0.09596738964319229,0.14215552806854248,0.104575976729393,0.07563547044992447,-0.04618813842535019,-0.02739836275577545
b11,b13,2,5,ironic amusement,2.0,-2.0,0.16781321167945862,0.14472581446170807,0.162326380610466,0.07563547044992447,0.005486831068992615,0.014287114143371582
b11,b13,2,5,ironic amusement,2.0,2.0,0.10791275650262833,0.14472581446170807,0.104575976729393,0.07563547044992447,-0.03681305795907974,-0.01673813909292221
b11,b13,2,6,enthusiasm / curiosity,-2.0,-2.0,0.09720531105995178,0.25096455216407776,0.18742769956588745,0.1648891419172287,-0.15375924110412598,-0.12199081480503082
b11,b13,2,6,enthusiasm / curiosity,-2.0,2.0,0.1626248061656952,0.25096455216407776,0.12430555373430252,0.1648891419172287,-0.08833974599838257,-0.02501024678349495
b11,b13,2,6,enthusiasm / curiosity,2.0,-2.0,0.24269288778305054,0.2260056883096695,0.18742769956588745,0.1648891419172287,0.016687199473381042,0.035976193845272064
b11,b13,2,6,enthusiasm / curiosity,2.0,2.0,0.17568439245224,0.2260056883096695,0.12430555373430252,0.1648891419172287,-0.050321295857429504,0.0005287714302539825
b11,b13,3,0,self-doubt / encouragement,-2.0,-2.0,0.12883572280406952,0.10727117955684662,0.0835040807723999,0.05243324488401413,0.0215645432472229,0.03344809263944626
b11,b13,3,0,self-doubt / encouragement,-2.0,2.0,0.09032998979091644,0.10727117955684662,0.08275934308767319,0.05243324488401413,-0.016941189765930176,-0.00468527153134346
b11,b13,3,0,self-doubt / encouragement,2.0,-2.0,0.08312962204217911,0.06358494609594345,0.0835040807723999,0.05243324488401413,-0.0003744587302207947,0.009585108608007431
b11,b13,3,0,self-doubt / encouragement,2.0,2.0,0.033568646758794785,0.06358494609594345,0.08275934308767319,0.05243324488401413,-0.0491906963288784,-0.039603497833013535
b11,b13,3,1,frustration / despair,-2.0,-2.0,0.09829769283533096,0.11189448833465576,0.04764965921640396,0.09356782585382462,-0.013596795499324799,0.0185256190598011
b11,b13,3,1,frustration / despair,-2.0,2.0,0.08791692554950714,0.11189448833465576,0.08301793038845062,0.09356782585382462,-0.02397756278514862,-0.009539283812046051
b11,b13,3,1,frustration / despair,2.0,-2.0,0.0208851620554924,0.11965842545032501,0.04764965921640396,0.09356782585382462,-0.09877326339483261,-0.06276888027787209
b11,b13,3,1,frustration / despair,2.0,2.0,0.07101520895957947,0.11965842545032501,0.08301793038845062,0.09356782585382462,-0.048643216490745544,-0.03032296895980835
b11,b13,3,2,uncertainty / indecision,-2.0,-2.0,0.15221324563026428,0.13322125375270844,0.10957426577806473,0.12720690667629242,0.018991991877555847,0.0308154858648777
b11,b13,3,2,uncertainty / indecision,-2.0,2.0,0.11660900712013245,0.13322125375270844,0.10845186561346054,0.12720690667629242,-0.01661224663257599,-0.004227552562952042
b11,b13,3,2,uncertainty / indecision,2.0,-2.0,0.10293793678283691,0.15994814038276672,0.10957426577806473,0.12720690667629242,-0.05701020359992981,-0.03182326629757881
b11,b13,3,2,uncertainty / indecision,2.0,2.0,0.0914120301604271,0.15994814038276672,0.10845186561346054,0.12720690667629242,-0.06853611022233963,-0.04278797283768654
b11,b13,3,3,romantic idealism,-2.0,-2.0,0.09074094146490097,0.0468795970082283,0.04511813074350357,0.030841806903481483,0.04386134445667267,0.044742077589035034
b11,b13,3,3,romantic idealism,-2.0,2.0,0.0397590734064579,0.0468795970082283,0.039030689746141434,0.030841806903481483,-0.007120523601770401,-0.003196069970726967
b11,b13,3,3,romantic idealism,2.0,-2.0,0.04042310640215874,0.0390484444797039,0.04511813074350357,0.030841806903481483,-0.004695024341344833,-0.0016601812094449997
b11,b13,3,3,romantic idealism,2.0,2.0,0.028643006458878517,0.0390484444797039,0.039030689746141434,0.030841806903481483,-0.010405438020825386,-0.010396560654044151
b11,b13,3,4,academic ambition / competitive determination,-2.0,-2.0,0.09167318791151047,0.06162349879741669,0.07696577906608582,0.05445351451635361,0.014707408845424652,0.022378548979759216
b11,b13,3,4,academic ambition / competitive determination,-2.0,2.0,0.07075493037700653,0.06162349879741669,0.06347253173589706,0.05445351451635361,0.0072823986411094666,0.008206915110349655
b11,b13,3,4,academic ambition / competitive determination,2.0,-2.0,0.09108452498912811,0.06877309083938599,0.07696577906608582,0.05445351451635361,0.014118745923042297,0.018215090036392212
b11,b13,3,4,academic ambition / competitive determination,2.0,2.0,0.02964700758457184,0.06877309083938599,0.06347253173589706,0.05445351451635361,-0.03912608325481415,-0.03647580370306969
b11,b13,3,5,ironic amusement,-2.0,-2.0,0.11771848797798157,0.12523849308490753,0.13671037554740906,0.11291592568159103,-0.01899188756942749,-0.013255946338176727
b11,b13,3,5,ironic amusement,-2.0,2.0,0.12594124674797058,0.12523849308490753,0.12921178340911865,0.11291592568159103,-0.0032705366611480713,-0.001283891499042511
b11,b13,3,5,ironic amusement,2.0,-2.0,0.08791173249483109,0.12763623893260956,0.13671037554740906,0.11291592568159103,-0.04879864305257797,-0.04426157474517822
b11,b13,3,5,ironic amusement,2.0,2.0,0.08176489919424057,0.12763623893260956,0.12921178340911865,0.11291592568159103,-0.04744688421487808,-0.046659111976623535
b11,b13,3,6,enthusiasm / curiosity,-2.0,-2.0,0.1708672046661377,0.15377527475357056,0.15814286470413208,0.11535898596048355,0.012724339962005615,0.014908134937286377
b11,b13,3,6,enthusiasm / curiosity,-2.0,2.0,0.15469713509082794,0.15377527475357056,0.13892538845539093,0.11535898596048355,0.0009218603372573853,0.008346803486347198
b11,b13,3,6,enthusiasm / curiosity,2.0,-2.0,0.13147039711475372,0.1255234181880951,0.15814286470413208,0.11535898596048355,-0.026672467589378357,-0.010362744331359863
b11,b13,3,6,enthusiasm / curiosity,2.0,2.0,0.11143814027309418,0.1255234181880951,0.13892538845539093,0.11535898596048355,-0.027487248182296753,-0.020786263048648834
b11,b13,4,0,self-doubt / encouragement,-2.0,-2.0,0.08709271252155304,0.1285332590341568,0.0853467658162117,0.09420821070671082,-0.04144054651260376,-0.01984729990363121
b11,b13,4,0,self-doubt / encouragement,-2.0,2.0,0.118430495262146,0.1285332590341568,0.1250598430633545,0.09420821070671082,-0.010102763772010803,-0.00836605578660965
b11,b13,4,0,self-doubt / encouragement,2.0,-2.0,0.10071083158254623,0.09488441795110703,0.0853467658162117,0.09420821070671082,0.005826413631439209,0.010595239698886871
b11,b13,4,0,self-doubt / encouragement,2.0,2.0,0.09234315901994705,0.09488441795110703,0.1250598430633545,0.09420821070671082,-0.03271668404340744,-0.017628971487283707
b11,b13,4,1,frustration / despair,-2.0,-2.0,0.09984556585550308,0.09326459467411041,0.03486929461359978,0.08754955232143402,0.00658097118139267,0.03577862121164799
b11,b13,4,1,frustration / despair,-2.0,2.0,0.10956204682588577,0.09326459467411041,0.09027902781963348,0.08754955232143402,0.01629745215177536,0.017790235579013824
b11,b13,4,1,frustration / despair,2.0,-2.0,0.04482871666550636,0.08435550332069397,0.03486929461359978,0.08754955232143402,-0.03952678665518761,-0.01478368230164051
b11,b13,4,1,frustration / despair,2.0,2.0,0.07286660373210907,0.08435550332069397,0.09027902781963348,0.08754955232143402,-0.017412424087524414,-0.014450661838054657
b11,b13,4,2,uncertainty / indecision,-2.0,-2.0,0.16956962645053864,0.17902718484401703,0.1330496072769165,0.17504476010799408,-0.009457558393478394,0.013531230390071869
b11,b13,4,2,uncertainty / indecision,-2.0,2.0,0.1365746408700943,0.17902718484401703,0.20379412174224854,0.17504476010799408,-0.06721948087215424,-0.05483601242303848
b11,b13,4,2,uncertainty / indecision,2.0,-2.0,0.12296472489833832,0.16864055395126343,0.1330496072769165,0.17504476010799408,-0.04567582905292511,-0.027880355715751648
b11,b13,4,2,uncertainty / indecision,2.0,2.0,0.15815457701683044,0.16864055395126343,0.20379412174224854,0.17504476010799408,-0.04563954472541809,-0.028062760829925537
b11,b13,4,3,romantic idealism,-2.0,-2.0,0.07772734016180038,0.12260997295379639,0.032884445041418076,0.07784955948591232,-0.044882632791996,-1.986883580684662e-05
b11,b13,4,3,romantic idealism,-2.0,2.0,0.04177447035908699,0.12260997295379639,0.10853992402553558,0.07784955948591232,-0.0808355025947094,-0.073800478130579
b11,b13,4,3,romantic idealism,2.0,-2.0,0.07335598021745682,0.100941963493824,0.032884445041418076,0.07784955948591232,-0.027585983276367188,0.006442775949835777
b11,b13,4,3,romantic idealism,2.0,2.0,0.08556441962718964,0.100941963493824,0.10853992402553558,0.07784955948591232,-0.022975504398345947,-0.019176524132490158
b11,b13,4,4,academic ambition / competitive determination,-2.0,-2.0,0.09495507925748825,0.156008780002594,0.019433308392763138,0.1761026680469513,-0.06105370074510574,0.007234035059809685
b11,b13,4,4,academic ambition / competitive determination,-2.0,2.0,0.1586584746837616,0.156008780002594,0.1756773144006729,0.1761026680469513,-0.017018839716911316,-0.007184572517871857
b11,b13,4,4,academic ambition / competitive determination,2.0,-2.0,0.03762398660182953,0.16487669944763184,0.019433308392763138,0.1761026680469513,-0.1272527128458023,-0.05453101731836796
b11,b13,4,4,academic ambition / competitive determination,2.0,2.0,0.15123580396175385,0.16487669944763184,0.1756773144006729,0.1761026680469513,-0.024441510438919067,-0.01904120296239853
b11,b13,4,5,ironic amusement,-2.0,-2.0,0.058915503323078156,0.09944238513708115,0.011745397001504898,0.047947339713573456,-0.04052688181400299,0.0033216122537851334
b11,b13,4,5,ironic amusement,-2.0,2.0,0.021287627518177032,0.09944238513708115,0.06514155864715576,0.047947339713573456,-0.07815475761890411,-0.06100434437394142
b11,b13,4,5,ironic amusement,2.0,-2.0,0.02747732773423195,0.02814098820090294,0.011745397001504898,0.047947339713573456,-0.00066366046667099,0.00753413513302803
b11,b13,4,5,ironic amusement,2.0,2.0,0.02589299902319908,0.02814098820090294,0.06514155864715576,0.047947339713573456,-0.03924855962395668,-0.02074827440083027
b11,b13,4,6,enthusiasm / curiosity,-2.0,-2.0,0.13348610699176788,0.18605145812034607,0.11110712587833405,0.12140345573425293,-0.052565351128578186,-0.015093185007572174
b11,b13,4,6,enthusiasm / curiosity,-2.0,2.0,0.12201321125030518,0.18605145812034607,0.14415495097637177,0.12140345573425293,-0.0640382468700409,-0.04308999329805374
b11,b13,4,6,enthusiasm / curiosity,2.0,-2.0,0.12598201632499695,0.09788534045219421,0.11110712587833405,0.12140345573425293,0.014874890446662903,0.02148578315973282
b11,b13,4,6,enthusiasm / curiosity,2.0,2.0,0.09500060975551605,0.09788534045219421,0.14415495097637177,0.12140345573425293,-0.04915434122085571,-0.026019535958766937
b11,b13,5,0,self-doubt / encouragement,-2.0,-2.0,0.1766512393951416,0.19547691941261292,0.18388070166110992,0.26054656505584717,-0.018825680017471313,-0.013027571141719818
b11,b13,5,0,self-doubt / encouragement,-2.0,2.0,0.14916755259037018,0.19547691941261292,0.08501996099948883,0.26054656505584717,-0.04630936682224274,0.008919112384319305
b11,b13,5,0,self-doubt / encouragement,2.0,-2.0,0.21531346440315247,0.18461960554122925,0.18388070166110992,0.26054656505584717,0.030693858861923218,0.03106331080198288
b11,b13,5,0,self-doubt / encouragement,2.0,2.0,0.16227148473262787,0.18461960554122925,0.08501996099948883,0.26054656505584717,-0.02234812080860138,0.02745170146226883
b11,b13,5,1,frustration / despair,-2.0,-2.0,0.14925749599933624,0.19662711024284363,0.1511678248643875,0.18212664127349854,-0.047369614243507385,-0.024639971554279327
b11,b13,5,1,frustration / despair,-2.0,2.0,0.16686783730983734,0.19662711024284363,0.12650001049041748,0.18212664127349854,-0.029759272933006287,0.005304276943206787
b11,b13,5,1,frustration / despair,2.0,-2.0,0.23561473190784454,0.1373312622308731,0.1511678248643875,0.18212664127349854,0.08444690704345703,0.09136518836021423
b11,b13,5,1,frustration / despair,2.0,2.0,0.13899308443069458,0.1373312622308731,0.12650001049041748,0.18212664127349854,0.0016618221998214722,0.007077448070049286
b11,b13,5,2,uncertainty / indecision,-2.0,-2.0,0.18360097706317902,0.2059136927127838,0.21389341354370117,0.3255496919155121,-0.030292436480522156,-0.026302576065063477
b11,b13,5,2,uncertainty / indecision,-2.0,2.0,0.18880918622016907,0.2059136927127838,0.1614515483379364,0.3255496919155121,-0.017104506492614746,0.00512656569480896
b11,b13,5,2,uncertainty / indecision,2.0,-2.0,0.3083162009716034,0.21445728838443756,0.21389341354370117,0.3255496919155121,0.09385891258716583,0.09414085000753403
b11,b13,5,2,uncertainty / indecision,2.0,2.0,0.25127163529396057,0.21445728838443756,0.1614515483379364,0.3255496919155121,0.03681434690952301,0.06331721693277359
b11,b13,5,3,romantic idealism,-2.0,-2.0,0.051116250455379486,0.07308350503444672,0.08753732591867447,0.07387951016426086,-0.03642107546329498,-0.029194165021181107
b11,b13,5,3,romantic idealism,-2.0,2.0,0.02100026048719883,0.07308350503444672,0.0170403104275465,0.07387951016426086,-0.05208324454724789,-0.02406164724379778
b11,b13,5,3,romantic idealism,2.0,-2.0,0.08086135983467102,0.06135595217347145,0.08753732591867447,0.07387951016426086,-0.0066759660840034485,0.006414720788598061
b11,b13,5,3,romantic idealism,2.0,2.0,0.09766484797000885,0.06135595217347145,0.0170403104275465,0.07387951016426086,0.0363088957965374,0.058466716669499874
b11,b13,5,4,academic ambition / competitive determination,-2.0,-2.0,0.07893070578575134,0.15986891090869904,0.14480580389499664,0.2368575632572174,-0.08093820512294769,-0.0734066516160965
b11,b13,5,4,academic ambition / competitive determination,-2.0,2.0,0.07127271592617035,0.15986891090869904,0.03836527839303017,0.2368575632572174,-0.08859619498252869,-0.027844378724694252
b11,b13,5,4,academic ambition / competitive determination,2.0,-2.0,0.23284968733787537,0.09296871721744537,0.14480580389499664,0.2368575632572174,0.08804388344287872,0.11396242678165436
b11,b13,5,4,academic ambition / competitive determination,2.0,2.0,0.15729251503944397,0.09296871721744537,0.03836527839303017,0.2368575632572174,0.0643237978219986,0.0916255172342062
b11,b13,5,5,ironic amusement,-2.0,-2.0,0.160970076918602,0.12356989830732346,0.10628655552864075,0.12938886880874634,0.037400178611278534,0.04604185000061989
b11,b13,5,5,ironic amusement,-2.0,2.0,0.11902938038110733,0.12356989830732346,0.08497555553913116,0.12938886880874634,-0.0045405179262161255,0.01475665345788002
b11,b13,5,5,ironic amusement,2.0,-2.0,0.13494957983493805,0.11565931141376495,0.10628655552864075,0.12938886880874634,0.019290268421173096,0.0239766463637352
b11,b13,5,5,ironic amusement,2.0,2.0,0.1305740624666214,0.11565931141376495,0.08497555553913116,0.12938886880874634,0.014914751052856445,0.03025662899017334
b11,b13,5,6,enthusiasm / curiosity,-2.0,-2.0,0.19974912703037262,0.3043905794620514,0.1695059984922409,0.24974477291107178,-0.10464145243167877,-0.03719916194677353
b11,b13,5,6,enthusiasm / curiosity,-2.0,2.0,0.25348129868507385,0.3043905794620514,0.12977728247642517,0.24974477291107178,-0.05090928077697754,0.03639736771583557
b11,b13,5,6,enthusiasm / curiosity,2.0,-2.0,0.19616565108299255,0.23821596801280975,0.1695059984922409,0.24974477291107178,-0.0420503169298172,-0.007695332169532776
b11,b13,5,6,enthusiasm / curiosity,2.0,2.0,0.17896685004234314,0.23821596801280975,0.12977728247642517,0.24974477291107178,-0.059249117970466614,-0.0050297752022743225
b11,b13,6,0,self-doubt / encouragement,-2.0,-2.0,0.09883033484220505,0.12969866394996643,0.15407657623291016,0.05740978196263313,-0.05524624139070511,-0.043057285249233246
b11,b13,6,0,self-doubt / encouragement,-2.0,2.0,0.016919784247875214,0.12969866394996643,0.0303046852350235,0.05740978196263313,-0.11277887970209122,-0.06308189034461975
b11,b13,6,0,self-doubt / encouragement,2.0,-2.0,0.23533935844898224,0.3378957211971283,0.15407657623291016,0.05740978196263313,-0.10255636274814606,-0.010646790266036987
b11,b13,6,0,self-doubt / encouragement,2.0,2.0,0.20214390754699707,0.3378957211971283,0.0303046852350235,0.05740978196263313,-0.13575181365013123,0.018043704330921173
b11,b13,6,1,frustration / despair,-2.0,-2.0,0.10417080670595169,0.14707055687904358,0.10370567440986633,0.018406767398118973,-0.04289975017309189,-0.021217308938503265
b11,b13,6,1,frustration / despair,-2.0,2.0,0.04420009255409241,0.14707055687904358,0.0422043614089489,0.018406767398118973,-0.10287046432495117,-0.05043736658990383
b11,b13,6,1,frustration / despair,2.0,-2.0,0.16229793429374695,0.19992446899414062,0.10370567440986633,0.018406767398118973,-0.03762653470039368,0.01048286259174347
b11,b13,6,1,frustration / despair,2.0,2.0,0.14780031144618988,0.19992446899414062,0.0422043614089489,0.018406767398118973,-0.052124157547950745,0.02673589624464512
b11,b13,6,2,uncertainty / indecision,-2.0,-2.0,0.09421840310096741,0.13373006880283356,0.12375836819410324,0.05222403258085251,-0.03951166570186615,-0.03452581539750099
b11,b13,6,2,uncertainty / indecision,-2.0,2.0,0.05922073870897293,0.13373006880283356,0.09896352887153625,0.05222403258085251,-0.07450933009386063,-0.057126060128211975
b11,b13,6,2,uncertainty / indecision,2.0,-2.0,0.21351461112499237,0.2963491976261139,0.12375836819410324,0.05222403258085251,-0.08283458650112152,0.0034608282148838043
b11,b13,6,2,uncertainty / indecision,2.0,2.0,0.18469250202178955,0.2963491976261139,0.09896352887153625,0.05222403258085251,-0.11165669560432434,-0.012963861227035522
b11,b13,6,3,romantic idealism,-2.0,-2.0,0.06228888779878616,0.03541804850101471,0.07860018312931061,-0.0029037646017968655,-0.016311295330524445,0.005279771983623505
b11,b13,6,3,romantic idealism,-2.0,2.0,0.07827271521091461,0.03541804850101471,0.019997213035821915,-0.0029037646017968655,0.0428546667098999,0.0505650844424963
b11,b13,6,3,romantic idealism,2.0,-2.0,0.1519210785627365,0.12017126381397247,0.07860018312931061,-0.0029037646017968655,0.03174981474876404,0.05253535509109497
b11,b13,6,3,romantic idealism,2.0,2.0,0.12344315648078918,0.12017126381397247,0.019997213035821915,-0.0029037646017968655,0.0032718926668167114,0.05335891805589199
b11,b13,6,4,academic ambition / competitive determination,-2.0,-2.0,0.08184266835451126,0.06737159192562103,0.10597766190767288,0.0654359757900238,-0.02413499355316162,-0.004831958562135696
b11,b13,6,4,academic ambition / competitive determination,-2.0,2.0,0.042357854545116425,0.06737159192562103,0.06924551725387573,0.0654359757900238,-0.026887662708759308,-0.025950700044631958
b11,b13,6,4,academic ambition / competitive determination,2.0,-2.0,0.23429906368255615,0.18835808336734772,0.10597766190767288,0.0654359757900238,0.045940980315208435,0.08713119104504585
b11,b13,6,4,academic ambition / competitive determination,2.0,2.0,0.16074395179748535,0.18835808336734772,0.06924551725387573,0.0654359757900238,-0.027614131569862366,0.03194215148687363
b11,b13,6,5,ironic amusement,-2.0,-2.0,0.09212840348482132,0.058001331984996796,0.13202641904354095,0.11782681196928024,-0.039898015558719635,-0.0028854720294475555
b11,b13,6,5,ironic amusement,-2.0,2.0,0.036314669996500015,0.058001331984996796,0.12094425410032272,0.11782681196928024,-0.08462958410382271,-0.053158123046159744
b11,b13,6,5,ironic amusement,2.0,-2.0,0.13189911842346191,0.10498364269733429,0.13202641904354095,0.11782681196928024,-0.00012730062007904053,0.013394087553024292
b11,b13,6,5,ironic amusement,2.0,2.0,0.14927107095718384,0.10498364269733429,0.12094425410032272,0.11782681196928024,0.028326816856861115,0.03630712255835533
b11,b13,6,6,enthusiasm / curiosity,-2.0,-2.0,0.11949472874403,0.1527755856513977,0.1869039386510849,0.07693412899971008,-0.0674092099070549,-0.050345033407211304
b11,b13,6,6,enthusiasm / curiosity,-2.0,2.0,0.06499578058719635,0.1527755856513977,0.05917300283908844,0.07693412899971008,-0.08777980506420135,-0.04097851365804672
b11,b13,6,6,enthusiasm / curiosity,2.0,-2.0,0.2476169615983963,0.2297661155462265,0.1869039386510849,0.07693412899971008,0.0178508460521698,0.0392819344997406
b11,b13,6,6,enthusiasm / curiosity,2.0,2.0,0.22236397862434387,0.2297661155462265,0.05917300283908844,0.07693412899971008,-0.007402136921882629,0.0778944194316864
b11,b13,7,0,self-doubt / encouragement,-2.0,-2.0,0.2939532399177551,0.17390447854995728,0.2939532399177551,0.2342257797718048,0.0,0.060024380683898926
b11,b13,7,0,self-doubt / encouragement,-2.0,2.0,0.19040554761886597,0.17390447854995728,0.215183824300766,0.2342257797718048,-0.024778276681900024,-0.0041386038064956665
b11,b13,7,0,self-doubt / encouragement,2.0,-2.0,0.21575133502483368,0.19779528677463531,0.2939532399177551,0.2342257797718048,-0.07820190489292145,-0.030122928321361542
b11,b13,7,0,self-doubt / encouragement,2.0,2.0,0.24368461966514587,0.19779528677463531,0.215183824300766,0.2342257797718048,0.028500795364379883,0.03719506412744522
b11,b13,7,1,frustration / despair,-2.0,-2.0,0.34492677450180054,0.1760115921497345,0.34492677450180054,0.17508135735988617,0.0,0.08445759117603302
b11,b13,7,1,frustration / despair,-2.0,2.0,0.16300536692142487,0.1760115921497345,0.13544903695583344,0.17508135735988617,-0.013006225228309631,0.0072750523686409
b11,b13,7,1,frustration / despair,2.0,-2.0,0.16094264388084412,0.2196897268295288,0.34492677450180054,0.17508135735988617,-0.18398413062095642,-0.12136560678482056
b11,b13,7,1,frustration / despair,2.0,2.0,0.20062310993671417,0.2196897268295288,0.13544903695583344,0.17508135735988617,-0.019066616892814636,0.02305372804403305
b11,b13,7,2,uncertainty / indecision,-2.0,-2.0,0.39835917949676514,0.25671136379241943,0.39835917949676514,0.23823431134223938,0.0,0.07082390785217285
b11,b13,7,2,uncertainty / indecision,-2.0,2.0,0.15473045408725739,0.25671136379241943,0.19237981736660004,0.23823431134223938,-0.10198090970516205,-0.06981513649225235
b11,b13,7,2,uncertainty / indecision,2.0,-2.0,0.21381783485412598,0.388704389333725,0.39835917949676514,0.23823431134223938,-0.18454134464263916,-0.17971394956111908
b11,b13,7,2,uncertainty / indecision,2.0,2.0,0.2912239730358124,0.388704389333725,0.19237981736660004,0.23823431134223938,-0.0974804162979126,0.0006818696856498718
b11,b13,7,3,romantic idealism,-2.0,-2.0,0.17481476068496704,0.13806895911693573,0.17481476068496704,0.04392537847161293,0.0,0.018372900784015656
b11,b13,7,3,romantic idealism,-2.0,2.0,0.07217884063720703,0.13806895911693573,0.10005183517932892,0.04392537847161293,-0.0658901184797287,-0.04688155651092529
b11,b13,7,3,romantic idealism,2.0,-2.0,0.0407148078083992,0.07171034812927246,0.17481476068496704,0.04392537847161293,-0.13409995287656784,-0.08254774659872055
b11,b13,7,3,romantic idealism,2.0,2.0,0.14361059665679932,0.07171034812927246,0.10005183517932892,0.04392537847161293,0.0435587614774704,0.05772950500249863
b11,b13,7,4,academic ambition / competitive determination,-2.0,-2.0,0.28996434807777405,0.14871156215667725,0.28996434807777405,0.09754790365695953,0.0,0.0706263929605484
b11,b13,7,4,academic ambition / competitive determination,-2.0,2.0,0.1351568102836609,0.14871156215667725,0.10498656332492828,0.09754790365695953,-0.013554751873016357,0.008307747542858124
b11,b13,7,4,academic ambition / competitive determination,2.0,-2.0,0.060430895537137985,0.13259628415107727,0.28996434807777405,0.09754790365695953,-0.22953345254063606,-0.15084942057728767
b11,b13,7,4,academic ambition / competitive determination,2.0,2.0,0.12350980937480927,0.13259628415107727,0.10498656332492828,0.09754790365695953,-0.009086474776268005,0.004718385636806488
b11,b13,7,5,ironic amusement,-2.0,-2.0,0.28677278757095337,0.19452831149101257,0.28677278757095337,0.16570064425468445,0.0,0.0461222380399704
b11,b13,7,5,ironic amusement,-2.0,2.0,0.15013837814331055,0.19452831149101257,0.18831662833690643,0.16570064425468445,-0.044389933347702026,-0.041284091770648956
b11,b13,7,5,ironic amusement,2.0,-2.0,0.11772903800010681,0.14826487004756927,0.28677278757095337,0.16570064425468445,-0.16904374957084656,-0.09978979080915451
b11,b13,7,5,ironic amusement,2.0,2.0,0.2094792276620865,0.14826487004756927,0.18831662833690643,0.16570064425468445,0.021162599325180054,0.04118847846984863
b11,b13,7,6,enthusiasm / curiosity,-2.0,-2.0,0.3337187170982361,0.19573664665222168,0.3337187170982361,0.21325509250164032,0.0,0.0689910352230072
b11,b13,7,6,enthusiasm / curiosity,-2.0,2.0,0.2562190592288971,0.19573664665222168,0.2519303858280182,0.21325509250164032,0.004288673400878906,0.03238554298877716
b11,b13,7,6,enthusiasm / curiosity,2.0,-2.0,0.12726560235023499,0.1412198841571808,0.3337187170982361,0.21325509250164032,-0.2064531147480011,-0.11020369827747345
b11,b13,7,6,enthusiasm / curiosity,2.0,2.0,0.19583094120025635,0.1412198841571808,0.2519303858280182,0.21325509250164032,-0.05609944462776184,-0.0007441937923431396
b8,b4,0,0,self-doubt / encouragement,-2.0,-2.0,0.09083656966686249,0.13185468316078186,0.1677159070968628,0.2579997777938843,-0.0768793374300003,-0.05894872546195984
b8,b4,0,0,self-doubt / encouragement,-2.0,2.0,0.10311227291822433,0.13185468316078186,0.16288891434669495,0.2579997777938843,-0.05977664142847061,-0.04425952583551407
b8,b4,0,0,self-doubt / encouragement,2.0,-2.0,0.2172578126192093,0.2269798219203949,0.1677159070968628,0.2579997777938843,-0.009722009301185608,0.019909948110580444
b8,b4,0,0,self-doubt / encouragement,2.0,2.0,0.3127419352531433,0.2269798219203949,0.16288891434669495,0.2579997777938843,0.08576211333274841,0.11780756711959839
b8,b4,0,1,frustration / despair,-2.0,-2.0,0.14601776003837585,0.14200140535831451,0.2304476797580719,0.1789245754480362,-0.08442991971969604,-0.04020678251981735
b8,b4,0,1,frustration / despair,-2.0,2.0,0.18167559802532196,0.14200140535831451,0.16020017862319946,0.1789245754480362,0.021475419402122498,0.030574806034564972
b8,b4,0,1,frustration / despair,2.0,-2.0,0.1526896059513092,0.12253757566213608,0.2304476797580719,0.1789245754480362,-0.0777580738067627,-0.023803021758794785
b8,b4,0,1,frustration / despair,2.0,2.0,0.20757591724395752,0.12253757566213608,0.16020017862319946,0.1789245754480362,0.04737573862075806,0.06620704010128975
b8,b4,0,2,uncertainty / indecision,-2.0,-2.0,0.09967196732759476,0.1401781141757965,0.18324628472328186,0.29380178451538086,-0.0835743173956871,-0.06204023212194443
b8,b4,0,2,uncertainty / indecision,-2.0,2.0,0.19236412644386292,0.1401781141757965,0.18936243653297424,0.29380178451538086,0.003001689910888672,0.02759385108947754
b8,b4,0,2,uncertainty / indecision,2.0,-2.0,0.1619417816400528,0.19622330367565155,0.18324628472328186,0.29380178451538086,-0.034281522035598755,-0.02779301255941391
b8,b4,0,2,uncertainty / indecision,2.0,2.0,0.3103916049003601,0.19622330367565155,0.18936243653297424,0.29380178451538086,0.11416830122470856,0.11759873479604721
b8,b4,0,3,romantic idealism,-2.0,-2.0,0.013991601765155792,0.013021963648498058,0.06616490334272385,0.09819807857275009,-0.052173301577568054,-0.02560183173045516
b8,b4,0,3,romantic idealism,-2.0,2.0,-0.006412082351744175,0.013021963648498058,-0.010972885414958,0.09819807857275009,-0.019434046000242233,-0.007436621468514204
b8,b4,0,3,romantic idealism,2.0,-2.0,0.15683749318122864,0.21961623430252075,0.06616490334272385,0.09819807857275009,-0.06277874112129211,0.013946924358606339
b8,b4,0,3,romantic idealism,2.0,2.0,0.2241365909576416,0.21961623430252075,-0.010972885414958,0.09819807857275009,0.00452035665512085,0.11981491651386023
b8,b4,0,4,academic ambition / competitive determination,-2.0,-2.0,0.03954292833805084,0.08158190548419952,0.09043370187282562,0.12983283400535583,-0.05089077353477478,-0.04646487534046173
b8,b4,0,4,academic ambition / competitive determination,-2.0,2.0,0.06881821900606155,0.08158190548419952,0.06975048780441284,0.12983283400535583,-0.01276368647813797,-0.006847977638244629
b8,b4,0,4,academic ambition / competitive determination,2.0,-2.0,0.08467382192611694,0.10162224620580673,0.09043370187282562,0.12983283400535583,-0.01694842427968979,-0.011354152113199234
b8,b4,0,4,academic ambition / competitive determination,2.0,2.0,0.20761899650096893,0.10162224620580673,0.06975048780441284,0.12983283400535583,0.1059967502951622,0.12193262949585915
b8,b4,0,5,ironic amusement,-2.0,-2.0,0.06564407795667648,0.11446312814950943,0.10506881773471832,0.1419805884361267,-0.04881905019283295,-0.04412189498543739
b8,b4,0,5,ironic amusement,-2.0,2.0,0.09888666868209839,0.11446312814950943,0.08868318796157837,0.1419805884361267,-0.015576459467411041,-0.002686489373445511
b8,b4,0,5,ironic amusement,2.0,-2.0,0.12233048677444458,0.1588868796825409,0.10506881773471832,0.1419805884361267,-0.036556392908096313,-0.009647361934185028
b8,b4,0,5,ironic amusement,2.0,2.0,0.17374607920646667,0.1588868796825409,0.08868318796157837,0.1419805884361267,0.014859199523925781,0.04996104538440704
b8,b4,0,6,enthusiasm / curiosity,-2.0,-2.0,0.10784590244293213,0.1623462736606598,0.18844911456108093,0.1868261694908142,-0.0806032121181488,-0.06755179166793823
b8,b4,0,6,enthusiasm / curiosity,-2.0,2.0,0.14793309569358826,0.1623462736606598,0.20903807878494263,0.1868261694908142,-0.06110498309135437,-0.03775908052921295
b8,b4,0,6,enthusiasm / curiosity,2.0,-2.0,0.20223914086818695,0.24162304401397705,0.18844911456108093,0.1868261694908142,-0.0393839031457901,-0.012796938419342041
b8,b4,0,6,enthusiasm / curiosity,2.0,2.0,0.2804630398750305,0.24162304401397705,0.20903807878494263,0.1868261694908142,0.03883999586105347,0.05513247847557068
b8,b4,1,0,self-doubt / encouragement,-2.0,-2.0,0.10697324573993683,0.11465886235237122,0.09372841566801071,0.08845274150371552,-0.007685616612434387,0.002779606729745865
b8,b4,1,0,self-doubt / encouragement,-2.0,2.0,0.11014512926340103,0.11465886235237122,0.09704308211803436,0.08845274150371552,-0.004513733088970184,0.004294157028198242
b8,b4,1,0,self-doubt / encouragement,2.0,-2.0,0.19092968106269836,0.14952661097049713,0.09372841566801071,0.08845274150371552,0.04140307009220123,0.06930216774344444
b8,b4,1,0,self-doubt / encouragement,2.0,2.0,0.07345537841320038,0.14952661097049713,0.09704308211803436,0.08845274150371552,-0.07607123255729675,-0.04982946813106537
b8,b4,1,1,frustration / despair,-2.0,-2.0,0.13515503704547882,0.1520927995443344,0.13413356244564056,0.12093593180179596,-0.01693776249885559,-0.007958143949508667
b8,b4,1,1,frustration / despair,-2.0,2.0,0.17647962272167206,0.1520927995443344,0.10368963330984116,0.12093593180179596,0.024386823177337646,0.048588406294584274
b8,b4,1,1,frustration / despair,2.0,-2.0,0.2336921989917755,0.1436113566160202,0.13413356244564056,0.12093593180179596,0.09008084237575531,0.09481973946094513
b8,b4,1,1,frustration / despair,2.0,2.0,0.09731334447860718,0.1436113566160202,0.10368963330984116,0.12093593180179596,-0.046298012137413025,-0.0263371504843235
b8,b4,1,2,uncertainty / indecision,-2.0,-2.0,0.17601969838142395,0.15994982421398163,0.1779535710811615,0.15784244239330292,-0.0019338726997375488,0.0070680007338523865
b8,b4,1,2,uncertainty / indecision,-2.0,2.0,0.19620633125305176,0.15994982421398163,0.12790094316005707,0.15784244239330292,0.03625650703907013,0.05228094756603241
b8,b4,1,2,uncertainty / indecision,2.0,-2.0,0.1954525113105774,0.21978534758090973,0.1779535710811615,0.15784244239330292,-0.024332836270332336,-0.0034169480204582214
b8,b4,1,2,uncertainty / indecision,2.0,2.0,0.1427811086177826,0.21978534758090973,0.12790094316005707,0.15784244239330292,-0.07700423896312714,-0.031062036752700806
b8,b4,1,3,romantic idealism,-2.0,-2.0,-0.0014349911361932755,0.014927993528544903,-0.009469544515013695,-0.00678758230060339,-0.016362984664738178,-0.0041642156429588795
b8,b4,1,3,romantic idealism,-2.0,2.0,0.043144356459379196,0.014927993528544903,0.024370044469833374,-0.00678758230060339,0.018774311989545822,0.023495337460190058
b8,b4,1,3,romantic idealism,2.0,-2.0,0.03237653523683548,0.052862972021102905,-0.009469544515013695,-0.00678758230060339,-0.020486436784267426,0.010679821483790874
b8,b4,1,3,romantic idealism,2.0,2.0,0.031393419951200485,0.052862972021102905,0.024370044469833374,-0.00678758230060339,-0.02146955206990242,-0.007223088294267654
b8,b4,1,4,academic ambition / competitive determination,-2.0,-2.0,0.053301602602005005,0.13642184436321259,0.09988614916801453,0.07019902020692825,-0.08312024176120758,-0.06485239416360855
b8,b4,1,4,academic ambition / competitive determination,-2.0,2.0,0.09425799548625946,0.13642184436321259,0.05603574216365814,0.07019902020692825,-0.042163848876953125,-0.0019707977771759033
b8,b4,1,4,academic ambition / competitive determination,2.0,-2.0,0.08861149847507477,0.13631445169448853,0.09988614916801453,0.07019902020692825,-0.04770295321941376,-0.029488801956176758
b8,b4,1,4,academic ambition / competitive determination,2.0,2.0,0.08932454138994217,0.13631445169448853,0.05603574216365814,0.07019902020692825,-0.046989910304546356,-0.0068505555391311646
b8,b4,1,5,ironic amusement,-2.0,-2.0,0.0867612361907959,0.14172299206256866,0.09339935332536697,0.11188811808824539,-0.054961755871772766,-0.03079993650317192
b8,b4,1,5,ironic amusement,-2.0,2.0,0.0893111452460289,0.14172299206256866,0.12527868151664734,0.11188811808824539,-0.052411846816539764,-0.0441896915435791
b8,b4,1,5,ironic amusement,2.0,-2.0,0.09593858569860458,0.12185200303792953,0.09339935332536697,0.11188811808824539,-0.02591341733932495,-0.01168709248304367
b8,b4,1,5,ironic amusement,2.0,2.0,0.07973652333021164,0.12185200303792953,0.12527868151664734,0.11188811808824539,-0.0455421581864357,-0.0438288189470768
b8,b4,1,6,enthusiasm / curiosity,-2.0,-2.0,0.13577289879322052,0.17375993728637695,0.12601935863494873,0.10052981227636337,-0.03798703849315643,-0.014116749167442322
b8,b4,1,6,enthusiasm / curiosity,-2.0,2.0,0.13835501670837402,0.17375993728637695,0.14797867834568024,0.10052981227636337,-0.03540492057800293,-0.02251429110765457
b8,b4,1,6,enthusiasm / curiosity,2.0,-2.0,0.1727323681116104,0.17474885284900665,0.12601935863494873,0.10052981227636337,-0.0020164847373962402,0.02234826236963272
b8,b4,1,6,enthusiasm / curiosity,2.0,2.0,0.12693378329277039,0.17474885284900665,0.14797867834568024,0.10052981227636337,-0.04781506955623627,-0.03442998230457306
b8,b4,2,0,self-doubt / encouragement,-2.0,-2.0,0.12401740252971649,0.1079583540558815,0.13682851195335388,0.11809313297271729,-0.01281110942363739,0.0016239695250988007
b8,b4,2,0,self-doubt / encouragement,-2.0,2.0,0.19711355865001678,0.1079583540558815,0.1912548840045929,0.11809313297271729,0.005858674645423889,0.04750693961977959
b8,b4,2,0,self-doubt / encouragement,2.0,-2.0,0.1475936472415924,0.14978066086769104,0.13682851195335388,0.11809313297271729,-0.002187013626098633,0.004289060831069946
b8,b4,2,0,self-doubt / encouragement,2.0,2.0,0.1638263463973999,0.14978066086769104,0.1912548840045929,0.11809313297271729,-0.027428537607192993,-0.006691426038742065
b8,b4,2,1,frustration / despair,-2.0,-2.0,0.10093192011117935,0.1160997673869133,0.09928838163614273,0.08123224973678589,-0.015167847275733948,-0.006762154400348663
b8,b4,2,1,frustration / despair,-2.0,2.0,0.21310772001743317,0.1160997673869133,0.11342912167310715,0.08123224973678589,0.09700795263051987,0.09834327548742294
b8,b4,2,1,frustration / despair,2.0,-2.0,0.04800906032323837,0.08853890001773834,0.09928838163614273,0.08123224973678589,-0.05127932131290436,-0.045904580503702164
b8,b4,2,1,frustration / despair,2.0,2.0,0.05861258506774902,0.08853890001773834,0.11342912167310715,0.08123224973678589,-0.054816536605358124,-0.04237142577767372
b8,b4,2,2,uncertainty / indecision,-2.0,-2.0,0.10638068616390228,0.1257910430431366,0.11014225333929062,0.16279290616512299,-0.019410356879234314,-0.011585962027311325
b8,b4,2,2,uncertainty / indecision,-2.0,2.0,0.17429925501346588,0.1257910430431366,0.16892756521701813,0.16279290616512299,0.005371689796447754,0.02693995088338852
b8,b4,2,2,uncertainty / indecision,2.0,-2.0,0.06362880766391754,0.15060056746006012,0.11014225333929062,0.16279290616512299,-0.08697175979614258,-0.06674260273575783
b8,b4,2,2,uncertainty / indecision,2.0,2.0,0.12022735178470612,0.15060056746006012,0.16892756521701813,0.16279290616512299,-0.04870021343231201,-0.03953671455383301
b8,b4,2,3,romantic idealism,-2.0,-2.0,0.02551093138754368,0.053817108273506165,0.02284201607108116,0.0818898156285286,-0.028306176885962486,-0.012818630784749985
b8,b4,2,3,romantic idealism,-2.0,2.0,0.05933334305882454,0.053817108273506165,0.19553117454051971,0.0818898156285286,-0.13619783148169518,-0.0653407983481884
b8,b4,2,3,romantic idealism,2.0,-2.0,0.08649221062660217,0.13533490896224976,0.02284201607108116,0.0818898156285286,-0.04884269833564758,0.007403748109936714
b8,b4,2,3,romantic idealism,2.0,2.0,0.1654147505760193,0.13533490896224976,0.19553117454051971,0.0818898156285286,-0.030116423964500427,-1.8291175365447998e-05
b8,b4,2,4,academic ambition / competitive determination,-2.0,-2.0,0.009847654029726982,0.17333921790122986,0.017803307622671127,0.2249232828617096,-0.16349156387150288,-0.08572360873222351
b8,b4,2,4,academic ambition / competitive determination,-2.0,2.0,0.11413519084453583,0.17333921790122986,0.0754307210445404,0.2249232828617096,-0.05920402705669403,-0.010249778628349304
b8,b4,2,4,academic ambition / competitive determination,2.0,-2.0,0.15684126317501068,0.14997828006744385,0.017803307622671127,0.2249232828617096,0.0068629831075668335,0.0729504693299532
b8,b4,2,4,academic ambition / competitive determination,2.0,2.0,0.07215479761362076,0.14997828006744385,0.0754307210445404,0.2249232828617096,-0.07782348245382309,-0.04054970294237137
b8,b4,2,5,ironic amusement,-2.0,-2.0,0.10292667150497437,0.04931526258587837,0.08950754255056381,0.07563547044992447,0.013419128954410553,0.03351526893675327
b8,b4,2,5,ironic amusement,-2.0,2.0,0.08804891258478165,0.04931526258587837,0.09465743601322174,0.07563547044992447,-0.006608523428440094,0.01606256328523159
b8,b4,2,5,ironic amusement,2.0,-2.0,0.04713093861937523,0.07101958990097046,0.08950754255056381,0.07563547044992447,-0.04237660393118858,-0.03313262760639191
b8,b4,2,5,ironic amusement,2.0,2.0,0.1409243792295456,0.07101958990097046,0.09465743601322174,0.07563547044992447,0.04626694321632385,0.05808586627244949
b8,b4,2,6,enthusiasm / curiosity,-2.0,-2.0,0.10759201645851135,0.1242346465587616,0.1276462972164154,0.1648891419172287,-0.020054280757904053,-0.01834845542907715
b8,b4,2,6,enthusiasm / curiosity,-2.0,2.0,0.1999015361070633,0.1242346465587616,0.16038309037685394,0.1648891419172287,0.03951844573020935,0.057592667639255524
b8,b4,2,6,enthusiasm / curiosity,2.0,-2.0,0.1815291792154312,0.16118745505809784,0.1276462972164154,0.1648891419172287,0.020341724157333374,0.03711230307817459
b8,b4,2,6,enthusiasm / curiosity,2.0,2.0,0.17983800172805786,0.16118745505809784,0.16038309037685394,0.1648891419172287,0.018650546669960022,0.01905272901058197
b8,b4,3,0,self-doubt / encouragement,-2.0,-2.0,0.06353841722011566,0.06074142083525658,0.1594962179660797,0.05243324488401413,-0.09595780074596405,-0.04658040218055248
b8,b4,3,0,self-doubt / encouragement,-2.0,2.0,0.12961459159851074,0.06074142083525658,0.07672686874866486,0.05243324488401413,0.052887722849845886,0.060880446806550026
b8,b4,3,0,self-doubt / encouragement,2.0,-2.0,0.0780724436044693,0.05970370024442673,0.1594962179660797,0.05243324488401413,-0.08142377436161041,-0.03152751550078392
b8,b4,3,0,self-doubt / encouragement,2.0,2.0,0.06580564379692078,0.05970370024442673,0.07672686874866486,0.05243324488401413,-0.01092122495174408,-0.0024096406996250153
b8,b4,3,1,frustration / despair,-2.0,-2.0,0.09288983792066574,0.08721911162137985,0.10826984792947769,0.09356782585382462,-0.01538001000881195,-0.004854641854763031
b8,b4,3,1,frustration / despair,-2.0,2.0,0.1056889221072197,0.08721911162137985,0.0844954401254654,0.09356782585382462,0.018469810485839844,0.019831646233797073
b8,b4,3,1,frustration / despair,2.0,-2.0,0.052526190876960754,0.094061478972435,0.10826984792947769,0.09356782585382462,-0.05574365705251694,-0.04863947257399559
b8,b4,3,1,frustration / despair,2.0,2.0,0.0843627080321312,0.094061478972435,0.0844954401254654,0.09356782585382462,-0.009698770940303802,-0.004915751516819
b8,b4,3,2,uncertainty / indecision,-2.0,-2.0,0.11293161660432816,0.13747701048851013,0.1661200225353241,0.12720690667629242,-0.05318840593099594,-0.03886689990758896
b8,b4,3,2,uncertainty / indecision,-2.0,2.0,0.1496065855026245,0.13747701048851013,0.10552448034286499,0.12720690667629242,0.01212957501411438,0.02810584008693695
b8,b4,3,2,uncertainty / indecision,2.0,-2.0,0.11324222385883331,0.13132256269454956,0.1661200225353241,0.12720690667629242,-0.052877798676490784,-0.035479068756103516
b8,b4,3,2,uncertainty / indecision,2.0,2.0,0.14108893275260925,0.13132256269454956,0.10552448034286499,0.12720690667629242,0.009766370058059692,0.022665411233901978
b8,b4,3,3,romantic idealism,-2.0,-2.0,0.01775926724076271,0.03269568085670471,0.05383604019880295,0.030841806903481483,-0.03607677295804024,-0.02550659328699112
b8,b4,3,3,romantic idealism,-2.0,2.0,0.03387317806482315,0.03269568085670471,0.04107283428311348,0.030841806903481483,-0.007199656218290329,-0.003011079505085945
b8,b4,3,3,romantic idealism,2.0,-2.0,0.03106015920639038,0.043881721794605255,0.05383604019880295,0.030841806903481483,-0.022775880992412567,-0.01779872179031372
b8,b4,3,3,romantic idealism,2.0,2.0,0.03991744667291641,0.043881721794605255,0.04107283428311348,0.030841806903481483,-0.003964275121688843,-0.002559831365942955
b8,b4,3,4,academic ambition / competitive determination,-2.0,-2.0,0.06302721798419952,0.07230765372514725,0.09018050134181976,0.05445351451635361,-0.02715328335762024,-0.01821685954928398
b8,b4,3,4,academic ambition / competitive determination,-2.0,2.0,0.05614476650953293,0.07230765372514725,0.0628708079457283,0.05445351451635361,-0.01616288721561432,-0.011444464325904846
b8,b4,3,4,academic ambition / competitive determination,2.0,-2.0,0.09353532642126083,0.07268936932086945,0.09018050134181976,0.05445351451635361,0.0033548250794410706,0.01210039108991623
b8,b4,3,4,academic ambition / competitive determination,2.0,2.0,0.08395544439554214,0.07268936932086945,0.0628708079457283,0.05445351451635361,0.011266075074672699,0.01617535576224327
b8,b4,3,5,ironic amusement,-2.0,-2.0,0.10600230097770691,0.10392522066831589,0.13222560286521912,0.11291592568159103,-0.026223301887512207,-0.012073110789060593
b8,b4,3,5,ironic amusement,-2.0,2.0,0.14737772941589355,0.10392522066831589,0.12535333633422852,0.11291592568159103,0.02202439308166504,0.03273845091462135
b8,b4,3,5,ironic amusement,2.0,-2.0,0.11564981192350388,0.10553388297557831,0.13222560286521912,0.11291592568159103,-0.01657579094171524,-0.0032299309968948364
b8,b4,3,5,ironic amusement,2.0,2.0,0.09055610746145248,0.10553388297557831,0.12535333633422852,0.11291592568159103,-0.03479722887277603,-0.024887502193450928
b8,b4,3,6,enthusiasm / curiosity,-2.0,-2.0,0.11930540949106216,0.14246782660484314,0.17491787672042847,0.11535898596048355,-0.0556124672293663,-0.03938744217157364
b8,b4,3,6,enthusiasm / curiosity,-2.0,2.0,0.1627185195684433,0.14246782660484314,0.1425328552722931,0.11535898596048355,0.020185664296150208,0.020218178629875183
b8,b4,3,6,enthusiasm / curiosity,2.0,-2.0,0.13425983488559723,0.12121371924877167,0.17491787672042847,0.11535898596048355,-0.04065804183483124,-0.013805963099002838
b8,b4,3,6,enthusiasm / curiosity,2.0,2.0,0.11958280950784683,0.12121371924877167,0.1425328552722931,0.11535898596048355,-0.02295004576444626,-0.012290477752685547
b8,b4,4,0,self-doubt / encouragement,-2.0,-2.0,0.04121508449316025,0.041312262415885925,0.13130579888820648,0.09420821070671082,-0.09009071439504623,-0.045093946158885956
b8,b4,4,0,self-doubt / encouragement,-2.0,2.0,0.1531088650226593,0.041312262415885925,0.12878373265266418,0.09420821070671082,0.024325132369995117,0.06806086748838425
b8,b4,4,0,self-doubt / encouragement,2.0,-2.0,0.13202109932899475,0.1289883852005005,0.13130579888820648,0.09420821070671082,0.000715300440788269,0.0018740072846412659
b8,b4,4,0,self-doubt / encouragement,2.0,2.0,0.09645635634660721,0.1289883852005005,0.12878373265266418,0.09420821070671082,-0.03253202885389328,-0.03242970257997513
b8,b4,4,1,frustration / despair,-2.0,-2.0,0.04015098512172699,0.04570547491312027,0.114788718521595,0.08754955232143402,-0.07463773339986801,-0.040096111595630646
b8,b4,4,1,frustration / despair,-2.0,2.0,0.23384982347488403,0.04570547491312027,0.12205713242292404,0.08754955232143402,0.11179269105195999,0.14996851980686188
b8,b4,4,1,frustration / despair,2.0,-2.0,0.11066370457410812,0.11386729031801224,0.114788718521595,0.08754955232143402,-0.0041250139474868774,-0.0036642998456954956
b8,b4,4,1,frustration / despair,2.0,2.0,0.09253392368555069,0.11386729031801224,0.12205713242292404,0.08754955232143402,-0.029523208737373352,-0.02542828768491745
b8,b4,4,2,uncertainty / indecision,-2.0,-2.0,0.12067455053329468,0.12497927248477936,0.18350344896316528,0.17504476010799408,-0.0628288984298706,-0.03356681019067764
b8,b4,4,2,uncertainty / indecision,-2.0,2.0,0.16793739795684814,0.12497927248477936,0.16619032621383667,0.17504476010799408,0.0017470717430114746,0.02235259860754013
b8,b4,4,2,uncertainty / indecision,2.0,-2.0,0.14887718856334686,0.17867295444011688,0.18350344896316528,0.17504476010799408,-0.03462626039981842,-0.03221101313829422
b8,b4,4,2,uncertainty / indecision,2.0,2.0,0.1523267775774002,0.17867295444011688,0.16619032621383667,0.17504476010799408,-0.026346176862716675,-0.02010486274957657
b8,b4,4,3,romantic idealism,-2.0,-2.0,0.018343351781368256,0.04601950943470001,0.1000475063920021,0.07784955948591232,-0.08170415461063385,-0.0546901561319828
b8,b4,4,3,romantic idealism,-2.0,2.0,0.018806569278240204,0.04601950943470001,0.0615210197865963,0.07784955948591232,-0.042714450508356094,-0.03496369533240795
b8,b4,4,3,romantic idealism,2.0,-2.0,0.12670187652111053,0.10221532732248306,0.1000475063920021,0.07784955948591232,0.024486549198627472,0.02557045966386795
b8,b4,4,3,romantic idealism,2.0,2.0,0.09097746759653091,0.10221532732248306,0.0615210197865963,0.07784955948591232,-0.011237859725952148,0.009109294041991234
b8,b4,4,4,academic ambition / competitive determination,-2.0,-2.0,0.04977357015013695,0.054481975734233856,0.1697089821100235,0.1761026680469513,-0.11993541195988655,-0.06232190877199173
b8,b4,4,4,academic ambition / competitive determination,-2.0,2.0,0.0742567777633667,0.054481975734233856,0.1882152259349823,0.1761026680469513,-0.1139584481716156,-0.04709182307124138
b8,b4,4,4,academic ambition / competitive determination,2.0,-2.0,0.06415708363056183,0.1984965205192566,0.1697089821100235,0.1761026680469513,-0.13433943688869476,-0.11994566768407822
b8,b4,4,4,academic ambition / competitive determination,2.0,2.0,0.15430417656898499,0.1984965205192566,0.1882152259349823,0.1761026680469513,-0.044192343950271606,-0.03905169665813446
b8,b4,4,5,ironic amusement,-2.0,-2.0,0.01632623001933098,0.025670306757092476,0.07266317307949066,0.047947339713573456,-0.05633694306015968,-0.03284050989896059
b8,b4,4,5,ironic amusement,-2.0,2.0,0.12413956969976425,0.025670306757092476,0.034220919013023376,0.047947339713573456,0.08991865068674088,0.09419395681470633
b8,b4,4,5,ironic amusement,2.0,-2.0,0.08923673629760742,0.09214634448289871,0.07266317307949066,0.047947339713573456,-0.0029096081852912903,0.006831977516412735
b8,b4,4,5,ironic amusement,2.0,2.0,0.057426221668720245,0.09214634448289871,0.034220919013023376,0.047947339713573456,-0.03472012281417847,-0.005757410079240799
b8,b4,4,6,enthusiasm / curiosity,-2.0,-2.0,0.0743231400847435,0.06674419343471527,0.1596740335226059,0.12140345573425293,-0.0853508934378624,-0.038885973393917084
b8,b4,4,6,enthusiasm / curiosity,-2.0,2.0,0.13257503509521484,0.06674419343471527,0.1600826531648636,0.12140345573425293,-0.027507618069648743,0.019161611795425415
b8,b4,4,6,enthusiasm / curiosity,2.0,-2.0,0.16686293482780457,0.17411231994628906,0.1596740335226059,0.12140345573425293,-0.007249385118484497,-3.024190664291382e-05
b8,b4,4,6,enthusiasm / curiosity,2.0,2.0,0.13556037843227386,0.17411231994628906,0.1600826531648636,0.12140345573425293,-0.0385519415140152,-0.03153710812330246
b8,b4,5,0,self-doubt / encouragement,-2.0,-2.0,0.14921920001506805,0.11426229029893875,0.08751218765974045,0.26054656505584717,0.0349569097161293,0.048331961035728455
b8,b4,5,0,self-doubt / encouragement,-2.0,2.0,0.1269146054983139,0.11426229029893875,0.10071401298046112,0.26054656505584717,0.012652315199375153,0.019426453858613968
b8,b4,5,0,self-doubt / encouragement,2.0,-2.0,0.10539086908102036,0.10489430278539658,0.08751218765974045,0.26054656505584717,0.0004965662956237793,0.009187623858451843
b8,b4,5,0,self-doubt / encouragement,2.0,2.0,0.16667169332504272,0.10489430278539658,0.10071401298046112,0.26054656505584717,0.06177739053964615,0.06386753544211388
b8,b4,5,1,frustration / despair,-2.0,-2.0,0.18791720271110535,0.11346548795700073,0.1041884794831276,0.18212664127349854,0.07445171475410461,0.07909021899104118
b8,b4,5,1,frustration / despair,-2.0,2.0,0.14169836044311523,0.11346548795700073,0.10247086733579636,0.18212664127349854,0.028232872486114502,0.03373018279671669
b8,b4,5,1,frustration / despair,2.0,-2.0,0.11411885917186737,0.0863289162516594,0.1041884794831276,0.18212664127349854,0.009930379688739777,0.018860161304473877
b8,b4,5,1,frustration / despair,2.0,2.0,0.11664100736379623,0.0863289162516594,0.10247086733579636,0.18212664127349854,0.014170140027999878,0.02224111557006836
b8,b4,5,2,uncertainty / indecision,-2.0,-2.0,0.2006417214870453,0.17378108203411102,0.11815038323402405,0.3255496919155121,0.026860639452934265,0.05467598885297775
b8,b4,5,2,uncertainty / indecision,-2.0,2.0,0.18153128027915955,0.17378108203411102,0.13835535943508148,0.3255496919155121,0.007750198245048523,0.025463059544563293
b8,b4,5,2,uncertainty / indecision,2.0,-2.0,0.11657612025737762,0.11427361518144608,0.11815038323402405,0.3255496919155121,-0.0015742629766464233,0.00036412104964256287
b8,b4,5,2,uncertainty / indecision,2.0,2.0,0.2097644954919815,0.11427361518144608,0.13835535943508148,0.3255496919155121,0.07140913605690002,0.08345000818371773
b8,b4,5,3,romantic idealism,-2.0,-2.0,0.02520781196653843,-0.005219525657594204,-0.026525266468524933,0.07387951016426086,0.030427337624132633,0.041080208029598
b8,b4,5,3,romantic idealism,-2.0,2.0,0.01732044294476509,-0.005219525657594204,0.011291799135506153,0.07387951016426086,0.006028643809258938,0.014284306205809116
b8,b4,5,3,romantic idealism,2.0,-2.0,0.006386250723153353,0.006614125333726406,-0.026525266468524933,0.07387951016426086,-0.00022787461057305336,0.016341821290552616
b8,b4,5,3,romantic idealism,2.0,2.0,0.04052294045686722,0.006614125333726406,0.011291799135506153,0.07387951016426086,0.029231141321361065,0.03156997822225094
b8,b4,5,4,academic ambition / competitive determination,-2.0,-2.0,0.1012720912694931,0.080429807305336,0.05469479039311409,0.2368575632572174,0.020842283964157104,0.03370979242026806
b8,b4,5,4,academic ambition / competitive determination,-2.0,2.0,0.13044895231723785,0.080429807305336,0.05511056259274483,0.2368575632572174,0.050019145011901855,0.06267876736819744
b8,b4,5,4,academic ambition / competitive determination,2.0,-2.0,0.05108942836523056,0.059260956943035126,0.05469479039311409,0.2368575632572174,-0.008171528577804565,-0.0058884453028440475
b8,b4,5,4,academic ambition / competitive determination,2.0,2.0,0.15131238102912903,0.059260956943035126,0.05511056259274483,0.2368575632572174,0.0920514240860939,0.09412662126123905
b8,b4,5,5,ironic amusement,-2.0,-2.0,0.11044153571128845,0.13298432528972626,0.09821483492851257,0.12938886880874634,-0.022542789578437805,-0.005158044397830963
b8,b4,5,5,ironic amusement,-2.0,2.0,0.09242309629917145,0.13298432528972626,0.12852196395397186,0.12938886880874634,-0.04056122899055481,-0.03833004832267761
b8,b4,5,5,ironic amusement,2.0,-2.0,0.09284934401512146,0.08421766757965088,0.09821483492851257,0.12938886880874634,-0.005365490913391113,0.0016330927610397339
b8,b4,5,5,ironic amusement,2.0,2.0,0.060008611530065536,0.08421766757965088,0.12852196395397186,0.12938886880874634,-0.06851335242390633,-0.046361204236745834
b8,b4,5,6,enthusiasm / curiosity,-2.0,-2.0,0.16507482528686523,0.19673021137714386,0.11295261234045029,0.24974477291107178,-0.031655386090278625,0.010233413428068161
b8,b4,5,6,enthusiasm / curiosity,-2.0,2.0,0.19218575954437256,0.19673021137714386,0.14531880617141724,0.24974477291107178,-0.004544451832771301,0.02116125077009201
b8,b4,5,6,enthusiasm / curiosity,2.0,-2.0,0.1317378282546997,0.12654055655002594,0.11295261234045029,0.24974477291107178,0.005197271704673767,0.011991243809461594
b8,b4,5,6,enthusiasm / curiosity,2.0,2.0,0.16047005355358124,0.12654055655002594,0.14531880617141724,0.24974477291107178,0.015151247382164001,0.02454037219285965
b8,b4,6,0,self-doubt / encouragement,-2.0,-2.0,0.2259676456451416,0.14527255296707153,0.11236260086297989,0.05740978196263313,0.08069509267807007,0.09715006873011589
b8,b4,6,0,self-doubt / encouragement,-2.0,2.0,0.06090601906180382,0.14527255296707153,0.05193309858441353,0.05740978196263313,-0.08436653390526772,-0.03769680671393871
b8,b4,6,0,self-doubt / encouragement,2.0,-2.0,0.10081029683351517,0.1567080318927765,0.11236260086297989,0.05740978196263313,-0.05589773505926132,-0.03372501954436302
b8,b4,6,0,self-doubt / encouragement,2.0,2.0,0.14340472221374512,0.1567080318927765,0.05193309858441353,0.05740978196263313,-0.013303309679031372,0.03908415697515011
b8,b4,6,1,frustration / despair,-2.0,-2.0,0.13461065292358398,0.10422153025865555,0.09538789838552475,0.018406767398118973,0.030389122664928436,0.034805938601493835
b8,b4,6,1,frustration / despair,-2.0,2.0,0.12455899268388748,0.10422153025865555,0.07086464017629623,0.018406767398118973,0.020337462425231934,0.03701590746641159
b8,b4,6,1,frustration / despair,2.0,-2.0,0.07927834987640381,0.125746950507164,0.09538789838552475,0.018406767398118973,-0.04646860063076019,-0.03128907456994057
b8,b4,6,1,frustration / despair,2.0,2.0,0.1405867636203766,0.125746950507164,0.07086464017629623,0.018406767398118973,0.014839813113212585,0.04228096827864647
b8,b4,6,2,uncertainty / indecision,-2.0,-2.0,0.21567778289318085,0.14784620702266693,0.16683191061019897,0.05222403258085251,0.04884587228298187,0.058338724076747894
b8,b4,6,2,uncertainty / indecision,-2.0,2.0,0.15005707740783691,0.14784620702266693,0.05738690495491028,0.05222403258085251,0.002210870385169983,0.04744052141904831
b8,b4,6,2,uncertainty / indecision,2.0,-2.0,0.14290884137153625,0.11937661468982697,0.16683191061019897,0.05222403258085251,-0.02392306923866272,-0.0001954212784767151
b8,b4,6,2,uncertainty / indecision,2.0,2.0,0.14339837431907654,0.11937661468982697,0.05738690495491028,0.05222403258085251,0.024021759629249573,0.055016614496707916
b8,b4,6,3,romantic idealism,-2.0,-2.0,0.04124569147825241,0.009457504376769066,0.05076799541711807,-0.0029037646017968655,-0.009522303938865662,0.011132941581308842
b8,b4,6,3,romantic idealism,-2.0,2.0,0.0006452254019677639,0.009457504376769066,-0.040314771234989166,-0.0029037646017968655,-0.008812278974801302,0.016073858831077814
b8,b4,6,3,romantic idealism,2.0,-2.0,0.00915796309709549,0.06698072701692581,0.05076799541711807,-0.0029037646017968655,-0.05782276391983032,-0.04971639811992645
b8,b4,6,3,romantic idealism,2.0,2.0,0.06810440868139267,0.06698072701692581,-0.040314771234989166,-0.0029037646017968655,0.001123681664466858,0.05477143079042435
b8,b4,6,4,academic ambition / competitive determination,-2.0,-2.0,0.11267111450433731,0.031240589916706085,0.05015945807099342,0.0654359757900238,0.06251165643334389,0.07197109051048756
b8,b4,6,4,academic ambition / competitive determination,-2.0,2.0,0.10909515619277954,0.031240589916706085,0.04622802510857582,0.0654359757900238,0.06286713108420372,0.07036084868013859
b8,b4,6,4,academic ambition / competitive determination,2.0,-2.0,0.07631885260343552,0.12333135306835175,0.05015945807099342,0.0654359757900238,-0.04701250046491623,-0.010426552966237068
b8,b4,6,4,academic ambition / competitive determination,2.0,2.0,0.10355564951896667,0.12333135306835175,0.04622802510857582,0.0654359757900238,-0.01977570354938507,0.01877596043050289
b8,b4,6,5,ironic amusement,-2.0,-2.0,0.06962651014328003,0.1077081561088562,0.07965420186519623,0.11782681196928024,-0.03808164596557617,-0.024054668843746185
b8,b4,6,5,ironic amusement,-2.0,2.0,0.0691014751791954,0.1077081561088562,0.032023847103118896,0.11782681196928024,-0.0386066809296608,-0.0007645264267921448
b8,b4,6,5,ironic amusement,2.0,-2.0,0.0934431180357933,0.10159704089164734,0.07965420186519623,0.11782681196928024,-0.008153922855854034,0.002817496657371521
b8,b4,6,5,ironic amusement,2.0,2.0,0.09424625337123871,0.10159704089164734,0.032023847103118896,0.11782681196928024,-0.00735078752040863,0.02743580937385559
b8,b4,6,6,enthusiasm / curiosity,-2.0,-2.0,0.131368488073349,0.17422625422477722,0.12128019332885742,0.07693412899971008,-0.04285776615142822,-0.016384735703468323
b8,b4,6,6,enthusiasm / curiosity,-2.0,2.0,0.12080012261867523,0.17422625422477722,0.10152560472488403,0.07693412899971008,-0.05342613160610199,-0.017075806856155396
b8,b4,6,6,enthusiasm / curiosity,2.0,-2.0,0.16234910488128662,0.17048297822475433,0.12128019332885742,0.07693412899971008,-0.008133873343467712,0.016467519104480743
b8,b4,6,6,enthusiasm / curiosity,2.0,2.0,0.18842880427837372,0.17048297822475433,0.10152560472488403,0.07693412899971008,0.017945826053619385,0.052424512803554535
b8,b4,7,0,self-doubt / encouragement,-2.0,-2.0,0.2939532399177551,0.2939532399177551,0.2686547040939331,0.2342257797718048,0.0,0.01264926791191101
b8,b4,7,0,self-doubt / encouragement,-2.0,2.0,0.21586035192012787,0.2939532399177551,0.23046870529651642,0.2342257797718048,-0.07809288799762726,-0.046350620687007904
b8,b4,7,0,self-doubt / encouragement,2.0,-2.0,0.23218318819999695,0.19334682822227478,0.2686547040939331,0.2342257797718048,-0.03647151589393616,0.0011824220418930054
b8,b4,7,0,self-doubt / encouragement,2.0,2.0,0.17324671149253845,0.19334682822227478,0.23046870529651642,0.2342257797718048,-0.057221993803977966,-0.03866105526685715
b8,b4,7,1,frustration / despair,-2.0,-2.0,0.34492677450180054,0.34492677450180054,0.1429348587989807,0.17508135735988617,0.0,0.10099595785140991
b8,b4,7,1,frustration / despair,-2.0,2.0,0.3442835211753845,0.34492677450180054,0.1636742204427719,0.17508135735988617,-0.0006432533264160156,0.0899830237030983
b8,b4,7,1,frustration / despair,2.0,-2.0,0.16661639511585236,0.12288424372673035,0.1429348587989807,0.17508135735988617,0.023681536316871643,0.033706843852996826
b8,b4,7,1,frustration / despair,2.0,2.0,0.20488789677619934,0.12288424372673035,0.1636742204427719,0.17508135735988617,0.04121367633342743,0.06160866469144821
b8,b4,7,2,uncertainty / indecision,-2.0,-2.0,0.39835917949676514,0.39835917949676514,0.16444353759288788,0.23823431134223938,0.0,0.11695782095193863
b8,b4,7,2,uncertainty / indecision,-2.0,2.0,0.3187555968761444,0.39835917949676514,0.18690133094787598,0.23823431134223938,-0.07960358262062073,0.026125341653823853
b8,b4,7,2,uncertainty / indecision,2.0,-2.0,0.23153352737426758,0.15855243802070618,0.16444353759288788,0.23823431134223938,0.0670899897813797,0.07003553956747055
b8,b4,7,2,uncertainty / indecision,2.0,2.0,0.31520095467567444,0.15855243802070618,0.18690133094787598,0.23823431134223938,0.12829962372779846,0.14247407019138336
b8,b4,7,3,romantic idealism,-2.0,-2.0,0.17481476068496704,0.17481476068496704,0.10302665829658508,0.04392537847161293,0.0,0.03589405119419098
b8,b4,7,3,romantic idealism,-2.0,2.0,0.11275583505630493,0.17481476068496704,0.07425453513860703,0.04392537847161293,-0.06205892562866211,-0.011778812855482101
b8,b4,7,3,romantic idealism,2.0,-2.0,0.03952896222472191,0.04500611871480942,0.10302665829658508,0.04392537847161293,-0.06349769607186317,-0.03448742628097534
b8,b4,7,3,romantic idealism,2.0,2.0,0.04307921975851059,0.04500611871480942,0.07425453513860703,0.04392537847161293,-0.031175315380096436,-0.016551107168197632
b8,b4,7,4,academic ambition / competitive determination,-2.0,-2.0,0.28996434807777405,0.28996434807777405,0.052864234894514084,0.09754790365695953,0.0,0.11855005659162998
b8,b4,7,4,academic ambition / competitive determination,-2.0,2.0,0.17616823315620422,0.28996434807777405,0.12614046037197113,0.09754790365695953,-0.11379611492156982,-0.031884171068668365
b8,b4,7,4,academic ambition / competitive determination,2.0,-2.0,0.10118710994720459,0.011520608328282833,0.052864234894514084,0.09754790365695953,0.048322875052690506,0.06899468833580613
b8,b4,7,4,academic ambition / competitive determination,2.0,2.0,0.11928632110357285,0.011520608328282833,0.12614046037197113,0.09754790365695953,-0.006854139268398285,0.050455786753445864
b8,b4,7,5,ironic amusement,-2.0,-2.0,0.28677278757095337,0.28677278757095337,0.16619709134101868,0.16570064425468445,0.0,0.060287848114967346
b8,b4,7,5,ironic amusement,-2.0,2.0,0.20135891437530518,0.28677278757095337,0.1803170144557953,0.16570064425468445,-0.0854138731956482,-0.03218598663806915
b8,b4,7,5,ironic amusement,2.0,-2.0,0.14988423883914948,0.10406078398227692,0.16619709134101868,0.16570064425468445,-0.0163128525018692,0.014755301177501678
b8,b4,7,5,ironic amusement,2.0,2.0,0.11369200795888901,0.10406078398227692,0.1803170144557953,0.16570064425468445,-0.06662500649690628,-0.028496891260147095
b8,b4,7,6,enthusiasm / curiosity,-2.0,-2.0,0.3337187170982361,0.3337187170982361,0.2138773798942566,0.21325509250164032,0.0,0.059920668601989746
b8,b4,7,6,enthusiasm / curiosity,-2.0,2.0,0.263427734375,0.3337187170982361,0.24112622439861298,0.21325509250164032,-0.07029098272323608,-0.02399473637342453
b8,b4,7,6,enthusiasm / curiosity,2.0,-2.0,0.19330666959285736,0.16289854049682617,0.2138773798942566,0.21325509250164032,-0.02057071030139923,0.004918709397315979
b8,b4,7,6,enthusiasm / curiosity,2.0,2.0,0.20351117849349976,0.16289854049682617,0.24112622439861298,0.21325509250164032,-0.03761504590511322,0.0014987960457801819
b8,b7,0,0,self-doubt / encouragement,-2.0,-2.0,0.18203319609165192,0.13185468316078186,0.2081652730703354,0.2579997777938843,-0.02613207697868347,0.012023217976093292
b8,b7,0,0,self-doubt / encouragement,-2.0,2.0,0.16866545379161835,0.13185468316078186,0.11432109028100967,0.2579997777938843,0.03681077063083649,0.04557756707072258
b8,b7,0,0,self-doubt / encouragement,2.0,-2.0,0.18559172749519348,0.2269798219203949,0.2081652730703354,0.2579997777938843,-0.041388094425201416,-0.03198082000017166
b8,b7,0,0,self-doubt / encouragement,2.0,2.0,0.19846183061599731,0.2269798219203949,0.11432109028100967,0.2579997777938843,-0.028517991304397583,0.02781137451529503
b8,b7,0,1,frustration / despair,-2.0,-2.0,0.2157476395368576,0.14200140535831451,0.10674116015434265,0.1789245754480362,0.07374623417854309,0.09137635678052902
b8,b7,0,1,frustration / despair,-2.0,2.0,0.12207090109586716,0.14200140535831451,0.15558075904846191,0.1789245754480362,-0.03350985795259476,-0.026720181107521057
b8,b7,0,1,frustration / despair,2.0,-2.0,0.10783872753381729,0.12253757566213608,0.10674116015434265,0.1789245754480362,-0.014698848128318787,-0.006800640374422073
b8,b7,0,1,frustration / despair,2.0,2.0,0.15737225115299225,0.12253757566213608,0.15558075904846191,0.1789245754480362,0.0017914921045303345,0.018313083797693253
b8,b7,0,2,uncertainty / indecision,-2.0,-2.0,0.20739378035068512,0.1401781141757965,0.132850781083107,0.29380178451538086,0.06721566617488861,0.07087933272123337
b8,b7,0,2,uncertainty / indecision,-2.0,2.0,0.156465083360672,0.1401781141757965,0.2668067514896393,0.29380178451538086,-0.11034166812896729,-0.0470273494720459
b8,b7,0,2,uncertainty / indecision,2.0,-2.0,0.16949522495269775,0.19622330367565155,0.132850781083107,0.29380178451538086,-0.026728078722953796,0.0049581825733184814
b8,b7,0,2,uncertainty / indecision,2.0,2.0,0.19510848820209503,0.19622330367565155,0.2668067514896393,0.29380178451538086,-0.07169826328754425,-0.036406539380550385
b8,b7,0,3,romantic idealism,-2.0,-2.0,0.024073662236332893,0.013021963648498058,0.06792907416820526,0.09819807857275009,-0.04385541193187237,-0.016401856672018766
b8,b7,0,3,romantic idealism,-2.0,2.0,0.020376158878207207,0.013021963648498058,0.026812313124537468,0.09819807857275009,-0.006436154246330261,0.0004590204916894436
b8,b7,0,3,romantic idealism,2.0,-2.0,0.1814233511686325,0.21961623430252075,0.06792907416820526,0.09819807857275009,-0.038192883133888245,0.0376506969332695
b8,b7,0,3,romantic idealism,2.0,2.0,0.059168435633182526,0.21961623430252075,0.026812313124537468,0.09819807857275009,-0.16044779866933823,-0.06404583808034658
b8,b7,0,4,academic ambition / competitive determination,-2.0,-2.0,0.07859668880701065,0.08158190548419952,0.16360345482826233,0.12983283400535583,-0.08500676602125168,-0.043995991349220276
b8,b7,0,4,academic ambition / competitive determination,-2.0,2.0,0.0987599641084671,0.08158190548419952,0.10313981026411057,0.12983283400535583,-0.004379846155643463,0.0063991062343120575
b8,b7,0,4,academic ambition / competitive determination,2.0,-2.0,0.1534305214881897,0.10162224620580673,0.16360345482826233,0.12983283400535583,-0.010172933340072632,0.020817670971155167
b8,b7,0,4,academic ambition / competitive determination,2.0,2.0,0.21502633392810822,0.10162224620580673,0.10313981026411057,0.12983283400535583,0.11188652366399765,0.11264530569314957
b8,b7,0,5,ironic amusement,-2.0,-2.0,0.1519090086221695,0.11446312814950943,0.10948804765939713,0.1419805884361267,0.037445880472660065,0.03993342071771622
b8,b7,0,5,ironic amusement,-2.0,2.0,0.13189375400543213,0.11446312814950943,0.0691293403506279,0.1419805884361267,0.0174306258559227,0.040097519755363464
b8,b7,0,5,ironic amusement,2.0,-2.0,0.1755220741033554,0.1588868796825409,0.10948804765939713,0.1419805884361267,0.016635194420814514,0.0413346104323864
b8,b7,0,5,ironic amusement,2.0,2.0,0.12997856736183167,0.1588868796825409,0.0691293403506279,0.1419805884361267,-0.02890831232070923,0.01597045734524727
b8,b7,0,6,enthusiasm / curiosity,-2.0,-2.0,0.15202048420906067,0.1623462736606598,0.13525664806365967,0.1868261694908142,-0.010325789451599121,0.00321902334690094
b8,b7,0,6,enthusiasm / curiosity,-2.0,2.0,0.18280217051506042,0.1623462736606598,0.11172023415565491,0.1868261694908142,0.020455896854400635,0.045768916606903076
b8,b7,0,6,enthusiasm / curiosity,2.0,-2.0,0.25691112875938416,0.24162304401397705,0.13525664806365967,0.1868261694908142,0.015288084745407104,0.0684712827205658
b8,b7,0,6,enthusiasm / curiosity,2.0,2.0,0.25072181224823,0.24162304401397705,0.11172023415565491,0.1868261694908142,0.00909876823425293,0.074050173163414
b8,b7,1,0,self-doubt / encouragement,-2.0,-2.0,0.06307460367679596,0.11465886235237122,0.10623423010110855,0.08845274150371552,-0.051584258675575256,-0.047371942549943924
b8,b7,1,0,self-doubt / encouragement,-2.0,2.0,0.19906729459762573,0.11465886235237122,0.1042603999376297,0.08845274150371552,0.08440843224525452,0.08960766345262527
b8,b7,1,0,self-doubt / encouragement,2.0,-2.0,0.1271750032901764,0.14949585497379303,0.10623423010110855,0.08845274150371552,-0.022320851683616638,-0.0006900392472743988
b8,b7,1,0,self-doubt / encouragement,2.0,2.0,0.05382692441344261,0.14949585497379303,0.1042603999376297,0.08845274150371552,-0.09566893056035042,-0.07305120304226875
b8,b7,1,1,frustration / despair,-2.0,-2.0,0.097011499106884,0.1520927995443344,0.13598135113716125,0.12093593180179596,-0.05508130043745041,-0.04702557623386383
b8,b7,1,1,frustration / despair,-2.0,2.0,0.1720273643732071,0.1520927995443344,0.10528616607189178,0.12093593180179596,0.01993456482887268,0.043337881565093994
b8,b7,1,1,frustration / despair,2.0,-2.0,0.14461445808410645,0.14357249438762665,0.13598135113716125,0.12093593180179596,0.0010419636964797974,0.004837535321712494
b8,b7,1,1,frustration / despair,2.0,2.0,0.08445441722869873,0.14357249438762665,0.10528616607189178,0.12093593180179596,-0.05911807715892792,-0.039974913001060486
b8,b7,1,2,uncertainty / indecision,-2.0,-2.0,0.11127957701683044,0.15994982421398163,0.18781358003616333,0.15784244239330292,-0.07653400301933289,-0.06260212510824203
b8,b7,1,2,uncertainty / indecision,-2.0,2.0,0.17709995806217194,0.15994982421398163,0.10983717441558838,0.15784244239330292,0.017150133848190308,0.04220645874738693
b8,b7,1,2,uncertainty / indecision,2.0,-2.0,0.20258519053459167,0.21973685920238495,0.18781358003616333,0.15784244239330292,-0.017151668667793274,-0.0011900290846824646
b8,b7,1,2,uncertainty / indecision,2.0,2.0,0.11543957144021988,0.21973685920238495,0.10983717441558838,0.15784244239330292,-0.10429728776216507,-0.049347445368766785
b8,b7,1,3,romantic idealism,-2.0,-2.0,-0.013003493659198284,0.014927993528544903,0.011767694726586342,-0.00678758230060339,-0.027931487187743187,-0.026351337786763906
b8,b7,1,3,romantic idealism,-2.0,2.0,0.06945787370204926,0.014927993528544903,0.05278865620493889,-0.00678758230060339,0.016669217497110367,0.03559954883530736
b8,b7,1,3,romantic idealism,2.0,-2.0,0.06389845907688141,0.052840523421764374,0.011767694726586342,-0.00678758230060339,0.011057935655117035,0.03159435000270605
b8,b7,1,3,romantic idealism,2.0,2.0,0.06627511978149414,0.052840523421764374,0.05278865620493889,-0.00678758230060339,0.013434596359729767,0.01346052996814251
b8,b7,1,4,academic ambition / competitive determination,-2.0,-2.0,0.06743281334638596,0.13642184436321259,0.08547081053256989,0.07019902020692825,-0.06898903101682663,-0.04351351410150528
b8,b7,1,4,academic ambition / competitive determination,-2.0,2.0,0.0720168948173523,0.13642184436321259,0.021076533943414688,0.07019902020692825,-0.06440494954586029,-0.006732294335961342
b8,b7,1,4,academic ambition / competitive determination,2.0,-2.0,0.11052366346120834,0.1362871378660202,0.08547081053256989,0.07019902020692825,-0.02576347440481186,-0.00035531073808670044
b8,b7,1,4,academic ambition / competitive determination,2.0,2.0,0.12855669856071472,0.1362871378660202,0.021076533943414688,0.07019902020692825,-0.007730439305305481,0.049874862655997276
b8,b7,1,5,ironic amusement,-2.0,-2.0,0.10244569182395935,0.14172299206256866,0.134962260723114,0.11188811808824539,-0.039277300238609314,-0.03589693456888199
b8,b7,1,5,ironic amusement,-2.0,2.0,0.14047791063785553,0.14172299206256866,0.10718968510627747,0.11188811808824539,-0.0012450814247131348,0.016021572053432465
b8,b7,1,5,ironic amusement,2.0,-2.0,0.10682857036590576,0.12182355672121048,0.134962260723114,0.11188811808824539,-0.028133690357208252,-0.021564338356256485
b8,b7,1,5,ironic amusement,2.0,2.0,0.05557496100664139,0.12182355672121048,0.10718968510627747,0.11188811808824539,-0.06624859571456909,-0.058931659907102585
b8,b7,1,6,enthusiasm / curiosity,-2.0,-2.0,0.1182202473282814,0.17375993728637695,0.10834900289773941,0.10052981227636337,-0.05553968995809555,-0.02283422276377678
b8,b7,1,6,enthusiasm / curiosity,-2.0,2.0,0.15340633690357208,0.17375993728637695,0.15090039372444153,0.10052981227636337,-0.02035360038280487,-0.008923828601837158
b8,b7,1,6,enthusiasm / curiosity,2.0,-2.0,0.1783934235572815,0.17472819983959198,0.10834900289773941,0.10052981227636337,0.003665223717689514,0.0368548221886158
b8,b7,1,6,enthusiasm / curiosity,2.0,2.0,0.1372498869895935,0.17472819983959198,0.15090039372444153,0.10052981227636337,-0.037478312849998474,-0.02556440979242325
b8,b7,2,0,self-doubt / encouragement,-2.0,-2.0,0.15754620730876923,0.1079583540558815,0.17755435407161713,0.11809313297271729,-0.0200081467628479,0.014789853245019913
b8,b7,2,0,self-doubt / encouragement,-2.0,2.0,0.14614138007164001,0.1079583540558815,0.18950623273849487,0.11809313297271729,-0.04336485266685486,-0.002590913325548172
b8,b7,2,0,self-doubt / encouragement,2.0,-2.0,0.11703946441411972,0.14978066086769104,0.17755435407161713,0.11809313297271729,-0.060514889657497406,-0.04662804305553436
b8,b7,2,0,self-doubt / encouragement,2.0,2.0,0.19838745892047882,0.14978066086769104,0.18950623273849487,0.11809313297271729,0.008881226181983948,0.028744012117385864
b8,b7,2,1,frustration / despair,-2.0,-2.0,0.1461818516254425,0.1160997673869133,0.09515418112277985,0.08123224973678589,0.030082084238529205,0.04055487737059593
b8,b7,2,1,frustration / despair,-2.0,2.0,0.10269798338413239,0.1160997673869133,0.08706128597259521,0.08123224973678589,-0.013401784002780914,0.001117456704378128
b8,b7,2,1,frustration / despair,2.0,-2.0,0.07478363066911697,0.08853890001773834,0.09515418112277985,0.08123224973678589,-0.020370550453662872,-0.01706290990114212
b8,b7,2,1,frustration / despair,2.0,2.0,0.09386284649372101,0.08853890001773834,0.08706128597259521,0.08123224973678589,0.005323946475982666,0.00606275349855423
b8,b7,2,2,uncertainty / indecision,-2.0,-2.0,0.22803130745887756,0.1257910430431366,0.20079252123832703,0.16279290616512299,0.027238786220550537,0.06473952531814575
b8,b7,2,2,uncertainty / indecision,-2.0,2.0,0.0825563445687294,0.1257910430431366,0.10545468330383301,0.16279290616512299,-0.043234698474407196,-0.0330665186047554
b8,b7,2,2,uncertainty / indecision,2.0,-2.0,0.10794524103403091,0.15060056746006012,0.20079252123832703,0.16279290616512299,-0.09284728020429611,-0.06775130331516266
b8,b7,2,2,uncertainty / indecision,2.0,2.0,0.13968393206596375,0.15060056746006012,0.10545468330383301,0.16279290616512299,-0.010916635394096375,0.011656306684017181
b8,b7,2,3,romantic idealism,-2.0,-2.0,0.06320089101791382,0.053817108273506165,0.1168341189622879,0.0818898156285286,-0.053633227944374084,-0.022124722599983215
b8,b7,2,3,romantic idealism,-2.0,2.0,0.047159478068351746,0.053817108273506165,0.2457645684480667,0.0818898156285286,-0.19860509037971497,-0.10263136029243469
b8,b7,2,3,romantic idealism,2.0,-2.0,-0.0007036062306724489,0.13533490896224976,0.1168341189622879,0.0818898156285286,-0.1360385151929222,-0.12678812019294128
b8,b7,2,3,romantic idealism,2.0,2.0,0.12161317467689514,0.13533490896224976,0.2457645684480667,0.0818898156285286,-0.12415139377117157,-0.06893656402826309
b8,b7,2,4,academic ambition / competitive determination,-2.0,-2.0,0.204275444149971,0.17333921790122986,0.12007749080657959,0.2249232828617096,0.03093622624874115,0.057567089796066284
b8,b7,2,4,academic ambition / competitive determination,-2.0,2.0,0.10487453639507294,0.17333921790122986,0.06470305472612381,0.2249232828617096,-0.06846468150615692,-0.014146599918603897
b8,b7,2,4,academic ambition / competitive determination,2.0,-2.0,0.16152213513851166,0.14997828006744385,0.12007749080657959,0.2249232828617096,0.01154385507106781,0.02649424970149994
b8,b7,2,4,academic ambition / competitive determination,2.0,2.0,0.12167435139417648,0.14997828006744385,0.06470305472612381,0.2249232828617096,-0.028303928673267365,0.014333683997392654
b8,b7,2,5,ironic amusement,-2.0,-2.0,0.0925513282418251,0.04931526258587837,0.23362217843532562,0.07563547044992447,-0.14107085019350052,-0.048917392268776894
b8,b7,2,5,ironic amusement,-2.0,2.0,0.06300842016935349,0.04931526258587837,0.10417157411575317,0.07563547044992447,-0.04116315394639969,-0.013734998181462288
b8,b7,2,5,ironic amusement,2.0,-2.0,0.015041731297969818,0.07101958990097046,0.23362217843532562,0.07563547044992447,-0.2185804471373558,-0.13727915287017822
b8,b7,2,5,ironic amusement,2.0,2.0,0.07043268531560898,0.07101958990097046,0.10417157411575317,0.07563547044992447,-0.033738888800144196,-0.017162896692752838
b8,b7,2,6,enthusiasm / curiosity,-2.0,-2.0,0.22204160690307617,0.1242346465587616,0.2715962529182434,0.1648891419172287,-0.049554646015167236,0.02412615716457367
b8,b7,2,6,enthusiasm / curiosity,-2.0,2.0,0.15005162358283997,0.1242346465587616,0.23677527904510498,0.1648891419172287,-0.08672365546226501,-0.030453339219093323
b8,b7,2,6,enthusiasm / curiosity,2.0,-2.0,0.11767470836639404,0.16118745505809784,0.2715962529182434,0.1648891419172287,-0.15392154455184937,-0.09871714562177658
b8,b7,2,6,enthusiasm / curiosity,2.0,2.0,0.18496012687683105,0.16118745505809784,0.23677527904510498,0.1648891419172287,-0.051815152168273926,-0.014021240174770355
b8,b7,3,0,self-doubt / encouragement,-2.0,-2.0,0.10670720785856247,0.06074142083525658,0.05228576809167862,0.05243324488401413,0.04596578702330589,0.05019361339509487
b8,b7,3,0,self-doubt / encouragement,-2.0,2.0,0.06940947473049164,0.06074142083525658,0.05604656785726547,0.05243324488401413,0.008668053895235062,0.011015480384230614
b8,b7,3,0,self-doubt / encouragement,2.0,-2.0,0.060461901128292084,0.05970370024442673,0.05228576809167862,0.05243324488401413,0.0007582008838653564,0.00446716696023941
b8,b7,3,0,self-doubt / encouragement,2.0,2.0,0.09150396287441254,0.05970370024442673,0.05604656785726547,0.05243324488401413,0.03180026262998581,0.03362882882356644
b8,b7,3,1,frustration / despair,-2.0,-2.0,0.09769530594348907,0.08721911162137985,0.10401204228401184,0.09356782585382462,-0.006316736340522766,0.002079728990793228
b8,b7,3,1,frustration / despair,-2.0,2.0,0.0806569829583168,0.08721911162137985,0.10086669027805328,0.09356782585382462,-0.02020970731973648,-0.013385917991399765
b8,b7,3,1,frustration / despair,2.0,-2.0,0.057398103177547455,0.094061478972435,0.10401204228401184,0.09356782585382462,-0.046613939106464386,-0.041638657450675964
b8,b7,3,1,frustration / despair,2.0,2.0,0.07099247723817825,0.094061478972435,0.10086669027805328,0.09356782585382462,-0.02987421303987503,-0.026471607387065887
b8,b7,3,2,uncertainty / indecision,-2.0,-2.0,0.13421908020973206,0.13747701048851013,0.13574722409248352,0.12720690667629242,-0.003257930278778076,-0.0023930370807647705
b8,b7,3,2,uncertainty / indecision,-2.0,2.0,0.13074910640716553,0.13747701048851013,0.14387868344783783,0.12720690667629242,-0.013129577040672302,-0.009928740561008453
b8,b7,3,2,uncertainty / indecision,2.0,-2.0,0.09554142504930496,0.13132256269454956,0.13574722409248352,0.12720690667629242,-0.04020579904317856,-0.03799346834421158
b8,b7,3,2,uncertainty / indecision,2.0,2.0,0.13022524118423462,0.13132256269454956,0.14387868344783783,0.12720690667629242,-0.01365344226360321,-0.007375381886959076
b8,b7,3,3,romantic idealism,-2.0,-2.0,0.08275662362575531,0.03269568085670471,0.042448610067367554,0.030841806903481483,0.040308013558387756,0.04518447816371918
b8,b7,3,3,romantic idealism,-2.0,2.0,0.03906508535146713,0.03269568085670471,0.046606965363025665,0.030841806903481483,-0.007541880011558533,-0.000586237758398056
b8,b7,3,3,romantic idealism,2.0,-2.0,0.001048542559146881,0.043881721794605255,0.042448610067367554,0.030841806903481483,-0.042833179235458374,-0.04211662337183952
b8,b7,3,3,romantic idealism,2.0,2.0,0.03257233276963234,0.043881721794605255,0.046606965363025665,0.030841806903481483,-0.014034632593393326,-0.01267201080918312
b8,b7,3,4,academic ambition / competitive determination,-2.0,-2.0,0.0439569391310215,0.07230765372514725,0.053348276764154434,0.05445351451635361,-0.028350714594125748,-0.01887102611362934
b8,b7,3,4,academic ambition / competitive determination,-2.0,2.0,0.016583101823925972,0.07230765372514725,0.06273214519023895,0.05445351451635361,-0.055724551901221275,-0.05093679763376713
b8,b7,3,4,academic ambition / competitive determination,2.0,-2.0,0.07499337941408157,0.07268936932086945,0.053348276764154434,0.05445351451635361,0.0023040100932121277,0.011974556371569633
b8,b7,3,4,academic ambition / competitive determination,2.0,2.0,0.09666266292333603,0.07268936932086945,0.06273214519023895,0.05445351451635361,0.023973293602466583,0.02895190566778183
b8,b7,3,5,ironic amusement,-2.0,-2.0,0.08823265135288239,0.10392522066831589,0.0872899666428566,0.11291592568159103,-0.015692569315433502,-0.007374942302703857
b8,b7,3,5,ironic amusement,-2.0,2.0,0.11089911311864853,0.10392522066831589,0.12662483751773834,0.11291592568159103,-0.015725724399089813,-0.004375915974378586
b8,b7,3,5,ironic amusement,2.0,-2.0,0.09501230716705322,0.10553388297557831,0.0872899666428566,0.11291592568159103,-0.010521575808525085,-0.0013996176421642303
b8,b7,3,5,ironic amusement,2.0,2.0,0.10408923774957657,0.10553388297557831,0.12662483751773834,0.11291592568159103,-0.022535599768161774,-0.011990122497081757
b8,b7,3,6,enthusiasm / curiosity,-2.0,-2.0,0.19381891191005707,0.14246782660484314,0.1187085285782814,0.11535898596048355,0.05135108530521393,0.0632307343184948
b8,b7,3,6,enthusiasm / curiosity,-2.0,2.0,0.12631896138191223,0.14246782660484314,0.12038421630859375,0.11535898596048355,-0.016148865222930908,-0.005107060074806213
b8,b7,3,6,enthusiasm / curiosity,2.0,-2.0,0.11036093533039093,0.12121371924877167,0.1187085285782814,0.11535898596048355,-0.010852783918380737,-0.009600188583135605
b8,b7,3,6,enthusiasm / curiosity,2.0,2.0,0.138597771525383,0.12121371924877167,0.12038421630859375,0.11535898596048355,0.017384052276611328,0.017798803746700287
b8,b7,4,0,self-doubt / encouragement,-2.0,-2.0,0.11543673276901245,0.041312262415885925,0.0884854644536972,0.09420821070671082,0.026951268315315247,0.050537869334220886
b8,b7,4,0,self-doubt / encouragement,-2.0,2.0,0.07881604880094528,0.041312262415885925,0.0862901359796524,0.09420821070671082,-0.007474087178707123,0.015014849603176117
b8,b7,4,0,self-doubt / encouragement,2.0,-2.0,0.17880673706531525,0.1289883852005005,0.0884854644536972,0.09420821070671082,0.04981835186481476,0.0700698122382164
b8,b7,4,0,self-doubt / encouragement,2.0,2.0,0.07327015697956085,0.1289883852005005,0.0862901359796524,0.09420821070671082,-0.055718228220939636,-0.034369103610515594
b8,b7,4,1,frustration / despair,-2.0,-2.0,0.07309400290250778,0.04570547491312027,0.07965172827243805,0.08754955232143402,-0.006557725369930267,0.010415401309728622
b8,b7,4,1,frustration / despair,-2.0,2.0,0.07779905945062637,0.04570547491312027,0.05181417614221573,0.08754955232143402,0.025984883308410645,0.029039233922958374
b8,b7,4,1,frustration / despair,2.0,-2.0,0.09538658708333969,0.11386729031801224,0.07965172827243805,0.08754955232143402,-0.018480703234672546,-0.0013729222118854523
b8,b7,4,1,frustration / despair,2.0,2.0,0.0559861920773983,0.11386729031801224,0.05181417614221573,0.08754955232143402,-0.05788109824061394,-0.026854541152715683
b8,b7,4,2,uncertainty / indecision,-2.0,-2.0,0.1596439629793167,0.12497927248477936,0.18687061965465546,0.17504476010799408,-0.027226656675338745,0.003719016909599304
b8,b7,4,2,uncertainty / indecision,-2.0,2.0,0.14857788383960724,0.12497927248477936,0.15818533301353455,0.17504476010799408,-0.009607449173927307,0.006995581090450287
b8,b7,4,2,uncertainty / indecision,2.0,-2.0,0.1953919529914856,0.17867295444011688,0.18687061965465546,0.17504476010799408,0.00852133333683014,0.012620165944099426
b8,b7,4,2,uncertainty / indecision,2.0,2.0,0.11698323488235474,0.17867295444011688,0.15818533301353455,0.17504476010799408,-0.061689719557762146,-0.05144590884447098
b8,b7,4,3,romantic idealism,-2.0,-2.0,0.010397838428616524,0.04601950943470001,0.09047989547252655,0.07784955948591232,-0.08008205704391003,-0.05785186402499676
b8,b7,4,3,romantic idealism,-2.0,2.0,0.06730755418539047,0.04601950943470001,0.05273836478590965,0.07784955948591232,0.01456918939948082,0.01792861707508564
b8,b7,4,3,romantic idealism,2.0,-2.0,0.18753521144390106,0.10221532732248306,0.09047989547252655,0.07784955948591232,0.085319884121418,0.09118760004639626
b8,b7,4,3,romantic idealism,2.0,2.0,0.030159981921315193,0.10221532732248306,0.05273836478590965,0.07784955948591232,-0.07205534540116787,-0.047316864132881165
b8,b7,4,4,academic ambition / competitive determination,-2.0,-2.0,0.06833615154027939,0.054481975734233856,0.15108202397823334,0.1761026680469513,-0.08274587243795395,-0.03444584831595421
b8,b7,4,4,academic ambition / competitive determination,-2.0,2.0,0.06287684291601181,0.054481975734233856,0.07900828868150711,0.1761026680469513,-0.0161314457654953,-0.003868289291858673
b8,b7,4,4,academic ambition / competitive determination,2.0,-2.0,0.09001991152763367,0.1984965205192566,0.15108202397823334,0.1761026680469513,-0.10847660899162292,-0.0847693607211113
b8,b7,4,4,academic ambition / competitive determination,2.0,2.0,0.07020197063684464,0.1984965205192566,0.07900828868150711,0.1761026680469513,-0.12829454988241196,-0.06855043396353722
b8,b7,4,5,ironic amusement,-2.0,-2.0,0.06819351017475128,0.025670306757092476,0.04138271138072014,0.047947339713573456,0.026810798794031143,0.034667001105844975
b8,b7,4,5,ironic amusement,-2.0,2.0,0.03402078151702881,0.025670306757092476,0.024188557639718056,0.047947339713573456,0.008350474759936333,0.009091349318623543
b8,b7,4,5,ironic amusement,2.0,-2.0,0.18211349844932556,0.09214634448289871,0.04138271138072014,0.047947339713573456,0.08996715396642685,0.11534897051751614
b8,b7,4,5,ironic amusement,2.0,2.0,0.0587368905544281,0.09214634448289871,0.024188557639718056,0.047947339713573456,-0.03340945392847061,0.0005694394931197166
b8,b7,4,6,enthusiasm / curiosity,-2.0,-2.0,0.10424518585205078,0.06674419343471527,0.09986232966184616,0.12140345573425293,0.00438285619020462,0.020941924303770065
b8,b7,4,6,enthusiasm / curiosity,-2.0,2.0,0.15732532739639282,0.06674419343471527,0.09061410278081894,0.12140345573425293,0.06671122461557388,0.07864617928862572
b8,b7,4,6,enthusiasm / curiosity,2.0,-2.0,0.2772631347179413,0.17411231994628906,0.09986232966184616,0.12140345573425293,0.10315081477165222,0.14027580991387367
b8,b7,4,6,enthusiasm / curiosity,2.0,2.0,0.10145588219165802,0.17411231994628906,0.09061410278081894,0.12140345573425293,-0.07265643775463104,-0.03090732917189598
b8,b7,5,0,self-doubt / encouragement,-2.0,-2.0,0.18308138847351074,0.11426229029893875,0.1120261400938034,0.26054656505584717,0.06881909817457199,0.06993717327713966
b8,b7,5,0,self-doubt / encouragement,-2.0,2.0,0.21367955207824707,0.11426229029893875,0.1693209856748581,0.26054656505584717,0.04435856640338898,0.07188791409134865
b8,b7,5,0,self-doubt / encouragement,2.0,-2.0,0.13718484342098236,0.10486128181219101,0.1120261400938034,0.26054656505584717,0.025158703327178955,0.028741132467985153
b8,b7,5,0,self-doubt / encouragement,2.0,2.0,0.2205563187599182,0.10486128181219101,0.1693209856748581,0.26054656505584717,0.05123533308506012,0.08346518501639366
b8,b7,5,1,frustration / despair,-2.0,-2.0,0.11457479000091553,0.11346548795700073,0.07193301618099213,0.18212664127349854,0.001109302043914795,0.021875537931919098
b8,b7,5,1,frustration / despair,-2.0,2.0,0.21752002835273743,0.11346548795700073,0.13910695910453796,0.18212664127349854,0.07841306924819946,0.09123380482196808
b8,b7,5,1,frustration / despair,2.0,-2.0,0.07708688080310822,0.08628282696008682,0.07193301618099213,0.18212664127349854,-0.009195946156978607,-0.002021040767431259
b8,b7,5,1,frustration / despair,2.0,2.0,0.17441286146640778,0.08628282696008682,0.13910695910453796,0.18212664127349854,0.03530590236186981,0.06171796843409538
b8,b7,5,2,uncertainty / indecision,-2.0,-2.0,0.21075120568275452,0.17378108203411102,0.1904410570859909,0.3255496919155121,0.02031014859676361,0.028640136122703552
b8,b7,5,2,uncertainty / indecision,-2.0,2.0,0.29723867774009705,0.17378108203411102,0.2397603988647461,0.3255496919155121,0.05747827887535095,0.09046793729066849
b8,b7,5,2,uncertainty / indecision,2.0,-2.0,0.2142634093761444,0.11422807723283768,0.1904410570859909,0.3255496919155121,0.023822352290153503,0.06192884221673012
b8,b7,5,2,uncertainty / indecision,2.0,2.0,0.2795397639274597,0.11422807723283768,0.2397603988647461,0.3255496919155121,0.03977936506271362,0.10254552587866783
b8,b7,5,3,romantic idealism,-2.0,-2.0,0.025984100997447968,-0.005219525657594204,0.007918537594377995,0.07387951016426086,0.018065563403069973,0.024634595029056072
b8,b7,5,3,romantic idealism,-2.0,2.0,0.06279224902391434,-0.005219525657594204,0.05043523758649826,0.07387951016426086,0.012357011437416077,0.04018439305946231
b8,b7,5,3,romantic idealism,2.0,-2.0,0.03709283471107483,0.006559188477694988,0.007918537594377995,0.07387951016426086,0.029174297116696835,0.029853971675038338
b8,b7,5,3,romantic idealism,2.0,2.0,0.07602338492870331,0.006559188477694988,0.05043523758649826,0.07387951016426086,0.025588147342205048,0.047526171896606684
b8,b7,5,4,academic ambition / competitive determination,-2.0,-2.0,0.14248670637607574,0.080429807305336,0.08295275270938873,0.2368575632572174,0.05953395366668701,0.06079542636871338
b8,b7,5,4,academic ambition / competitive determination,-2.0,2.0,0.18883773684501648,0.080429807305336,0.17974646389484406,0.2368575632572174,0.009091272950172424,0.05874960124492645
b8,b7,5,4,academic ambition / competitive determination,2.0,-2.0,0.11439453810453415,0.05926906690001488,0.08295275270938873,0.2368575632572174,0.031441785395145416,0.043283628299832344
b8,b7,5,4,academic ambition / competitive determination,2.0,2.0,0.19046257436275482,0.05926906690001488,0.17974646389484406,0.2368575632572174,0.010716110467910767,0.07095480896532536
b8,b7,5,5,ironic amusement,-2.0,-2.0,0.14468565583229065,0.13298432528972626,0.09222517907619476,0.12938886880874634,0.011701330542564392,0.03208090364933014
b8,b7,5,5,ironic amusement,-2.0,2.0,0.1251722127199173,0.13298432528972626,0.09276379644870758,0.12938886880874634,-0.00781211256980896,0.012298151850700378
b8,b7,5,5,ironic amusement,2.0,-2.0,0.08673315495252609,0.08419515937566757,0.09222517907619476,0.12938886880874634,-0.005492024123668671,-0.001477014273405075
b8,b7,5,5,ironic amusement,2.0,2.0,0.10798288136720657,0.08419515937566757,0.09276379644870758,0.12938886880874634,0.015219084918498993,0.019503403455018997
b8,b7,5,6,enthusiasm / curiosity,-2.0,-2.0,0.20567291975021362,0.19673021137714386,0.13151036202907562,0.24974477291107178,0.008942708373069763,0.04155263304710388
b8,b7,5,6,enthusiasm / curiosity,-2.0,2.0,0.20604465901851654,0.19673021137714386,0.16236715018749237,0.24974477291107178,0.00931444764137268,0.026495978236198425
b8,b7,5,6,enthusiasm / curiosity,2.0,-2.0,0.15476542711257935,0.12651023268699646,0.13151036202907562,0.24974477291107178,0.023255065083503723,0.025755129754543304
b8,b7,5,6,enthusiasm / curiosity,2.0,2.0,0.2617810368537903,0.12651023268699646,0.16236715018749237,0.24974477291107178,0.09941388666629791,0.11734234541654587
b8,b7,6,0,self-doubt / encouragement,-2.0,-2.0,0.1443375051021576,0.14527255296707153,0.03895840421319008,0.05740978196263313,-0.0009350478649139404,0.05222202651202679
b8,b7,6,0,self-doubt / encouragement,-2.0,2.0,0.07967580109834671,0.14527255296707153,0.0654270127415657,0.05740978196263313,-0.06559675186872482,-0.02567398175597191
b8,b7,6,0,self-doubt / encouragement,2.0,-2.0,0.08637260645627975,0.1567080318927765,0.03895840421319008,0.05740978196263313,-0.07033542543649673,-0.01146061159670353
b8,b7,6,0,self-doubt / encouragement,2.0,2.0,0.12052194029092789,0.1567080318927765,0.0654270127415657,0.05740978196263313,-0.0361860916018486,0.00945441797375679
b8,b7,6,1,frustration / despair,-2.0,-2.0,0.06212567538022995,0.10422153025865555,0.04877909645438194,0.018406767398118973,-0.0420958548784256,-0.014374637976288795
b8,b7,6,1,frustration / despair,-2.0,2.0,0.056313320994377136,0.10422153025865555,0.04839959368109703,0.018406767398118973,-0.04790820926427841,-0.019997240975499153
b8,b7,6,1,frustration / despair,2.0,-2.0,0.07640404254198074,0.125746950507164,0.04877909645438194,0.018406767398118973,-0.04934290796518326,-0.010858980938792229
b8,b7,6,1,frustration / despair,2.0,2.0,0.13150683045387268,0.125746950507164,0.04839959368109703,0.018406767398118973,0.005759879946708679,0.044433558359742165
b8,b7,6,2,uncertainty / indecision,-2.0,-2.0,0.11603855341672897,0.14784620702266693,0.1182529553771019,0.05222403258085251,-0.03180765360593796,-0.01701102778315544
b8,b7,6,2,uncertainty / indecision,-2.0,2.0,0.14320535957813263,0.14784620702266693,0.07963992655277252,0.05222403258085251,-0.004640847444534302,0.029462292790412903
b8,b7,6,2,uncertainty / indecision,2.0,-2.0,0.07753445208072662,0.11937661468982697,0.1182529553771019,0.05222403258085251,-0.04184216260910034,-0.04128033295273781
b8,b7,6,2,uncertainty / indecision,2.0,2.0,0.14564239978790283,0.11937661468982697,0.07963992655277252,0.05222403258085251,0.026265785098075867,0.04613412916660309
b8,b7,6,3,romantic idealism,-2.0,-2.0,0.05943172425031662,0.009457504376769066,0.09420420974493027,-0.0029037646017968655,-0.03477248549461365,0.007600867189466953
b8,b7,6,3,romantic idealism,-2.0,2.0,-0.03458626568317413,0.009457504376769066,0.021255433559417725,-0.0029037646017968655,-0.05584169924259186,-0.04994273465126753
b8,b7,6,3,romantic idealism,2.0,-2.0,-0.04499620571732521,0.06698072701692581,0.09420420974493027,-0.0029037646017968655,-0.13920041546225548,-0.12558867409825325
b8,b7,6,3,romantic idealism,2.0,2.0,0.02337350696325302,0.06698072701692581,0.021255433559417725,-0.0029037646017968655,-0.04360722005367279,-0.020744573324918747
b8,b7,6,4,academic ambition / competitive determination,-2.0,-2.0,0.051809992641210556,0.031240589916706085,0.10788899660110474,0.0654359757900238,-0.05607900395989418,-0.017754800617694855
b8,b7,6,4,academic ambition / competitive determination,-2.0,2.0,0.04980464652180672,0.031240589916706085,0.005208744667470455,0.0654359757900238,0.01856405660510063,0.03157997922971845
b8,b7,6,4,academic ambition / competitive determination,2.0,-2.0,0.09802491962909698,0.12333135306835175,0.10788899660110474,0.0654359757900238,-0.02530643343925476,-0.017585255205631256
b8,b7,6,4,academic ambition / competitive determination,2.0,2.0,0.13263215124607086,0.12333135306835175,0.005208744667470455,0.0654359757900238,0.009300798177719116,0.06836210237815976
b8,b7,6,5,ironic amusement,-2.0,-2.0,0.12393821775913239,0.1077081561088562,0.049265824258327484,0.11782681196928024,0.016230061650276184,0.04545122757554054
b8,b7,6,5,ironic amusement,-2.0,2.0,0.04262964054942131,0.1077081561088562,0.07559096813201904,0.11782681196928024,-0.06507851555943489,-0.04901992157101631
b8,b7,6,5,ironic amusement,2.0,-2.0,0.09838469326496124,0.10159704089164734,0.049265824258327484,0.11782681196928024,-0.003212347626686096,0.02295326068997383
b8,b7,6,5,ironic amusement,2.0,2.0,0.07306793332099915,0.10159704089164734,0.07559096813201904,0.11782681196928024,-0.028529107570648193,-0.015526071190834045
b8,b7,6,6,enthusiasm / curiosity,-2.0,-2.0,0.17355835437774658,0.17422625422477722,0.11503009498119354,0.07693412899971008,-0.0006678998470306396,0.0289301797747612
b8,b7,6,6,enthusiasm / curiosity,-2.0,2.0,0.12205781787633896,0.17422625422477722,0.11723041534423828,0.07693412899971008,-0.05216843634843826,-0.023670516908168793
b8,b7,6,6,enthusiasm / curiosity,2.0,-2.0,0.13269677758216858,0.17048297822475433,0.11503009498119354,0.07693412899971008,-0.037786200642585754,-0.010059759020805359
b8,b7,6,6,enthusiasm / curiosity,2.0,2.0,0.14164742827415466,0.17048297822475433,0.11723041534423828,0.07693412899971008,-0.02883554995059967,-0.0022092685103416443
b8,b7,7,0,self-doubt / encouragement,-2.0,-2.0,0.2939532399177551,0.2939532399177551,0.24030925333499908,0.2342257797718048,0.0,0.02682199329137802
b8,b7,7,0,self-doubt / encouragement,-2.0,2.0,0.2939532399177551,0.2939532399177551,0.21295548975467682,0.2342257797718048,0.0,0.040498875081539154
b8,b7,7,0,self-doubt / encouragement,2.0,-2.0,0.19781644642353058,0.19332724809646606,0.24030925333499908,0.2342257797718048,-0.042492806911468506,-0.019001804292201996
b8,b7,7,0,self-doubt / encouragement,2.0,2.0,0.21295548975467682,0.19332724809646606,0.21295548975467682,0.2342257797718048,0.0,0.009814120829105377
b8,b7,7,1,frustration / despair,-2.0,-2.0,0.34492677450180054,0.34492677450180054,0.1962185502052307,0.17508135735988617,0.0,0.07435411214828491
b8,b7,7,1,frustration / despair,-2.0,2.0,0.34492677450180054,0.34492677450180054,0.18054574728012085,0.17508135735988617,0.0,0.08219051361083984
b8,b7,7,1,frustration / despair,2.0,-2.0,0.09053600579500198,0.12286601960659027,0.1962185502052307,0.17508135735988617,-0.10568254441022873,-0.06900627911090851
b8,b7,7,1,frustration / despair,2.0,2.0,0.18054574728012085,0.12286601960659027,0.18054574728012085,0.17508135735988617,0.0,0.02883986383676529
b8,b7,7,2,uncertainty / indecision,-2.0,-2.0,0.39835917949676514,0.39835917949676514,0.25233325362205505,0.23823431134223938,0.0,0.07301296293735504
b8,b7,7,2,uncertainty / indecision,-2.0,2.0,0.39835917949676514,0.39835917949676514,0.26575806736946106,0.23823431134223938,0.0,0.06630055606365204
b8,b7,7,2,uncertainty / indecision,2.0,-2.0,0.14727196097373962,0.15852263569831848,0.25233325362205505,0.23823431134223938,-0.10506129264831543,-0.058155983686447144
b8,b7,7,2,uncertainty / indecision,2.0,2.0,0.26575806736946106,0.15852263569831848,0.26575806736946106,0.23823431134223938,0.0,0.05361771583557129
b8,b7,7,3,romantic idealism,-2.0,-2.0,0.17481476068496704,0.17481476068496704,0.060705844312906265,0.04392537847161293,0.0,0.05705445818603039
b8,b7,7,3,romantic idealism,-2.0,2.0,0.17481476068496704,0.17481476068496704,0.086546890437603,0.04392537847161293,0.0,0.04413393512368202
b8,b7,7,3,romantic idealism,2.0,-2.0,0.03478427976369858,0.044983431696891785,0.060705844312906265,0.04392537847161293,-0.025921564549207687,-0.018060358241200447
b8,b7,7,3,romantic idealism,2.0,2.0,0.086546890437603,0.044983431696891785,0.086546890437603,0.04392537847161293,0.0,0.020781729370355606
b8,b7,7,4,academic ambition / competitive determination,-2.0,-2.0,0.28996434807777405,0.28996434807777405,0.10722667723894119,0.09754790365695953,0.0,0.09136883541941643
b8,b7,7,4,academic ambition / competitive determination,-2.0,2.0,0.28996434807777405,0.28996434807777405,0.11707253009080887,0.09754790365695953,0.0,0.08644590899348259
b8,b7,7,4,academic ambition / competitive determination,2.0,-2.0,0.054893601685762405,0.01148831658065319,0.10722667723894119,0.09754790365695953,-0.05233307555317879,-0.004463895224034786
b8,b7,7,4,academic ambition / competitive determination,2.0,2.0,0.11707253009080887,0.01148831658065319,0.11707253009080887,0.09754790365695953,0.0,0.05279210675507784
b8,b7,7,5,ironic amusement,-2.0,-2.0,0.28677278757095337,0.28677278757095337,0.16436317563056946,0.16570064425468445,0.0,0.061204805970191956
b8,b7,7,5,ironic amusement,-2.0,2.0,0.28677278757095337,0.28677278757095337,0.1783708781003952,0.16570064425468445,0.0,0.05420095473527908
b8,b7,7,5,ironic amusement,2.0,-2.0,0.08901596069335938,0.10403907299041748,0.16436317563056946,0.16570064425468445,-0.07534721493721008,-0.045185163617134094
b8,b7,7,5,ironic amusement,2.0,2.0,0.1783708781003952,0.10403907299041748,0.1783708781003952,0.16570064425468445,0.0,0.03716590255498886
b8,b7,7,6,enthusiasm / curiosity,-2.0,-2.0,0.3337187170982361,0.3337187170982361,0.21844615042209625,0.21325509250164032,0.0,0.057636283338069916
b8,b7,7,6,enthusiasm / curiosity,-2.0,2.0,0.3337187170982361,0.3337187170982361,0.16869278252124786,0.21325509250164032,0.0,0.08251296728849411
b8,b7,7,6,enthusiasm / curiosity,2.0,-2.0,0.15213671326637268,0.1628541350364685,0.21844615042209625,0.21325509250164032,-0.06630943715572357,-0.0385134294629097
b8,b7,7,6,enthusiasm / curiosity,2.0,2.0,0.16869278252124786,0.1628541350364685,0.16869278252124786,0.21325509250164032,0.0,0.002919323742389679
