cat_a,cat_b,prompt_id,cluster_id,cluster_name,alpha,beta,cos_joint,cos_marg_a,cos_marg_b,cos_baseline,joint_minus_marg_max,joint_minus_marg_avg
b1,b11,0,0,self-doubt / encouragement,-2.0,-2.0,0.2541624903678894,0.22355343401432037,0.11301782727241516,0.2579997777938843,0.03060905635356903,0.08587685972452164
b1,b11,0,0,self-doubt / encouragement,-2.0,2.0,0.11249619722366333,0.22355343401432037,0.1447521448135376,0.2579997777938843,-0.11105723679065704,-0.07165659219026566
b1,b11,0,0,self-doubt / encouragement,2.0,-2.0,0.12508831918239594,0.2425605058670044,0.11301782727241516,0.2579997777938843,-0.11747218668460846,-0.05270084738731384
b1,b11,0,0,self-doubt / encouragement,2.0,2.0,0.18722409009933472,0.2425605058670044,0.1447521448135376,0.2579997777938843,-0.05533641576766968,-0.006432235240936279
b1,b11,0,1,frustration / despair,-2.0,-2.0,0.14027322828769684,0.12071087956428528,0.1391116827726364,0.1789245754480362,0.0011615455150604248,0.010361947119235992
b1,b11,0,1,frustration / despair,-2.0,2.0,0.055743761360645294,0.12071087956428528,0.14381548762321472,0.1789245754480362,-0.08807172626256943,-0.0765194222331047
b1,b11,0,1,frustration / despair,2.0,-2.0,0.09660691022872925,0.15465828776359558,0.1391116827726364,0.1789245754480362,-0.05805137753486633,-0.05027807503938675
b1,b11,0,1,frustration / despair,2.0,2.0,0.1399107575416565,0.15465828776359558,0.14381548762321472,0.1789245754480362,-0.014747530221939087,-0.009326130151748657
b1,b11,0,2,uncertainty / indecision,-2.0,-2.0,0.18803171813488007,0.18830259144306183,0.14491698145866394,0.29380178451538086,-0.0002708733081817627,0.02142193168401718
b1,b11,0,2,uncertainty / indecision,-2.0,2.0,0.19742555916309357,0.18830259144306183,0.22935950756072998,0.29380178451538086,-0.031933948397636414,-0.011405490338802338
b1,b11,0,2,uncertainty / indecision,2.0,-2.0,0.12496494501829147,0.22024334967136383,0.14491698145866394,0.29380178451538086,-0.09527840465307236,-0.05761522054672241
b1,b11,0,2,uncertainty / indecision,2.0,2.0,0.17438441514968872,0.22024334967136383,0.22935950756072998,0.29380178451538086,-0.05497509241104126,-0.050417013466358185
b1,b11,0,3,romantic idealism,-2.0,-2.0,0.19714879989624023,0.10849423706531525,0.10341130197048187,0.09819807857275009,0.08865456283092499,0.09119603037834167
b1,b11,0,3,romantic idealism,-2.0,2.0,0.026574838906526566,0.10849423706531525,0.021545419469475746,0.09819807857275009,-0.08191939815878868,-0.03844498936086893
b1,b11,0,3,romantic idealism,2.0,-2.0,0.04280034452676773,0.004330373369157314,0.10341130197048187,0.09819807857275009,-0.06061095744371414,-0.011070493143051863
b1,b11,0,3,romantic idealism,2.0,2.0,0.0014354605227708817,0.004330373369157314,0.021545419469475746,0.09819807857275009,-0.020109958946704865,-0.011502435896545649
b1,b11,0,4,academic ambition / competitive determination,-2.0,-2.0,0.0969182550907135,0.11352430284023285,0.07653679698705673,0.12983283400535583,-0.016606047749519348,0.0018877051770687103
b1,b11,0,4,academic ambition / competitive determination,-2.0,2.0,0.0698990747332573,0.11352430284023285,0.03326103463768959,0.12983283400535583,-0.043625228106975555,-0.003493594005703926
b1,b11,0,4,academic ambition / competitive determination,2.0,-2.0,0.05645545944571495,0.1317223310470581,0.07653679698705673,0.12983283400535583,-0.07526687160134315,-0.04767410457134247
b1,b11,0,4,academic ambition / competitive determination,2.0,2.0,0.11081592738628387,0.1317223310470581,0.03326103463768959,0.12983283400535583,-0.02090640366077423,0.028324244543910027
b1,b11,0,5,ironic amusement,-2.0,-2.0,0.17211806774139404,0.1180473193526268,0.11113720387220383,0.1419805884361267,0.05407074838876724,0.05752580612897873
b1,b11,0,5,ironic amusement,-2.0,2.0,0.12622207403182983,0.1180473193526268,0.12701818346977234,0.1419805884361267,-0.0007961094379425049,0.0036893226206302643
b1,b11,0,5,ironic amusement,2.0,-2.0,0.12857218086719513,0.21090656518936157,0.11113720387220383,0.1419805884361267,-0.08233438432216644,-0.03244970366358757
b1,b11,0,5,ironic amusement,2.0,2.0,0.15337881445884705,0.21090656518936157,0.12701818346977234,0.1419805884361267,-0.057527750730514526,-0.01558355987071991
b1,b11,0,6,enthusiasm / curiosity,-2.0,-2.0,0.17145948112010956,0.16793207824230194,0.15219640731811523,0.18679827451705933,0.003527402877807617,0.01139523833990097
b1,b11,0,6,enthusiasm / curiosity,-2.0,2.0,0.1511904001235962,0.16793207824230194,0.14662650227546692,0.18679827451705933,-0.01674167811870575,-0.0060888901352882385
b1,b11,0,6,enthusiasm / curiosity,2.0,-2.0,0.14909154176712036,0.28100040555000305,0.15219640731811523,0.18679827451705933,-0.1319088637828827,-0.06750686466693878
b1,b11,0,6,enthusiasm / curiosity,2.0,2.0,0.15291240811347961,0.28100040555000305,0.14662650227546692,0.18679827451705933,-0.12808799743652344,-0.06090104579925537
b1,b11,1,0,self-doubt / encouragement,-2.0,-2.0,0.07133655250072479,0.08746439218521118,0.12338859587907791,0.08845274150371552,-0.05205204337835312,-0.034089941531419754
b1,b11,1,0,self-doubt / encouragement,-2.0,2.0,0.10055297613143921,0.08746439218521118,0.08105706423521042,0.08845274150371552,0.013088583946228027,0.01629224792122841
b1,b11,1,0,self-doubt / encouragement,2.0,-2.0,0.14088816940784454,0.16069795191287994,0.12338859587907791,0.08845274150371552,-0.0198097825050354,-0.0011551044881343842
b1,b11,1,0,self-doubt / encouragement,2.0,2.0,0.19640405476093292,0.16069795191287994,0.08105706423521042,0.08845274150371552,0.03570610284805298,0.07552654668688774
b1,b11,1,1,frustration / despair,-2.0,-2.0,0.11366166174411774,0.08770052343606949,0.0964682325720787,0.12093593180179596,0.017193429172039032,0.02157728374004364
b1,b11,1,1,frustration / despair,-2.0,2.0,0.1369256228208542,0.08770052343606949,0.05911119282245636,0.12093593180179596,0.0492250993847847,0.06351976469159126
b1,b11,1,1,frustration / despair,2.0,-2.0,0.1488928347826004,0.15840281546115875,0.0964682325720787,0.12093593180179596,-0.00950998067855835,0.021457310765981674
b1,b11,1,1,frustration / despair,2.0,2.0,0.156819686293602,0.15840281546115875,0.05911119282245636,0.12093593180179596,-0.0015831291675567627,0.048062682151794434
b1,b11,1,2,uncertainty / indecision,-2.0,-2.0,0.1384688913822174,0.16062960028648376,0.14652307331562042,0.15784244239330292,-0.022160708904266357,-0.015107445418834686
b1,b11,1,2,uncertainty / indecision,-2.0,2.0,0.13128890097141266,0.16062960028648376,0.11984172463417053,0.15784244239330292,-0.029340699315071106,-0.00894676148891449
b1,b11,1,2,uncertainty / indecision,2.0,-2.0,0.17363008856773376,0.18827806413173676,0.14652307331562042,0.15784244239330292,-0.01464797556400299,0.006229519844055176
b1,b11,1,2,uncertainty / indecision,2.0,2.0,0.24167469143867493,0.18827806413173676,0.11984172463417053,0.15784244239330292,0.05339662730693817,0.08761479705572128
b1,b11,1,3,romantic idealism,-2.0,-2.0,0.0023605867754667997,-0.010361507534980774,0.058687858283519745,-0.00678758230060339,-0.056327271508052945,-0.021802588598802686
b1,b11,1,3,romantic idealism,-2.0,2.0,0.022612735629081726,-0.010361507534980774,0.0789550393819809,-0.00678758230060339,-0.05634230375289917,-0.011684030294418335
b1,b11,1,3,romantic idealism,2.0,-2.0,0.049350105226039886,0.10029228776693344,0.058687858283519745,-0.00678758230060339,-0.050942182540893555,-0.030139967799186707
b1,b11,1,3,romantic idealism,2.0,2.0,0.06088794395327568,0.10029228776693344,0.0789550393819809,-0.00678758230060339,-0.03940434381365776,-0.028735719621181488
b1,b11,1,4,academic ambition / competitive determination,-2.0,-2.0,0.03800182789564133,0.11793409287929535,0.04753349348902702,0.07019902020692825,-0.07993226498365402,-0.04473196528851986
b1,b11,1,4,academic ambition / competitive determination,-2.0,2.0,0.03798013925552368,0.11793409287929535,0.07504701614379883,0.07019902020692825,-0.07995395362377167,-0.05851041525602341
b1,b11,1,4,academic ambition / competitive determination,2.0,-2.0,0.09866994619369507,0.0666499212384224,0.04753349348902702,0.07019902020692825,0.032020024955272675,0.04157823882997036
b1,b11,1,4,academic ambition / competitive determination,2.0,2.0,0.13987676799297333,0.0666499212384224,0.07504701614379883,0.07019902020692825,0.0648297518491745,0.06902829930186272
b1,b11,1,5,ironic amusement,-2.0,-2.0,0.05659253150224686,0.08537258207798004,0.14756907522678375,0.11188811808824539,-0.0909765437245369,-0.05987829715013504
b1,b11,1,5,ironic amusement,-2.0,2.0,0.05123642832040787,0.08537258207798004,0.1284506618976593,0.11188811808824539,-0.07721423357725143,-0.055675193667411804
b1,b11,1,5,ironic amusement,2.0,-2.0,0.10608218610286713,0.1281481683254242,0.14756907522678375,0.11188811808824539,-0.041486889123916626,-0.03177643567323685
b1,b11,1,5,ironic amusement,2.0,2.0,0.16657570004463196,0.1281481683254242,0.1284506618976593,0.11188811808824539,0.038125038146972656,0.03827628493309021
b1,b11,1,6,enthusiasm / curiosity,-2.0,-2.0,0.08321614563465118,0.12722817063331604,0.11722950637340546,0.10050353407859802,-0.044012024998664856,-0.039012692868709564
b1,b11,1,6,enthusiasm / curiosity,-2.0,2.0,0.12040844559669495,0.12722817063331604,0.13541898131370544,0.10050353407859802,-0.015010535717010498,-0.010915130376815796
b1,b11,1,6,enthusiasm / curiosity,2.0,-2.0,0.204816997051239,0.19893519580364227,0.11722950637340546,0.10050353407859802,0.005881801247596741,0.04673464596271515
b1,b11,1,6,enthusiasm / curiosity,2.0,2.0,0.23948919773101807,0.19893519580364227,0.13541898131370544,0.10050353407859802,0.04055400192737579,0.07231210917234421
b1,b11,2,0,self-doubt / encouragement,-2.0,-2.0,0.2560352087020874,0.17798173427581787,0.10015912353992462,0.11809313297271729,0.07805347442626953,0.11696477979421616
b1,b11,2,0,self-doubt / encouragement,-2.0,2.0,0.09828456491231918,0.17798173427581787,0.11178887635469437,0.11809313297271729,-0.07969716936349869,-0.046600740402936935
b1,b11,2,0,self-doubt / encouragement,2.0,-2.0,0.09022797644138336,0.15914854407310486,0.10015912353992462,0.11809313297271729,-0.0689205676317215,-0.03942585736513138
b1,b11,2,0,self-doubt / encouragement,2.0,2.0,0.16536955535411835,0.15914854407310486,0.11178887635469437,0.11809313297271729,0.006221011281013489,0.029900845140218735
b1,b11,2,1,frustration / despair,-2.0,-2.0,0.11325839906930923,0.06529410183429718,0.08625750243663788,0.08123224973678589,0.027000896632671356,0.037482596933841705
b1,b11,2,1,frustration / despair,-2.0,2.0,0.06764860451221466,0.06529410183429718,0.08477623015642166,0.08123224973678589,-0.017127625644207,-0.00738656148314476
b1,b11,2,1,frustration / despair,2.0,-2.0,0.06772220879793167,0.14625652134418488,0.08625750243663788,0.08123224973678589,-0.0785343125462532,-0.048534803092479706
b1,b11,2,1,frustration / despair,2.0,2.0,0.0873129591345787,0.14625652134418488,0.08477623015642166,0.08123224973678589,-0.05894356220960617,-0.028203416615724564
b1,b11,2,2,uncertainty / indecision,-2.0,-2.0,0.1770266592502594,0.11261283606290817,0.10923343151807785,0.16279290616512299,0.06441382318735123,0.06610352545976639
b1,b11,2,2,uncertainty / indecision,-2.0,2.0,0.09375476837158203,0.11261283606290817,0.07185048609972,0.16279290616512299,-0.01885806769132614,0.0015231072902679443
b1,b11,2,2,uncertainty / indecision,2.0,-2.0,0.06869050115346909,0.16736575961112976,0.10923343151807785,0.16279290616512299,-0.09867525845766068,-0.06960909441113472
b1,b11,2,2,uncertainty / indecision,2.0,2.0,0.14016059041023254,0.16736575961112976,0.07185048609972,0.16279290616512299,-0.027205169200897217,0.020552467554807663
b1,b11,2,3,romantic idealism,-2.0,-2.0,0.19367282092571259,0.1506270468235016,0.00604932801797986,0.0818898156285286,0.043045774102211,0.11533463350497186
b1,b11,2,3,romantic idealism,-2.0,2.0,0.032635413110256195,0.1506270468235016,0.08511638641357422,0.0818898156285286,-0.11799163371324539,-0.08523630350828171
b1,b11,2,3,romantic idealism,2.0,-2.0,0.049578677862882614,0.163497194647789,0.00604932801797986,0.0818898156285286,-0.11391851678490639,-0.03519458347000182
b1,b11,2,3,romantic idealism,2.0,2.0,0.1150708794593811,0.163497194647789,0.08511638641357422,0.0818898156285286,-0.0484263151884079,-0.009235911071300507
b1,b11,2,4,academic ambition / competitive determination,-2.0,-2.0,0.1087871864438057,0.09845227748155594,0.05789452791213989,0.2249232828617096,0.010334908962249756,0.03061378374695778
b1,b11,2,4,academic ambition / competitive determination,-2.0,2.0,0.06085558235645294,0.09845227748155594,0.008392509073019028,0.2249232828617096,-0.037596695125103,0.007433189079165459
b1,b11,2,4,academic ambition / competitive determination,2.0,-2.0,0.05075787380337715,0.12637928128242493,0.05789452791213989,0.2249232828617096,-0.07562140747904778,-0.04137903079390526
b1,b11,2,4,academic ambition / competitive determination,2.0,2.0,0.06893204152584076,0.12637928128242493,0.008392509073019028,0.2249232828617096,-0.05744723975658417,0.001546146348118782
b1,b11,2,5,ironic amusement,-2.0,-2.0,0.14362549781799316,0.1750442385673523,0.034948788583278656,0.07563547044992447,-0.03141874074935913,0.03862898424267769
b1,b11,2,5,ironic amusement,-2.0,2.0,0.020224889740347862,0.1750442385673523,0.02872142195701599,0.07563547044992447,-0.15481934882700443,-0.08165794052183628
b1,b11,2,5,ironic amusement,2.0,-2.0,0.06235214322805405,0.04855099692940712,0.034948788583278656,0.07563547044992447,0.013801146298646927,0.02060225047171116
b1,b11,2,5,ironic amusement,2.0,2.0,0.05619244650006294,0.04855099692940712,0.02872142195701599,0.07563547044992447,0.007641449570655823,0.017556237056851387
b1,b11,2,6,enthusiasm / curiosity,-2.0,-2.0,0.250885546207428,0.2435978502035141,0.09441332519054413,0.16488325595855713,0.007287696003913879,0.08187995851039886
b1,b11,2,6,enthusiasm / curiosity,-2.0,2.0,0.08446374535560608,0.2435978502035141,0.07372453063726425,0.16488325595855713,-0.15913410484790802,-0.0741974450647831
b1,b11,2,6,enthusiasm / curiosity,2.0,-2.0,0.0850212350487709,0.15319666266441345,0.09441332519054413,0.16488325595855713,-0.06817542761564255,-0.038783758878707886
b1,b11,2,6,enthusiasm / curiosity,2.0,2.0,0.14396531879901886,0.15319666266441345,0.07372453063726425,0.16488325595855713,-0.009231343865394592,0.030504722148180008
b1,b11,3,0,self-doubt / encouragement,-2.0,-2.0,0.064234159886837,0.08638302236795425,0.05237164720892906,0.05243324488401413,-0.02214886248111725,-0.005143174901604652
b1,b11,3,0,self-doubt / encouragement,-2.0,2.0,0.1416916847229004,0.08638302236795425,0.15426474809646606,0.05243324488401413,-0.012573063373565674,0.02136779949069023
b1,b11,3,0,self-doubt / encouragement,2.0,-2.0,0.08771786093711853,0.10252458602190018,0.05237164720892906,0.05243324488401413,-0.014806725084781647,0.01026974432170391
b1,b11,3,0,self-doubt / encouragement,2.0,2.0,0.06191817298531532,0.10252458602190018,0.15426474809646606,0.05243324488401413,-0.09234657511115074,-0.0664764940738678
b1,b11,3,1,frustration / despair,-2.0,-2.0,0.1372937262058258,0.1201590895652771,0.06049089878797531,0.09356782585382462,0.017134636640548706,0.0469687320291996
b1,b11,3,1,frustration / despair,-2.0,2.0,0.13158848881721497,0.1201590895652771,0.13229341804981232,0.09356782585382462,-0.0007049292325973511,0.005362235009670258
b1,b11,3,1,frustration / despair,2.0,-2.0,0.06798452138900757,0.07760469615459442,0.06049089878797531,0.09356782585382462,-0.009620174765586853,-0.001063276082277298
b1,b11,3,1,frustration / despair,2.0,2.0,0.052243828773498535,0.07760469615459442,0.13229341804981232,0.09356782585382462,-0.08004958927631378,-0.052705228328704834
b1,b11,3,2,uncertainty / indecision,-2.0,-2.0,0.16352365911006927,0.14649426937103271,0.08554056286811829,0.12720690667629242,0.01702938973903656,0.047506242990493774
b1,b11,3,2,uncertainty / indecision,-2.0,2.0,0.19610533118247986,0.14649426937103271,0.18386581540107727,0.12720690667629242,0.012239515781402588,0.030925288796424866
b1,b11,3,2,uncertainty / indecision,2.0,-2.0,0.14811456203460693,0.14553608000278473,0.08554056286811829,0.12720690667629242,0.0025784820318222046,0.032576240599155426
b1,b11,3,2,uncertainty / indecision,2.0,2.0,0.14527207612991333,0.14553608000278473,0.18386581540107727,0.12720690667629242,-0.03859373927116394,-0.01942887157201767
b1,b11,3,3,romantic idealism,-2.0,-2.0,0.0481451079249382,0.08616459369659424,0.006282904651015997,0.030841806903481483,-0.038019485771656036,0.0019213587511330843
b1,b11,3,3,romantic idealism,-2.0,2.0,0.015499441884458065,0.08616459369659424,0.06291106343269348,0.030841806903481483,-0.07066515181213617,-0.059038386680185795
b1,b11,3,3,romantic idealism,2.0,-2.0,0.017416516318917274,-0.030971482396125793,0.006282904651015997,0.030841806903481483,0.011133611667901278,0.029760805191472173
b1,b11,3,3,romantic idealism,2.0,2.0,-0.004609561059623957,-0.030971482396125793,0.06291106343269348,0.030841806903481483,-0.06752062449231744,-0.0205793515779078
b1,b11,3,4,academic ambition / competitive determination,-2.0,-2.0,0.06987033039331436,0.07820557802915573,0.0682409256696701,0.05445351451635361,-0.00833524763584137,-0.0033529214560985565
b1,b11,3,4,academic ambition / competitive determination,-2.0,2.0,0.16097769141197205,0.07820557802915573,0.10097064822912216,0.05445351451635361,0.060007043182849884,0.0713895782828331
b1,b11,3,4,academic ambition / competitive determination,2.0,-2.0,0.06540282815694809,0.11818607151508331,0.0682409256696701,0.05445351451635361,-0.05278324335813522,-0.02781067043542862
b1,b11,3,4,academic ambition / competitive determination,2.0,2.0,0.05189913511276245,0.11818607151508331,0.10097064822912216,0.05445351451635361,-0.06628693640232086,-0.057679224759340286
b1,b11,3,5,ironic amusement,-2.0,-2.0,0.14422214031219482,0.10613270103931427,0.1128372997045517,0.11291592568159103,0.03138484060764313,0.03473713994026184
b1,b11,3,5,ironic amusement,-2.0,2.0,0.09824173897504807,0.10613270103931427,0.16547971963882446,0.11291592568159103,-0.0672379806637764,-0.0375644713640213
b1,b11,3,5,ironic amusement,2.0,-2.0,0.10578177124261856,0.12354355305433273,0.1128372997045517,0.11291592568159103,-0.017761781811714172,-0.012408655136823654
b1,b11,3,5,ironic amusement,2.0,2.0,0.09962613135576248,0.12354355305433273,0.16547971963882446,0.11291592568159103,-0.06585358828306198,-0.044885504990816116
b1,b11,3,6,enthusiasm / curiosity,-2.0,-2.0,0.12672698497772217,0.15268078446388245,0.14910870790481567,0.11533571034669876,-0.02595379948616028,-0.024167761206626892
b1,b11,3,6,enthusiasm / curiosity,-2.0,2.0,0.177995964884758,0.15268078446388245,0.18896764516830444,0.11533571034669876,-0.010971680283546448,0.007171750068664551
b1,b11,3,6,enthusiasm / curiosity,2.0,-2.0,0.15301838517189026,0.16864505410194397,0.14910870790481567,0.11533571034669876,-0.01562666893005371,-0.005858495831489563
b1,b11,3,6,enthusiasm / curiosity,2.0,2.0,0.15177470445632935,0.16864505410194397,0.18896764516830444,0.11533571034669876,-0.0371929407119751,-0.02703164517879486
b1,b11,4,0,self-doubt / encouragement,-2.0,-2.0,0.04579814150929451,0.11672044545412064,0.07738448679447174,0.09420821070671082,-0.07092230394482613,-0.05125432461500168
b1,b11,4,0,self-doubt / encouragement,-2.0,2.0,0.10963131487369537,0.11672044545412064,0.13328680396080017,0.09420821070671082,-0.023655489087104797,-0.01537230983376503
b1,b11,4,0,self-doubt / encouragement,2.0,-2.0,0.21096622943878174,0.17132197320461273,0.07738448679447174,0.09420821070671082,0.039644256234169006,0.0866129994392395
b1,b11,4,0,self-doubt / encouragement,2.0,2.0,0.1046915203332901,0.17132197320461273,0.13328680396080017,0.09420821070671082,-0.06663045287132263,-0.04761286824941635
b1,b11,4,1,frustration / despair,-2.0,-2.0,0.030413474887609482,0.11034375429153442,0.043975044041872025,0.08754955232143402,-0.07993027940392494,-0.04674592427909374
b1,b11,4,1,frustration / despair,-2.0,2.0,0.08719024062156677,0.11034375429153442,0.1116943284869194,0.08754955232143402,-0.02450408786535263,-0.02382880076766014
b1,b11,4,1,frustration / despair,2.0,-2.0,0.10356887429952621,0.11077816784381866,0.043975044041872025,0.08754955232143402,-0.00720929354429245,0.02619226835668087
b1,b11,4,1,frustration / despair,2.0,2.0,0.06867316365242004,0.11077816784381866,0.1116943284869194,0.08754955232143402,-0.04302116483449936,-0.04256308451294899
b1,b11,4,2,uncertainty / indecision,-2.0,-2.0,0.14635887742042542,0.1759846955537796,0.15892301499843597,0.17504476010799408,-0.029625818133354187,-0.021094977855682373
b1,b11,4,2,uncertainty / indecision,-2.0,2.0,0.1856721192598343,0.1759846955537796,0.20653343200683594,0.17504476010799408,-0.020861312747001648,-0.00558694452047348
b1,b11,4,2,uncertainty / indecision,2.0,-2.0,0.19521598517894745,0.19798366725444794,0.15892301499843597,0.17504476010799408,-0.0027676820755004883,0.016762644052505493
b1,b11,4,2,uncertainty / indecision,2.0,2.0,0.14272165298461914,0.19798366725444794,0.20653343200683594,0.17504476010799408,-0.0638117790222168,-0.0595368966460228
b1,b11,4,3,romantic idealism,-2.0,-2.0,0.023250095546245575,0.0921449363231659,0.060438863933086395,0.07784955948591232,-0.06889484077692032,-0.05304180458188057
b1,b11,4,3,romantic idealism,-2.0,2.0,0.09611908346414566,0.0921449363231659,0.13084319233894348,0.07784955948591232,-0.03472410887479782,-0.015374980866909027
b1,b11,4,3,romantic idealism,2.0,-2.0,0.08258029073476791,0.07208235561847687,0.060438863933086395,0.07784955948591232,0.010497935116291046,0.016319680958986282
b1,b11,4,3,romantic idealism,2.0,2.0,0.08219411969184875,0.07208235561847687,0.13084319233894348,0.07784955948591232,-0.04864907264709473,-0.01926865428686142
b1,b11,4,4,academic ambition / competitive determination,-2.0,-2.0,0.08106183260679245,0.14543281495571136,0.10448195040225983,0.1761026680469513,-0.06437098234891891,-0.043895550072193146
b1,b11,4,4,academic ambition / competitive determination,-2.0,2.0,0.2042762041091919,0.14543281495571136,0.17013229429721832,0.1761026680469513,0.03414390981197357,0.04649364948272705
b1,b11,4,4,academic ambition / competitive determination,2.0,-2.0,0.14826533198356628,0.215925931930542,0.10448195040225983,0.1761026680469513,-0.06766059994697571,-0.011938609182834625
b1,b11,4,4,academic ambition / competitive determination,2.0,2.0,0.18229630589485168,0.215925931930542,0.17013229429721832,0.1761026680469513,-0.03362962603569031,-0.010732807219028473
b1,b11,4,5,ironic amusement,-2.0,-2.0,0.05071616172790527,0.05674440786242485,0.0477324053645134,0.047947339713573456,-0.006028246134519577,-0.0015222448855638504
b1,b11,4,5,ironic amusement,-2.0,2.0,0.05441068485379219,0.05674440786242485,0.08731290698051453,0.047947339713573456,-0.032902222126722336,-0.017617972567677498
b1,b11,4,5,ironic amusement,2.0,-2.0,0.10543058067560196,0.09559005498886108,0.0477324053645134,0.047947339713573456,0.009840525686740875,0.03376935049891472
b1,b11,4,5,ironic amusement,2.0,2.0,0.05896712839603424,0.09559005498886108,0.08731290698051453,0.047947339713573456,-0.03662292659282684,-0.032484352588653564
b1,b11,4,6,enthusiasm / curiosity,-2.0,-2.0,0.10003705322742462,0.11830520629882812,0.10597408562898636,0.1213914304971695,-0.018268153071403503,-0.01210259273648262
b1,b11,4,6,enthusiasm / curiosity,-2.0,2.0,0.13995493948459625,0.11830520629882812,0.1784915179014206,0.1213914304971695,-0.03853657841682434,-0.008443422615528107
b1,b11,4,6,enthusiasm / curiosity,2.0,-2.0,0.23203974962234497,0.22239503264427185,0.10597408562898636,0.1213914304971695,0.00964471697807312,0.06785519048571587
b1,b11,4,6,enthusiasm / curiosity,2.0,2.0,0.15446048974990845,0.22239503264427185,0.1784915179014206,0.1213914304971695,-0.0679345428943634,-0.045982785522937775
b1,b11,5,0,self-doubt / encouragement,-2.0,-2.0,0.17517676949501038,0.14356251060962677,0.133521169424057,0.26054656505584717,0.031614258885383606,0.03663492947816849
b1,b11,5,0,self-doubt / encouragement,-2.0,2.0,0.15267470479011536,0.14356251060962677,0.11162400245666504,0.26054656505584717,0.009112194180488586,0.025081448256969452
b1,b11,5,0,self-doubt / encouragement,2.0,-2.0,0.16616615653038025,0.15932099521160126,0.133521169424057,0.26054656505584717,0.006845161318778992,0.019745074212551117
b1,b11,5,0,self-doubt / encouragement,2.0,2.0,0.2336086928844452,0.15932099521160126,0.11162400245666504,0.26054656505584717,0.07428769767284393,0.09813619405031204
b1,b11,5,1,frustration / despair,-2.0,-2.0,0.1472577601671219,0.12996019423007965,0.12488778680562973,0.18212664127349854,0.017297565937042236,0.019833769649267197
b1,b11,5,1,frustration / despair,-2.0,2.0,0.1237950548529625,0.12996019423007965,0.0754404366016388,0.18212664127349854,-0.006165139377117157,0.02109473943710327
b1,b11,5,1,frustration / despair,2.0,-2.0,0.16397209465503693,0.14438925683498383,0.12488778680562973,0.18212664127349854,0.0195828378200531,0.02933357283473015
b1,b11,5,1,frustration / despair,2.0,2.0,0.08623132109642029,0.14438925683498383,0.0754404366016388,0.18212664127349854,-0.05815793573856354,-0.02368352562189102
b1,b11,5,2,uncertainty / indecision,-2.0,-2.0,0.20199871063232422,0.21033523976802826,0.19378192722797394,0.3255496919155121,-0.00833652913570404,-5.987286567687988e-05
b1,b11,5,2,uncertainty / indecision,-2.0,2.0,0.14539511501789093,0.21033523976802826,0.12193548679351807,0.3255496919155121,-0.06494012475013733,-0.020740248262882233
b1,b11,5,2,uncertainty / indecision,2.0,-2.0,0.2714843451976776,0.1829947978258133,0.19378192722797394,0.3255496919155121,0.07770241796970367,0.083095982670784
b1,b11,5,2,uncertainty / indecision,2.0,2.0,0.2261665314435959,0.1829947978258133,0.12193548679351807,0.3255496919155121,0.04317173361778259,0.0737013891339302
b1,b11,5,3,romantic idealism,-2.0,-2.0,0.06894071400165558,0.03826725110411644,0.07708044350147247,0.07387951016426086,-0.008139729499816895,0.011266866698861122
b1,b11,5,3,romantic idealism,-2.0,2.0,0.03484370931982994,0.03826725110411644,-0.02798636071383953,0.07387951016426086,-0.003423541784286499,0.029703264124691486
b1,b11,5,3,romantic idealism,2.0,-2.0,0.07217073440551758,0.042493678629398346,0.07708044350147247,0.07387951016426086,-0.004909709095954895,0.012383673340082169
b1,b11,5,3,romantic idealism,2.0,2.0,0.08219067752361298,0.042493678629398346,-0.02798636071383953,0.07387951016426086,0.03969699889421463,0.07493701856583357
b1,b11,5,4,academic ambition / competitive determination,-2.0,-2.0,0.11090020090341568,0.10978551208972931,0.08158842474222183,0.2368575632572174,0.0011146888136863708,0.01521323248744011
b1,b11,5,4,academic ambition / competitive determination,-2.0,2.0,0.09016773849725723,0.10978551208972931,0.04305274784564972,0.2368575632572174,-0.019617773592472076,0.013748608529567719
b1,b11,5,4,academic ambition / competitive determination,2.0,-2.0,0.18706408143043518,0.09955120086669922,0.08158842474222183,0.2368575632572174,0.08751288056373596,0.09649426862597466
b1,b11,5,4,academic ambition / competitive determination,2.0,2.0,0.14999952912330627,0.09955120086669922,0.04305274784564972,0.2368575632572174,0.050448328256607056,0.0786975547671318
b1,b11,5,5,ironic amusement,-2.0,-2.0,0.12830574810504913,0.12178345769643784,0.09280141443014145,0.12938886880874634,0.006522290408611298,0.02101331204175949
b1,b11,5,5,ironic amusement,-2.0,2.0,0.13015085458755493,0.12178345769643784,0.11254583299160004,0.12938886880874634,0.008367396891117096,0.012986209243535995
b1,b11,5,5,ironic amusement,2.0,-2.0,0.11253280937671661,0.1313936561346054,0.09280141443014145,0.12938886880874634,-0.018860846757888794,0.0004352740943431854
b1,b11,5,5,ironic amusement,2.0,2.0,0.1673738956451416,0.1313936561346054,0.11254583299160004,0.12938886880874634,0.035980239510536194,0.04540415108203888
b1,b11,5,6,enthusiasm / curiosity,-2.0,-2.0,0.19319617748260498,0.18002457916736603,0.17690837383270264,0.2497142255306244,0.013171598315238953,0.014729700982570648
b1,b11,5,6,enthusiasm / curiosity,-2.0,2.0,0.20479139685630798,0.18002457916736603,0.1051587462425232,0.2497142255306244,0.024766817688941956,0.06219973415136337
b1,b11,5,6,enthusiasm / curiosity,2.0,-2.0,0.1649879515171051,0.22046776115894318,0.17690837383270264,0.2497142255306244,-0.055479809641838074,-0.033700115978717804
b1,b11,5,6,enthusiasm / curiosity,2.0,2.0,0.20539511740207672,0.22046776115894318,0.1051587462425232,0.2497142255306244,-0.015072643756866455,0.042581863701343536
b1,b11,6,0,self-doubt / encouragement,-2.0,-2.0,0.06455002725124359,0.08654095977544785,0.18977439403533936,0.0574154332280159,-0.12522436678409576,-0.07360764965415001
b1,b11,6,0,self-doubt / encouragement,-2.0,2.0,0.05088077858090401,0.08654095977544785,0.07207649946212769,0.0574154332280159,-0.03566018119454384,-0.02842795103788376
b1,b11,6,0,self-doubt / encouragement,2.0,-2.0,0.22938676178455353,0.21404309570789337,0.18977439403533936,0.0574154332280159,0.015343666076660156,0.027478016912937164
b1,b11,6,0,self-doubt / encouragement,2.0,2.0,0.18977795541286469,0.21404309570789337,0.07207649946212769,0.0574154332280159,-0.024265140295028687,0.046718157827854156
b1,b11,6,1,frustration / despair,-2.0,-2.0,0.14256709814071655,0.03442539647221565,0.17529577016830444,0.0184001624584198,-0.03272867202758789,0.037706514820456505
b1,b11,6,1,frustration / despair,-2.0,2.0,0.07134046405553818,0.03442539647221565,0.08836401253938675,0.0184001624584198,-0.017023548483848572,0.009945759549736977
b1,b11,6,1,frustration / despair,2.0,-2.0,0.17902421951293945,0.14763428270816803,0.17529577016830444,0.0184001624584198,0.0037284493446350098,0.017559193074703217
b1,b11,6,1,frustration / despair,2.0,2.0,0.09186514467000961,0.14763428270816803,0.08836401253938675,0.0184001624584198,-0.05576913803815842,-0.026134002953767776
b1,b11,6,2,uncertainty / indecision,-2.0,-2.0,0.1237078309059143,0.10609442740678787,0.21599049866199493,0.05218037962913513,-0.09228266775608063,-0.0373346321284771
b1,b11,6,2,uncertainty / indecision,-2.0,2.0,0.08133158087730408,0.10609442740678787,0.12987712025642395,0.05218037962913513,-0.04854553937911987,-0.036654192954301834
b1,b11,6,2,uncertainty / indecision,2.0,-2.0,0.23213797807693481,0.17573282122612,0.21599049866199493,0.05218037962913513,0.01614747941493988,0.03627631813287735
b1,b11,6,2,uncertainty / indecision,2.0,2.0,0.1763734072446823,0.17573282122612,0.12987712025642395,0.05218037962913513,0.0006405860185623169,0.02356843650341034
b1,b11,6,3,romantic idealism,-2.0,-2.0,0.0019866323564201593,0.021548788994550705,0.05515286326408386,-0.002880532294511795,-0.0531662309076637,-0.036364193772897124
b1,b11,6,3,romantic idealism,-2.0,2.0,0.026445679366588593,0.021548788994550705,0.021000947803258896,-0.002880532294511795,0.004896890372037888,0.005170810967683792
b1,b11,6,3,romantic idealism,2.0,-2.0,0.08163008093833923,0.08709210157394409,0.05515286326408386,-0.002880532294511795,-0.005462020635604858,0.010507598519325256
b1,b11,6,3,romantic idealism,2.0,2.0,0.023098375648260117,0.08709210157394409,0.021000947803258896,-0.002880532294511795,-0.06399372592568398,-0.030948149040341377
b1,b11,6,4,academic ambition / competitive determination,-2.0,-2.0,0.09279212355613708,0.07654368132352829,0.20919397473335266,0.06544545292854309,-0.11640185117721558,-0.05007670447230339
b1,b11,6,4,academic ambition / competitive determination,-2.0,2.0,0.08192237466573715,0.07654368132352829,0.09540071338415146,0.06544545292854309,-0.013478338718414307,-0.004049822688102722
b1,b11,6,4,academic ambition / competitive determination,2.0,-2.0,0.11928852647542953,0.1314547061920166,0.20919397473335266,0.06544545292854309,-0.08990544825792313,-0.051035813987255096
b1,b11,6,4,academic ambition / competitive determination,2.0,2.0,0.17597529292106628,0.1314547061920166,0.09540071338415146,0.06544545292854309,0.04452058672904968,0.06254758313298225
b1,b11,6,5,ironic amusement,-2.0,-2.0,0.042730726301670074,0.13682156801223755,0.11703041195869446,0.11783784627914429,-0.09409084171056747,-0.08419526368379593
b1,b11,6,5,ironic amusement,-2.0,2.0,0.11839742958545685,0.13682156801223755,0.14298269152641296,0.11783784627914429,-0.024585261940956116,-0.021504700183868408
b1,b11,6,5,ironic amusement,2.0,-2.0,0.1725424975156784,0.151283860206604,0.11703041195869446,0.11783784627914429,0.021258637309074402,0.038385361433029175
b1,b11,6,5,ironic amusement,2.0,2.0,0.10699862241744995,0.151283860206604,0.14298269152641296,0.11783784627914429,-0.04428523778915405,-0.04013465344905853
b1,b11,6,6,enthusiasm / curiosity,-2.0,-2.0,0.11476504057645798,0.10213663429021835,0.21032395958900452,0.0769277960062027,-0.09555891901254654,-0.04146525636315346
b1,b11,6,6,enthusiasm / curiosity,-2.0,2.0,0.08854293823242188,0.10213663429021835,0.11271214485168457,0.0769277960062027,-0.024169206619262695,-0.018881451338529587
b1,b11,6,6,enthusiasm / curiosity,2.0,-2.0,0.2570253014564514,0.21729573607444763,0.21032395958900452,0.0769277960062027,0.039729565382003784,0.04321545362472534
b1,b11,6,6,enthusiasm / curiosity,2.0,2.0,0.22436051070690155,0.21729573607444763,0.11271214485168457,0.0769277960062027,0.0070647746324539185,0.05935657024383545
b1,b11,7,0,self-doubt / encouragement,-2.0,-2.0,0.21225208044052124,0.17064814269542694,0.19694459438323975,0.23420141637325287,0.015307486057281494,0.028455711901187897
b1,b11,7,0,self-doubt / encouragement,-2.0,2.0,0.20512698590755463,0.17064814269542694,0.17175818979740143,0.23420141637325287,0.0333687961101532,0.03392381966114044
b1,b11,7,0,self-doubt / encouragement,2.0,-2.0,0.11623164266347885,0.2289009690284729,0.19694459438323975,0.23420141637325287,-0.11266932636499405,-0.09669113904237747
b1,b11,7,0,self-doubt / encouragement,2.0,2.0,0.2940784990787506,0.2289009690284729,0.17175818979740143,0.23420141637325287,0.06517753005027771,0.09374891966581345
b1,b11,7,1,frustration / despair,-2.0,-2.0,0.2985210120677948,0.2604990303516388,0.16397495567798615,0.1751236766576767,0.038021981716156006,0.08628401905298233
b1,b11,7,1,frustration / despair,-2.0,2.0,0.1930614411830902,0.2604990303516388,0.17102238535881042,0.1751236766576767,-0.06743758916854858,-0.0226992666721344
b1,b11,7,1,frustration / despair,2.0,-2.0,0.12870945036411285,0.1809365451335907,0.16397495567798615,0.1751236766576767,-0.052227094769477844,-0.04374630004167557
b1,b11,7,1,frustration / despair,2.0,2.0,0.3450310528278351,0.1809365451335907,0.17102238535881042,0.1751236766576767,0.16409450769424438,0.16905158758163452
b1,b11,7,2,uncertainty / indecision,-2.0,-2.0,0.2603974938392639,0.26752644777297974,0.18704615533351898,0.23822972178459167,-0.00712895393371582,0.03311119228601456
b1,b11,7,2,uncertainty / indecision,-2.0,2.0,0.26441919803619385,0.26752644777297974,0.20353512465953827,0.23822972178459167,-0.0031072497367858887,0.028888411819934845
b1,b11,7,2,uncertainty / indecision,2.0,-2.0,0.15444545447826385,0.16955526173114777,0.18704615533351898,0.23822972178459167,-0.03260070085525513,-0.02385525405406952
b1,b11,7,2,uncertainty / indecision,2.0,2.0,0.39847028255462646,0.16955526173114777,0.20353512465953827,0.23822972178459167,0.1949351578950882,0.21192508935928345
b1,b11,7,3,romantic idealism,-2.0,-2.0,0.1639910787343979,0.07750653475522995,0.03052482381463051,0.04390828683972359,0.08648454397916794,0.10997539944946766
b1,b11,7,3,romantic idealism,-2.0,2.0,0.07625358551740646,0.07750653475522995,0.060201458632946014,0.04390828683972359,-0.0012529492378234863,0.0073995888233184814
b1,b11,7,3,romantic idealism,2.0,-2.0,0.02663182094693184,0.06741634756326675,0.03052482381463051,0.04390828683972359,-0.040784526616334915,-0.022338764742016792
b1,b11,7,3,romantic idealism,2.0,2.0,0.17482750117778778,0.06741634756326675,0.060201458632946014,0.04390828683972359,0.10741115361452103,0.1110185980796814
b1,b11,7,4,academic ambition / competitive determination,-2.0,-2.0,0.14137771725654602,0.08580341935157776,0.13554590940475464,0.0975266844034195,0.005831807851791382,0.030703052878379822
b1,b11,7,4,academic ambition / competitive determination,-2.0,2.0,0.10711453855037689,0.08580341935157776,0.1366473138332367,0.0975266844034195,-0.029532775282859802,-0.0041108280420303345
b1,b11,7,4,academic ambition / competitive determination,2.0,-2.0,0.08036307245492935,0.108656145632267,0.13554590940475464,0.0975266844034195,-0.05518283694982529,-0.04173795506358147
b1,b11,7,4,academic ambition / competitive determination,2.0,2.0,0.28995218873023987,0.108656145632267,0.1366473138332367,0.0975266844034195,0.15330487489700317,0.16730045899748802
b1,b11,7,5,ironic amusement,-2.0,-2.0,0.1641620546579361,0.1108509972691536,0.19563856720924377,0.16565942764282227,-0.03147651255130768,0.010917272418737411
b1,b11,7,5,ironic amusement,-2.0,2.0,0.14126116037368774,0.1108509972691536,0.1265285760164261,0.16565942764282227,0.014732584357261658,0.022571373730897903
b1,b11,7,5,ironic amusement,2.0,-2.0,0.08121033757925034,0.16674759984016418,0.19563856720924377,0.16565942764282227,-0.11442822962999344,-0.09998274594545364
b1,b11,7,5,ironic amusement,2.0,2.0,0.28679174184799194,0.16674759984016418,0.1265285760164261,0.16565942764282227,0.12004414200782776,0.1401536539196968
b1,b11,7,6,enthusiasm / curiosity,-2.0,-2.0,0.18448913097381592,0.1250704526901245,0.25050681829452515,0.21325303614139557,-0.06601768732070923,-0.003299504518508911
b1,b11,7,6,enthusiasm / curiosity,-2.0,2.0,0.17773428559303284,0.1250704526901245,0.17011363804340363,0.21325303614139557,0.007620647549629211,0.03014224022626877
b1,b11,7,6,enthusiasm / curiosity,2.0,-2.0,0.10845749825239182,0.1679295003414154,0.25050681829452515,0.21325303614139557,-0.14204932004213333,-0.10076066106557846
b1,b11,7,6,enthusiasm / curiosity,2.0,2.0,0.33377212285995483,0.1679295003414154,0.17011363804340363,0.21325303614139557,0.1636584848165512,0.16475055366754532
b1,b13,0,0,self-doubt / encouragement,-2.0,-2.0,0.17302168905735016,0.22355343401432037,0.1079656183719635,0.25813189148902893,-0.050531744956970215,0.0072621628642082214
b1,b13,0,0,self-doubt / encouragement,-2.0,2.0,0.28526073694229126,0.22355343401432037,0.13249002397060394,0.25813189148902893,0.061707302927970886,0.1072390079498291
b1,b13,0,0,self-doubt / encouragement,2.0,-2.0,0.15949828922748566,0.2425605058670044,0.1079656183719635,0.25813189148902893,-0.08306221663951874,-0.01576477289199829
b1,b13,0,0,self-doubt / encouragement,2.0,2.0,0.2268582284450531,0.2425605058670044,0.13249002397060394,0.25813189148902893,-0.015702277421951294,0.03933296352624893
b1,b13,0,1,frustration / despair,-2.0,-2.0,0.21572770178318024,0.12071087956428528,0.21045981347560883,0.17861869931221008,0.005267888307571411,0.050142355263233185
b1,b13,0,1,frustration / despair,-2.0,2.0,0.275340735912323,0.12071087956428528,0.20995695888996124,0.17861869931221008,0.06538377702236176,0.11000681668519974
b1,b13,0,1,frustration / despair,2.0,-2.0,0.18104447424411774,0.15465828776359558,0.21045981347560883,0.17861869931221008,-0.02941533923149109,-0.0015145763754844666
b1,b13,0,1,frustration / despair,2.0,2.0,0.2638224959373474,0.15465828776359558,0.20995695888996124,0.17861869931221008,0.05386553704738617,0.081514872610569
b1,b13,0,2,uncertainty / indecision,-2.0,-2.0,0.20929808914661407,0.18830259144306183,0.22090905904769897,0.2938035726547241,-0.0116109699010849,0.004692263901233673
b1,b13,0,2,uncertainty / indecision,-2.0,2.0,0.29824671149253845,0.18830259144306183,0.19181230664253235,0.2938035726547241,0.1064344048500061,0.10818926244974136
b1,b13,0,2,uncertainty / indecision,2.0,-2.0,0.21034936606884003,0.22024334967136383,0.22090905904769897,0.2938035726547241,-0.010559692978858948,-0.010226838290691376
b1,b13,0,2,uncertainty / indecision,2.0,2.0,0.25200867652893066,0.22024334967136383,0.19181230664253235,0.2938035726547241,0.031765326857566833,0.045980848371982574
b1,b13,0,3,romantic idealism,-2.0,-2.0,-0.018228156492114067,0.10849423706531525,0.044676825404167175,0.09840402752161026,-0.1267223935574293,-0.09481368772685528
b1,b13,0,3,romantic idealism,-2.0,2.0,0.1438782811164856,0.10849423706531525,-0.020195841789245605,0.09840402752161026,0.03538404405117035,0.09972908347845078
b1,b13,0,3,romantic idealism,2.0,-2.0,0.02587752789258957,0.004330373369157314,0.044676825404167175,0.09840402752161026,-0.018799297511577606,0.0013739285059273243
b1,b13,0,3,romantic idealism,2.0,2.0,0.0655154138803482,0.004330373369157314,-0.020195841789245605,0.09840402752161026,0.06118504051119089,0.07344814809039235
b1,b13,0,4,academic ambition / competitive determination,-2.0,-2.0,0.11351124942302704,0.11352430284023285,0.14185437560081482,0.12982867658138275,-0.02834312617778778,-0.014178089797496796
b1,b13,0,4,academic ambition / competitive determination,-2.0,2.0,0.19891461730003357,0.11352430284023285,0.08750301599502563,0.12982867658138275,0.08539031445980072,0.09840095788240433
b1,b13,0,4,academic ambition / competitive determination,2.0,-2.0,0.15651248395442963,0.1317223310470581,0.14185437560081482,0.12982867658138275,0.014658108353614807,0.019724130630493164
b1,b13,0,4,academic ambition / competitive determination,2.0,2.0,0.20566388964653015,0.1317223310470581,0.08750301599502563,0.12982867658138275,0.07394155859947205,0.09605121612548828
b1,b13,0,5,ironic amusement,-2.0,-2.0,0.0773480236530304,0.1180473193526268,0.0929412841796875,0.14226104319095612,-0.040699295699596405,-0.028146278113126755
b1,b13,0,5,ironic amusement,-2.0,2.0,0.27192267775535583,0.1180473193526268,0.1469186693429947,0.14226104319095612,0.12500400841236115,0.1394396834075451
b1,b13,0,5,ironic amusement,2.0,-2.0,0.0943790152668953,0.21090656518936157,0.0929412841796875,0.14226104319095612,-0.11652754992246628,-0.05754490941762924
b1,b13,0,5,ironic amusement,2.0,2.0,0.15415318310260773,0.21090656518936157,0.1469186693429947,0.14226104319095612,-0.056753382086753845,-0.024759434163570404
b1,b13,0,6,enthusiasm / curiosity,-2.0,-2.0,0.17587785422801971,0.16793207824230194,0.1414516121149063,0.18688584864139557,0.007945775985717773,0.02118600904941559
b1,b13,0,6,enthusiasm / curiosity,-2.0,2.0,0.3368970453739166,0.16793207824230194,0.1337772011756897,0.18688584864139557,0.16896496713161469,0.1860424056649208
b1,b13,0,6,enthusiasm / curiosity,2.0,-2.0,0.1675524115562439,0.28100040555000305,0.1414516121149063,0.18688584864139557,-0.11344799399375916,-0.043673597276210785
b1,b13,0,6,enthusiasm / curiosity,2.0,2.0,0.2396046221256256,0.28100040555000305,0.1337772011756897,0.18688584864139557,-0.04139578342437744,0.032215818762779236
b1,b13,1,0,self-doubt / encouragement,-2.0,-2.0,0.11246112734079361,0.08746439218521118,0.0618574433028698,0.08841095864772797,0.024996735155582428,0.03780020959675312
b1,b13,1,0,self-doubt / encouragement,-2.0,2.0,0.28526073694229126,0.08746439218521118,0.23340177536010742,0.08841095864772797,0.05185896158218384,0.12482765316963196
b1,b13,1,0,self-doubt / encouragement,2.0,-2.0,0.1449931114912033,0.16069795191287994,0.0618574433028698,0.08841095864772797,-0.015704840421676636,0.03371541388332844
b1,b13,1,0,self-doubt / encouragement,2.0,2.0,0.34140509366989136,0.16069795191287994,0.23340177536010742,0.08841095864772797,0.10800331830978394,0.14435523003339767
b1,b13,1,1,frustration / despair,-2.0,-2.0,0.16883045434951782,0.08770052343606949,0.08191409707069397,0.12091337889432907,0.08112993091344833,0.0840231440961361
b1,b13,1,1,frustration / despair,-2.0,2.0,0.275340735912323,0.08770052343606949,0.23091945052146912,0.12091337889432907,0.04442128539085388,0.1160307489335537
b1,b13,1,1,frustration / despair,2.0,-2.0,0.1353904902935028,0.15840281546115875,0.08191409707069397,0.12091337889432907,-0.023012325167655945,0.015232034027576447
b1,b13,1,1,frustration / despair,2.0,2.0,0.31118443608283997,0.15840281546115875,0.23091945052146912,0.12091337889432907,0.08026498556137085,0.11652330309152603
b1,b13,1,2,uncertainty / indecision,-2.0,-2.0,0.20669330656528473,0.16062960028648376,0.10256343334913254,0.15781734883785248,0.046063706278800964,0.07509678974747658
b1,b13,1,2,uncertainty / indecision,-2.0,2.0,0.29824671149253845,0.16062960028648376,0.2619163393974304,0.15781734883785248,0.03633037209510803,0.08697374165058136
b1,b13,1,2,uncertainty / indecision,2.0,-2.0,0.18455523252487183,0.18827806413173676,0.10256343334913254,0.15781734883785248,-0.003722831606864929,0.03913448378443718
b1,b13,1,2,uncertainty / indecision,2.0,2.0,0.32403331995010376,0.18827806413173676,0.2619163393974304,0.15781734883785248,0.06211698055267334,0.09893611818552017
b1,b13,1,3,romantic idealism,-2.0,-2.0,0.009065065532922745,-0.010361507534980774,0.03227471560239792,-0.006770863197743893,-0.023209650069475174,-0.0018915385007858276
b1,b13,1,3,romantic idealism,-2.0,2.0,0.1438782811164856,-0.010361507534980774,0.1208295151591301,-0.006770863197743893,0.0230487659573555,0.08864427730441093
b1,b13,1,3,romantic idealism,2.0,-2.0,0.1148645281791687,0.10029228776693344,0.03227471560239792,-0.006770863197743893,0.01457224041223526,0.04858102649450302
b1,b13,1,3,romantic idealism,2.0,2.0,0.17291685938835144,0.10029228776693344,0.1208295151591301,-0.006770863197743893,0.052087344229221344,0.06235595792531967
b1,b13,1,4,academic ambition / competitive determination,-2.0,-2.0,0.14553065598011017,0.11793409287929535,0.03616047278046608,0.07020284235477448,0.02759656310081482,0.06848337315022945
b1,b13,1,4,academic ambition / competitive determination,-2.0,2.0,0.19891461730003357,0.11793409287929535,0.141514852643013,0.07020284235477448,0.05739976465702057,0.0691901445388794
b1,b13,1,4,academic ambition / competitive determination,2.0,-2.0,0.10143417865037918,0.0666499212384224,0.03616047278046608,0.07020284235477448,0.03478425741195679,0.050028981640934944
b1,b13,1,4,academic ambition / competitive determination,2.0,2.0,0.19939656555652618,0.0666499212384224,0.141514852643013,0.07020284235477448,0.057881712913513184,0.09531417861580849
b1,b13,1,5,ironic amusement,-2.0,-2.0,0.04484224319458008,0.08537258207798004,0.08802966773509979,0.11187908798456192,-0.043187424540519714,-0.04185888171195984
b1,b13,1,5,ironic amusement,-2.0,2.0,0.27192267775535583,0.08537258207798004,0.20069408416748047,0.11187908798456192,0.07122859358787537,0.12888934463262558
b1,b13,1,5,ironic amusement,2.0,-2.0,0.12428277730941772,0.1281481683254242,0.08802966773509979,0.11187908798456192,-0.0038653910160064697,0.01619385927915573
b1,b13,1,5,ironic amusement,2.0,2.0,0.26900729537010193,0.1281481683254242,0.20069408416748047,0.11187908798456192,0.06831321120262146,0.1045861691236496
b1,b13,1,6,enthusiasm / curiosity,-2.0,-2.0,0.1395292431116104,0.12722817063331604,0.11396098881959915,0.10045291483402252,0.012301072478294373,0.018934663385152817
b1,b13,1,6,enthusiasm / curiosity,-2.0,2.0,0.3368970453739166,0.12722817063331604,0.28641194105148315,0.10045291483402252,0.05048510432243347,0.13007698953151703
b1,b13,1,6,enthusiasm / curiosity,2.0,-2.0,0.2094527781009674,0.19893519580364227,0.11396098881959915,0.10045291483402252,0.010517582297325134,0.053004685789346695
b1,b13,1,6,enthusiasm / curiosity,2.0,2.0,0.37956932187080383,0.19893519580364227,0.28641194105148315,0.10045291483402252,0.09315738081932068,0.13689575344324112
b1,b13,2,0,self-doubt / encouragement,-2.0,-2.0,0.15612968802452087,0.17798173427581787,0.1587454080581665,0.11807066202163696,-0.021852046251296997,-0.012233883142471313
b1,b13,2,0,self-doubt / encouragement,-2.0,2.0,0.1916157305240631,0.17798173427581787,0.14057748019695282,0.11807066202163696,0.01363399624824524,0.032336123287677765
b1,b13,2,0,self-doubt / encouragement,2.0,-2.0,0.1459057778120041,0.15917862951755524,0.1587454080581665,0.11807066202163696,-0.013272851705551147,-0.013056240975856781
b1,b13,2,0,self-doubt / encouragement,2.0,2.0,0.21501697599887848,0.15917862951755524,0.14057748019695282,0.11807066202163696,0.05583834648132324,0.06513892114162445
b1,b13,2,1,frustration / despair,-2.0,-2.0,0.16248778998851776,0.06529410183429718,0.05815831571817398,0.08125200122594833,0.09719368815422058,0.10076158121228218
b1,b13,2,1,frustration / despair,-2.0,2.0,0.18369804322719574,0.06529410183429718,0.06099993735551834,0.08125200122594833,0.11840394139289856,0.12055102363228798
b1,b13,2,1,frustration / despair,2.0,-2.0,0.09020084142684937,0.14626246690750122,0.05815831571817398,0.08125200122594833,-0.056061625480651855,-0.012009549885988235
b1,b13,2,1,frustration / despair,2.0,2.0,0.12282343208789825,0.14626246690750122,0.06099993735551834,0.08125200122594833,-0.023439034819602966,0.019192229956388474
b1,b13,2,2,uncertainty / indecision,-2.0,-2.0,0.17733556032180786,0.11261283606290817,0.11451689153909683,0.1627798229455948,0.06281866878271103,0.06377069652080536
b1,b13,2,2,uncertainty / indecision,-2.0,2.0,0.19291822612285614,0.11261283606290817,0.10362768918275833,0.1627798229455948,0.08030539005994797,0.08479796350002289
b1,b13,2,2,uncertainty / indecision,2.0,-2.0,0.11210831999778748,0.16737045347690582,0.11451689153909683,0.1627798229455948,-0.05526213347911835,-0.028835352510213852
b1,b13,2,2,uncertainty / indecision,2.0,2.0,0.16644053161144257,0.16737045347690582,0.10362768918275833,0.1627798229455948,-0.0009299218654632568,0.03094146028161049
b1,b13,2,3,romantic idealism,-2.0,-2.0,0.09148860722780228,0.1506270468235016,0.04771169647574425,0.08189420402050018,-0.05913843959569931,-0.0076807644218206406
b1,b13,2,3,romantic idealism,-2.0,2.0,0.08132112771272659,0.1506270468235016,0.1929982304573059,0.08189420402050018,-0.11167710274457932,-0.09049151092767715
b1,b13,2,3,romantic idealism,2.0,-2.0,0.061588019132614136,0.1634669303894043,0.04771169647574425,0.08189420402050018,-0.10187891125679016,-0.044001294299960136
b1,b13,2,3,romantic idealism,2.0,2.0,0.16731484234333038,0.1634669303894043,0.1929982304573059,0.08189420402050018,-0.025683388113975525,-0.01091773808002472
b1,b13,2,4,academic ambition / competitive determination,-2.0,-2.0,0.019716013222932816,0.09845227748155594,0.06687882542610168,0.22492516040802002,-0.07873626425862312,-0.062949538230896
b1,b13,2,4,academic ambition / competitive determination,-2.0,2.0,0.04653264582157135,0.09845227748155594,0.07709187269210815,0.22492516040802002,-0.05191963165998459,-0.041239429265260696
b1,b13,2,4,academic ambition / competitive determination,2.0,-2.0,0.05202769488096237,0.12637081742286682,0.06687882542610168,0.22492516040802002,-0.07434312254190445,-0.04459712654352188
b1,b13,2,4,academic ambition / competitive determination,2.0,2.0,0.11797259747982025,0.12637081742286682,0.07709187269210815,0.22492516040802002,-0.00839821994304657,0.016241252422332764
b1,b13,2,5,ironic amusement,-2.0,-2.0,0.1031828299164772,0.1750442385673523,0.09290698170661926,0.07568584382534027,-0.07186140865087509,-0.030792780220508575
b1,b13,2,5,ironic amusement,-2.0,2.0,0.10944301635026932,0.1750442385673523,0.17996057868003845,0.07568584382534027,-0.07051756232976913,-0.06805939227342606
b1,b13,2,5,ironic amusement,2.0,-2.0,0.04710644856095314,0.048569317907094955,0.09290698170661926,0.07568584382534027,-0.04580053314566612,-0.02363170124590397
b1,b13,2,5,ironic amusement,2.0,2.0,0.0996370017528534,0.048569317907094955,0.17996057868003845,0.07568584382534027,-0.08032357692718506,-0.01462794654071331
b1,b13,2,6,enthusiasm / curiosity,-2.0,-2.0,0.1667240858078003,0.2435978502035141,0.20888742804527283,0.16488127410411835,-0.0768737643957138,-0.05951855331659317
b1,b13,2,6,enthusiasm / curiosity,-2.0,2.0,0.17043210566043854,0.2435978502035141,0.21706613898277283,0.16488127410411835,-0.07316574454307556,-0.059899888932704926
b1,b13,2,6,enthusiasm / curiosity,2.0,-2.0,0.1053454726934433,0.15318620204925537,0.20888742804527283,0.16488127410411835,-0.10354195535182953,-0.0756913423538208
b1,b13,2,6,enthusiasm / curiosity,2.0,2.0,0.21593576669692993,0.15318620204925537,0.21706613898277283,0.16488127410411835,-0.0011303722858428955,0.030809596180915833
b1,b13,3,0,self-doubt / encouragement,-2.0,-2.0,0.078505739569664,0.08638302236795425,0.07368439435958862,0.052453186362981796,-0.007877282798290253,-0.0015279687941074371
b1,b13,3,0,self-doubt / encouragement,-2.0,2.0,0.1408497393131256,0.08638302236795425,0.07205758988857269,0.052453186362981796,0.054466716945171356,0.06162943318486214
b1,b13,3,0,self-doubt / encouragement,2.0,-2.0,0.0764259621500969,0.102531298995018,0.07368439435958862,0.052453186362981796,-0.026105336844921112,-0.011681884527206421
b1,b13,3,0,self-doubt / encouragement,2.0,2.0,0.2232288420200348,0.102531298995018,0.07205758988857269,0.052453186362981796,0.12069754302501678,0.13593439757823944
b1,b13,3,1,frustration / despair,-2.0,-2.0,0.11321070045232773,0.1201590895652771,0.10808540880680084,0.09358758479356766,-0.006948389112949371,-0.0009115487337112427
b1,b13,3,1,frustration / despair,-2.0,2.0,0.1318090558052063,0.1201590895652771,0.1312333643436432,0.09358758479356766,0.0005756914615631104,0.006112828850746155
b1,b13,3,1,frustration / despair,2.0,-2.0,0.0766282007098198,0.07760205119848251,0.10808540880680084,0.09358758479356766,-0.03145720809698105,-0.016215529292821884
b1,b13,3,1,frustration / despair,2.0,2.0,0.09667488187551498,0.07760205119848251,0.1312333643436432,0.09358758479356766,-0.034558482468128204,-0.007742825895547867
b1,b13,3,2,uncertainty / indecision,-2.0,-2.0,0.15331731736660004,0.14649426937103271,0.15401965379714966,0.12726494669914246,-0.0007023364305496216,0.00306035578250885
b1,b13,3,2,uncertainty / indecision,-2.0,2.0,0.1679585576057434,0.14649426937103271,0.17033793032169342,0.12726494669914246,-0.002379372715950012,0.00954245775938034
b1,b13,3,2,uncertainty / indecision,2.0,-2.0,0.16695360839366913,0.14552870392799377,0.15401965379714966,0.12726494669914246,0.01293395459651947,0.017179429531097412
b1,b13,3,2,uncertainty / indecision,2.0,2.0,0.19748514890670776,0.14552870392799377,0.17033793032169342,0.12726494669914246,0.027147218585014343,0.039551831781864166
b1,b13,3,3,romantic idealism,-2.0,-2.0,0.05856798216700554,0.08616459369659424,0.05981472507119179,0.030849866569042206,-0.0275966115295887,-0.014421677216887474
b1,b13,3,3,romantic idealism,-2.0,2.0,-0.00030440744012594223,0.08616459369659424,0.0614924319088459,0.030849866569042206,-0.08646900113672018,-0.07413292024284601
b1,b13,3,3,romantic idealism,2.0,-2.0,-0.022078994661569595,-0.03093135356903076,0.05981472507119179,0.030849866569042206,-0.08189371973276138,-0.03652068041265011
b1,b13,3,3,romantic idealism,2.0,2.0,0.0823960229754448,-0.03093135356903076,0.0614924319088459,0.030849866569042206,0.020903591066598892,0.06711548380553722
b1,b13,3,4,academic ambition / competitive determination,-2.0,-2.0,0.08223672211170197,0.07820557802915573,0.06631128489971161,0.05452263727784157,0.004031144082546234,0.009978290647268295
b1,b13,3,4,academic ambition / competitive determination,-2.0,2.0,0.08563283085823059,0.07820557802915573,0.07901395857334137,0.05452263727784157,0.006618872284889221,0.00702306255698204
b1,b13,3,4,academic ambition / competitive determination,2.0,-2.0,0.15452784299850464,0.11816318333148956,0.06631128489971161,0.05452263727784157,0.036364659667015076,0.06229060888290405
b1,b13,3,4,academic ambition / competitive determination,2.0,2.0,0.105744369328022,0.11816318333148956,0.07901395857334137,0.05452263727784157,-0.01241881400346756,0.007155798375606537
b1,b13,3,5,ironic amusement,-2.0,-2.0,0.1304052472114563,0.10613270103931427,0.132282093167305,0.11290572583675385,-0.0018768459558486938,0.011197850108146667
b1,b13,3,5,ironic amusement,-2.0,2.0,0.13566401600837708,0.10613270103931427,0.12075186520814896,0.11290572583675385,0.014912150800228119,0.022221732884645462
b1,b13,3,5,ironic amusement,2.0,-2.0,0.11593169718980789,0.12354525178670883,0.132282093167305,0.11290572583675385,-0.0163503959774971,-0.01198197528719902
b1,b13,3,5,ironic amusement,2.0,2.0,0.16241095960140228,0.12354525178670883,0.12075186520814896,0.11290572583675385,0.03886570781469345,0.04026240110397339
b1,b13,3,6,enthusiasm / curiosity,-2.0,-2.0,0.14797207713127136,0.15268078446388245,0.14807161688804626,0.11540377885103226,-0.004708707332611084,-0.002404123544692993
b1,b13,3,6,enthusiasm / curiosity,-2.0,2.0,0.14855235815048218,0.15268078446388245,0.164966881275177,0.11540377885103226,-0.016414523124694824,-0.010271474719047546
b1,b13,3,6,enthusiasm / curiosity,2.0,-2.0,0.1402524709701538,0.16865047812461853,0.14807161688804626,0.11540377885103226,-0.02839800715446472,-0.01810857653617859
b1,b13,3,6,enthusiasm / curiosity,2.0,2.0,0.23937377333641052,0.16865047812461853,0.164966881275177,0.11540377885103226,0.07072329521179199,0.07256509363651276
b1,b13,4,0,self-doubt / encouragement,-2.0,-2.0,0.1374441385269165,0.11675630509853363,0.1056051105260849,0.09420274198055267,0.020687833428382874,0.02626343071460724
b1,b13,4,0,self-doubt / encouragement,-2.0,2.0,0.18717800080776215,0.11675630509853363,0.21117419004440308,0.09420274198055267,-0.02399618923664093,0.023212753236293793
b1,b13,4,0,self-doubt / encouragement,2.0,-2.0,0.14392319321632385,0.17132197320461273,0.1056051105260849,0.09420274198055267,-0.02739877998828888,0.005459651350975037
b1,b13,4,0,self-doubt / encouragement,2.0,2.0,0.1220385953783989,0.17132197320461273,0.21117419004440308,0.09420274198055267,-0.08913559466600418,-0.06920948624610901
b1,b13,4,1,frustration / despair,-2.0,-2.0,0.1063818633556366,0.11036781966686249,0.11323783546686172,0.08755809813737869,-0.006855972111225128,-0.00542096421122551
b1,b13,4,1,frustration / despair,-2.0,2.0,0.1578996181488037,0.11036781966686249,0.17703020572662354,0.08755809813737869,-0.019130587577819824,0.0142006054520607
b1,b13,4,1,frustration / despair,2.0,-2.0,0.11823767423629761,0.11077816784381866,0.11323783546686172,0.08755809813737869,0.004999838769435883,0.006229672580957413
b1,b13,4,1,frustration / despair,2.0,2.0,0.1279151886701584,0.11077816784381866,0.17703020572662354,0.08755809813737869,-0.04911501705646515,-0.015988998115062714
b1,b13,4,2,uncertainty / indecision,-2.0,-2.0,0.19021502137184143,0.1760130226612091,0.1961125135421753,0.1750427633523941,-0.005897492170333862,0.004152253270149231
b1,b13,4,2,uncertainty / indecision,-2.0,2.0,0.2535145878791809,0.1760130226612091,0.2732919752597809,0.1750427633523941,-0.019777387380599976,0.028862088918685913
b1,b13,4,2,uncertainty / indecision,2.0,-2.0,0.18512451648712158,0.19798366725444794,0.1961125135421753,0.1750427633523941,-0.012859150767326355,-0.011923573911190033
b1,b13,4,2,uncertainty / indecision,2.0,2.0,0.1853501796722412,0.19798366725444794,0.2732919752597809,0.1750427633523941,-0.08794179558753967,-0.0502876415848732
b1,b13,4,3,romantic idealism,-2.0,-2.0,0.11542109400033951,0.09217964112758636,0.10802128911018372,0.0777839720249176,0.007399804890155792,0.015320628881454468
b1,b13,4,3,romantic idealism,-2.0,2.0,0.1242763102054596,0.09217964112758636,0.11195429414510727,0.0777839720249176,0.012322016060352325,0.022209342569112778
b1,b13,4,3,romantic idealism,2.0,-2.0,0.10417386889457703,0.07208235561847687,0.10802128911018372,0.0777839720249176,-0.0038474202156066895,0.014122046530246735
b1,b13,4,3,romantic idealism,2.0,2.0,0.0793573409318924,0.07208235561847687,0.11195429414510727,0.0777839720249176,-0.032596953213214874,-0.012660983949899673
b1,b13,4,4,academic ambition / competitive determination,-2.0,-2.0,0.1705673784017563,0.14545203745365143,0.15146327018737793,0.17606696486473083,0.019104108214378357,0.022109724581241608
b1,b13,4,4,academic ambition / competitive determination,-2.0,2.0,0.23757602274417877,0.14545203745365143,0.21288548409938812,0.17606696486473083,0.02469053864479065,0.058407261967659
b1,b13,4,4,academic ambition / competitive determination,2.0,-2.0,0.13873741030693054,0.215925931930542,0.15146327018737793,0.17606696486473083,-0.07718852162361145,-0.04495719075202942
b1,b13,4,4,academic ambition / competitive determination,2.0,2.0,0.10507851839065552,0.215925931930542,0.21288548409938812,0.17606696486473083,-0.11084741353988647,-0.10932718962430954
b1,b13,4,5,ironic amusement,-2.0,-2.0,0.04256265610456467,0.05676114186644554,0.06267121434211731,0.047942329198122025,-0.020108558237552643,-0.01715352199971676
b1,b13,4,5,ironic amusement,-2.0,2.0,0.1335676908493042,0.05676114186644554,0.138455331325531,0.047942329198122025,-0.004887640476226807,0.035959454253315926
b1,b13,4,5,ironic amusement,2.0,-2.0,0.06425052136182785,0.09559005498886108,0.06267121434211731,0.047942329198122025,-0.031339533627033234,-0.014880113303661346
b1,b13,4,5,ironic amusement,2.0,2.0,0.06402552127838135,0.09559005498886108,0.138455331325531,0.047942329198122025,-0.07442981004714966,-0.0529971718788147
b1,b13,4,6,enthusiasm / curiosity,-2.0,-2.0,0.14753130078315735,0.11832098662853241,0.12534907460212708,0.12136196345090866,0.022182226181030273,0.025696270167827606
b1,b13,4,6,enthusiasm / curiosity,-2.0,2.0,0.19514137506484985,0.11832098662853241,0.1984051913022995,0.12136196345090866,-0.003263816237449646,0.0367782860994339
b1,b13,4,6,enthusiasm / curiosity,2.0,-2.0,0.1248292550444603,0.22239503264427185,0.12534907460212708,0.12136196345090866,-0.09756577759981155,-0.049042798578739166
b1,b13,4,6,enthusiasm / curiosity,2.0,2.0,0.14855529367923737,0.22239503264427185,0.1984051913022995,0.12136196345090866,-0.07383973896503448,-0.06184481829404831
b1,b13,5,0,self-doubt / encouragement,-2.0,-2.0,0.1507527232170105,0.14364701509475708,0.15892355144023895,0.2605997622013092,-0.008170828223228455,-0.0005325600504875183
b1,b13,5,0,self-doubt / encouragement,-2.0,2.0,0.12555907666683197,0.14364701509475708,0.15653777122497559,0.2605997622013092,-0.030978694558143616,-0.024533316493034363
b1,b13,5,0,self-doubt / encouragement,2.0,-2.0,0.16007043421268463,0.1593089997768402,0.15892355144023895,0.2605997622013092,0.0007614344358444214,0.00095415860414505
b1,b13,5,0,self-doubt / encouragement,2.0,2.0,0.16495585441589355,0.1593089997768402,0.15653777122497559,0.2605997622013092,0.005646854639053345,0.007032468914985657
b1,b13,5,1,frustration / despair,-2.0,-2.0,0.16652891039848328,0.1300315111875534,0.139905646443367,0.1821449100971222,0.026623263955116272,0.03156033158302307
b1,b13,5,1,frustration / despair,-2.0,2.0,0.13929153978824615,0.1300315111875534,0.12581466138362885,0.1821449100971222,0.009260028600692749,0.01136845350265503
b1,b13,5,1,frustration / despair,2.0,-2.0,0.12573488056659698,0.1444195806980133,0.139905646443367,0.1821449100971222,-0.01868470013141632,-0.01642773300409317
b1,b13,5,1,frustration / despair,2.0,2.0,0.13008956611156464,0.1444195806980133,0.12581466138362885,0.1821449100971222,-0.01433001458644867,-0.005027554929256439
b1,b13,5,2,uncertainty / indecision,-2.0,-2.0,0.24538668990135193,0.21043087542057037,0.2513939142227173,0.3255994915962219,-0.0060072243213653564,0.0144742950797081
b1,b13,5,2,uncertainty / indecision,-2.0,2.0,0.20420464873313904,0.21043087542057037,0.19443631172180176,0.3255994915962219,-0.0062262266874313354,0.0017710551619529724
b1,b13,5,2,uncertainty / indecision,2.0,-2.0,0.1840505301952362,0.18300503492355347,0.2513939142227173,0.3255994915962219,-0.06734338402748108,-0.03314894437789917
b1,b13,5,2,uncertainty / indecision,2.0,2.0,0.2005642056465149,0.18300503492355347,0.19443631172180176,0.3255994915962219,0.006127893924713135,0.01184353232383728
b1,b13,5,3,romantic idealism,-2.0,-2.0,0.10345834493637085,0.03832465410232544,0.09755006432533264,0.07390762865543365,0.005908280611038208,0.03552098572254181
b1,b13,5,3,romantic idealism,-2.0,2.0,0.012791959568858147,0.03832465410232544,0.07441782206296921,0.07390762865543365,-0.06162586249411106,-0.04357927851378918
b1,b13,5,3,romantic idealism,2.0,-2.0,0.07016748189926147,0.042489197105169296,0.09755006432533264,0.07390762865543365,-0.027382582426071167,0.00014785118401050568
b1,b13,5,3,romantic idealism,2.0,2.0,0.048014238476753235,0.042489197105169296,0.07441782206296921,0.07390762865543365,-0.026403583586215973,-0.010439271107316017
b1,b13,5,4,academic ambition / competitive determination,-2.0,-2.0,0.07597394287586212,0.10983549058437347,0.14702512323856354,0.23687967658042908,-0.07105118036270142,-0.052456364035606384
b1,b13,5,4,academic ambition / competitive determination,-2.0,2.0,0.08808740973472595,0.10983549058437347,0.10690765082836151,0.23687967658042908,-0.021748080849647522,-0.02028416097164154
b1,b13,5,4,academic ambition / competitive determination,2.0,-2.0,0.12312508374452591,0.09951305389404297,0.14702512323856354,0.23687967658042908,-0.023900039494037628,-0.00014400482177734375
b1,b13,5,4,academic ambition / competitive determination,2.0,2.0,0.19193749129772186,0.09951305389404297,0.10690765082836151,0.23687967658042908,0.08502984046936035,0.08872713893651962
b1,b13,5,5,ironic amusement,-2.0,-2.0,0.1327725350856781,0.12186001241207123,0.12300130724906921,0.1294260025024414,0.009771227836608887,0.01034187525510788
b1,b13,5,5,ironic amusement,-2.0,2.0,0.13546526432037354,0.12186001241207123,0.1326974481344223,0.1294260025024414,0.002767816185951233,0.00818653404712677
b1,b13,5,5,ironic amusement,2.0,-2.0,0.14098288118839264,0.13140971958637238,0.12300130724906921,0.1294260025024414,0.009573161602020264,0.013777367770671844
b1,b13,5,5,ironic amusement,2.0,2.0,0.17415212094783783,0.13140971958637238,0.1326974481344223,0.1294260025024414,0.04145467281341553,0.04209853708744049
b1,b13,5,6,enthusiasm / curiosity,-2.0,-2.0,0.19487442076206207,0.18009592592716217,0.17150066792964935,0.2497444748878479,0.014778494834899902,0.01907612383365631
b1,b13,5,6,enthusiasm / curiosity,-2.0,2.0,0.16533927619457245,0.18009592592716217,0.20527829229831696,0.2497444748878479,-0.03993901610374451,-0.027347832918167114
b1,b13,5,6,enthusiasm / curiosity,2.0,-2.0,0.222178652882576,0.22048163414001465,0.17150066792964935,0.2497444748878479,0.0016970187425613403,0.026187501847743988
b1,b13,5,6,enthusiasm / curiosity,2.0,2.0,0.1904928833246231,0.22048163414001465,0.20527829229831696,0.2497444748878479,-0.02998875081539154,-0.022387079894542694
b1,b13,6,0,self-doubt / encouragement,-2.0,-2.0,0.11863432079553604,0.08654095977544785,0.06309079378843307,0.05742540583014488,0.032093361020088196,0.04381844401359558
b1,b13,6,0,self-doubt / encouragement,-2.0,2.0,0.0901743695139885,0.08654095977544785,0.1768570989370346,0.05742540583014488,-0.08668272942304611,-0.04152465984225273
b1,b13,6,0,self-doubt / encouragement,2.0,-2.0,0.13133712112903595,0.2140534669160843,0.06309079378843307,0.05742540583014488,-0.08271634578704834,-0.0072350092232227325
b1,b13,6,0,self-doubt / encouragement,2.0,2.0,0.28107789158821106,0.2140534669160843,0.1768570989370346,0.05742540583014488,0.06702442467212677,0.08562260866165161
b1,b13,6,1,frustration / despair,-2.0,-2.0,0.14172779023647308,0.03442539647221565,0.05641549825668335,0.01839112676680088,0.08531229197978973,0.09630734287202358
b1,b13,6,1,frustration / despair,-2.0,2.0,0.08932848274707794,0.03442539647221565,0.21283479034900665,0.01839112676680088,-0.12350630760192871,-0.03430161066353321
b1,b13,6,1,frustration / despair,2.0,-2.0,0.057794928550720215,0.14762449264526367,0.05641549825668335,0.01839112676680088,-0.08982956409454346,-0.044225066900253296
b1,b13,6,1,frustration / despair,2.0,2.0,0.2278059720993042,0.14762449264526367,0.21283479034900665,0.01839112676680088,0.014971181750297546,0.04757633060216904
b1,b13,6,2,uncertainty / indecision,-2.0,-2.0,0.13631869852542877,0.10609442740678787,0.0848015546798706,0.05221102759242058,0.0302242711186409,0.04087070748209953
b1,b13,6,2,uncertainty / indecision,-2.0,2.0,0.13291700184345245,0.10609442740678787,0.22252266108989716,0.05221102759242058,-0.0896056592464447,-0.03139154240489006
b1,b13,6,2,uncertainty / indecision,2.0,-2.0,0.09956719726324081,0.17574620246887207,0.0848015546798706,0.05221102759242058,-0.07617900520563126,-0.030706681311130524
b1,b13,6,2,uncertainty / indecision,2.0,2.0,0.26831120252609253,0.17574620246887207,0.22252266108989716,0.05221102759242058,0.045788541436195374,0.06917677074670792
b1,b13,6,3,romantic idealism,-2.0,-2.0,0.03403129428625107,0.021548788994550705,0.05890027433633804,-0.0029398947954177856,-0.024868980050086975,-0.006193237379193306
b1,b13,6,3,romantic idealism,-2.0,2.0,0.041853759437799454,0.021548788994550705,0.0685398131608963,-0.0029398947954177856,-0.026686053723096848,-0.0031905416399240494
b1,b13,6,3,romantic idealism,2.0,-2.0,0.03306938335299492,0.08707848191261292,0.05890027433633804,-0.0029398947954177856,-0.054009098559617996,-0.03991999477148056
b1,b13,6,3,romantic idealism,2.0,2.0,0.09590013325214386,0.08707848191261292,0.0685398131608963,-0.0029398947954177856,0.008821651339530945,0.01809098571538925
b1,b13,6,4,academic ambition / competitive determination,-2.0,-2.0,0.09976883232593536,0.07654368132352829,0.1042616069316864,0.06544547528028488,-0.004492774605751038,0.009366188198328018
b1,b13,6,4,academic ambition / competitive determination,-2.0,2.0,0.10912413895130157,0.07654368132352829,0.14609208703041077,0.06544547528028488,-0.03696794807910919,-0.0021937452256679535
b1,b13,6,4,academic ambition / competitive determination,2.0,-2.0,-0.003272468224167824,0.13148042559623718,0.1042616069316864,0.06544547528028488,-0.134752893820405,-0.12114348448812962
b1,b13,6,4,academic ambition / competitive determination,2.0,2.0,0.2417752891778946,0.13148042559623718,0.14609208703041077,0.06544547528028488,0.09568320214748383,0.10298903286457062
b1,b13,6,5,ironic amusement,-2.0,-2.0,0.19089925289154053,0.13682156801223755,0.015014798380434513,0.11783196777105331,0.05407768487930298,0.1149810696952045
b1,b13,6,5,ironic amusement,-2.0,2.0,0.1644028127193451,0.13682156801223755,0.1691673845052719,0.11783196777105331,-0.004764571785926819,0.011408336460590363
b1,b13,6,5,ironic amusement,2.0,-2.0,0.17894317209720612,0.15125539898872375,0.015014798380434513,0.11783196777105331,0.02768777310848236,0.09580807341262698
b1,b13,6,5,ironic amusement,2.0,2.0,0.16696953773498535,0.15125539898872375,0.1691673845052719,0.11783196777105331,-0.00219784677028656,0.006758145987987518
b1,b13,6,6,enthusiasm / curiosity,-2.0,-2.0,0.12410462647676468,0.10213663429021835,0.1307028979063034,0.07693257182836533,-0.006598271429538727,0.0076848603785037994
b1,b13,6,6,enthusiasm / curiosity,-2.0,2.0,0.12123199552297592,0.10213663429021835,0.22367002069950104,0.07693257182836533,-0.10243802517652512,-0.041671331971883774
b1,b13,6,6,enthusiasm / curiosity,2.0,-2.0,0.12194257229566574,0.21732866764068604,0.1307028979063034,0.07693257182836533,-0.0953860953450203,-0.05207321047782898
b1,b13,6,6,enthusiasm / curiosity,2.0,2.0,0.2940751612186432,0.21732866764068604,0.22367002069950104,0.07693257182836533,0.07040514051914215,0.07357581704854965
b1,b13,7,0,self-doubt / encouragement,-2.0,-2.0,0.24239581823349,0.17064814269542694,0.2940784990787506,0.23421017825603485,-0.05168268084526062,0.010032497346401215
b1,b13,7,0,self-doubt / encouragement,-2.0,2.0,0.267091304063797,0.17064814269542694,0.20578666031360626,0.23421017825603485,0.061304643750190735,0.0788739025592804
b1,b13,7,0,self-doubt / encouragement,2.0,-2.0,0.2939532399177551,0.2289009690284729,0.2940784990787506,0.23421017825603485,-0.0001252591609954834,0.03246350586414337
b1,b13,7,0,self-doubt / encouragement,2.0,2.0,0.21744562685489655,0.2289009690284729,0.20578666031360626,0.23421017825603485,-0.011455342173576355,0.00010181218385696411
b1,b13,7,1,frustration / despair,-2.0,-2.0,0.1902599185705185,0.2604990303516388,0.3450310528278351,0.17512358725070953,-0.1547711342573166,-0.11250512301921844
b1,b13,7,1,frustration / despair,-2.0,2.0,0.16986823081970215,0.2604990303516388,0.17892290651798248,0.17512358725070953,-0.09063079953193665,-0.04984273761510849
b1,b13,7,1,frustration / despair,2.0,-2.0,0.34492677450180054,0.1809365451335907,0.3450310528278351,0.17512358725070953,-0.0001042783260345459,0.08194297552108765
b1,b13,7,1,frustration / despair,2.0,2.0,0.18381819128990173,0.1809365451335907,0.17892290651798248,0.17512358725070953,0.002881646156311035,0.003888465464115143
b1,b13,7,2,uncertainty / indecision,-2.0,-2.0,0.30093854665756226,0.26752644777297974,0.39847028255462646,0.2382877618074417,-0.09753173589706421,-0.032059818506240845
b1,b13,7,2,uncertainty / indecision,-2.0,2.0,0.23405763506889343,0.26752644777297974,0.22662930190563202,0.2382877618074417,-0.033468812704086304,-0.013020239770412445
b1,b13,7,2,uncertainty / indecision,2.0,-2.0,0.39835917949676514,0.16955526173114777,0.39847028255462646,0.2382877618074417,-0.00011110305786132812,0.11434640735387802
b1,b13,7,2,uncertainty / indecision,2.0,2.0,0.17472903430461884,0.16955526173114777,0.22662930190563202,0.2382877618074417,-0.051900267601013184,-0.023363247513771057
b1,b13,7,3,romantic idealism,-2.0,-2.0,0.07984146475791931,0.07750653475522995,0.17482750117778778,0.043948929756879807,-0.09498603641986847,-0.046325553208589554
b1,b13,7,3,romantic idealism,-2.0,2.0,0.06299413740634918,0.07750653475522995,0.027743680402636528,0.043948929756879807,-0.014512397348880768,0.010369029827415943
b1,b13,7,3,romantic idealism,2.0,-2.0,0.17481476068496704,0.06741634756326675,0.17482750117778778,0.043948929756879807,-1.2740492820739746e-05,0.053692836314439774
b1,b13,7,3,romantic idealism,2.0,2.0,0.10923269391059875,0.06741634756326675,0.027743680402636528,0.043948929756879807,0.041816346347332,0.061652679927647114
b1,b13,7,4,academic ambition / competitive determination,-2.0,-2.0,0.17412710189819336,0.08580341935157776,0.28995218873023987,0.09755353629589081,-0.11582508683204651,-0.013750702142715454
b1,b13,7,4,academic ambition / competitive determination,-2.0,2.0,0.07789357751607895,0.08580341935157776,0.07254420965909958,0.09755353629589081,-0.00790984183549881,-0.0012802369892597198
b1,b13,7,4,academic ambition / competitive determination,2.0,-2.0,0.28996434807777405,0.108656145632267,0.28995218873023987,0.09755353629589081,1.2159347534179688e-05,0.09066018089652061
b1,b13,7,4,academic ambition / competitive determination,2.0,2.0,0.10550238192081451,0.108656145632267,0.07254420965909958,0.09755353629589081,-0.003153763711452484,0.014902204275131226
b1,b13,7,5,ironic amusement,-2.0,-2.0,0.209215447306633,0.1108509972691536,0.28679174184799194,0.16565553843975067,-0.07757629454135895,0.010394077748060226
b1,b13,7,5,ironic amusement,-2.0,2.0,0.14940360188484192,0.1108509972691536,0.15734465420246124,0.16565553843975067,-0.007941052317619324,0.0153057761490345
b1,b13,7,5,ironic amusement,2.0,-2.0,0.28677278757095337,0.16674759984016418,0.28679174184799194,0.16565553843975067,-1.895427703857422e-05,0.060003116726875305
b1,b13,7,5,ironic amusement,2.0,2.0,0.17915813624858856,0.16674759984016418,0.15734465420246124,0.16565553843975067,0.012410536408424377,0.01711200922727585
b1,b13,7,6,enthusiasm / curiosity,-2.0,-2.0,0.24681450426578522,0.1250704526901245,0.33377212285995483,0.21328479051589966,-0.08695761859416962,0.017393216490745544
b1,b13,7,6,enthusiasm / curiosity,-2.0,2.0,0.186175137758255,0.1250704526901245,0.18109680712223053,0.21328479051589966,0.005078330636024475,0.033091507852077484
b1,b13,7,6,enthusiasm / curiosity,2.0,-2.0,0.33368515968322754,0.1679295003414154,0.33377212285995483,0.21328479051589966,-8.696317672729492e-05,0.08283434808254242
b1,b13,7,6,enthusiasm / curiosity,2.0,2.0,0.20998501777648926,0.1679295003414154,0.18109680712223053,0.21328479051589966,0.028888210654258728,0.03547186404466629
b11,b13,0,0,self-doubt / encouragement,-2.0,-2.0,0.1411987543106079,0.11302880942821503,0.10800196975469589,0.2579997777938843,0.028169944882392883,0.03068336471915245
b11,b13,0,0,self-doubt / encouragement,-2.0,2.0,0.34140509366989136,0.11302880942821503,0.13249002397060394,0.2579997777938843,0.20891506969928741,0.21864567697048187
b11,b13,0,0,self-doubt / encouragement,2.0,-2.0,0.2013123780488968,0.1447521448135376,0.10800196975469589,0.2579997777938843,0.05656023323535919,0.07493532076478004
b11,b13,0,0,self-doubt / encouragement,2.0,2.0,0.22783008217811584,0.1447521448135376,0.13249002397060394,0.2579997777938843,0.08307793736457825,0.08920899778604507
b11,b13,0,1,frustration / despair,-2.0,-2.0,0.08453547209501266,0.1391109675168991,0.21044424176216125,0.1789245754480362,-0.1259087696671486,-0.09024213254451752
b11,b13,0,1,frustration / despair,-2.0,2.0,0.31118443608283997,0.1391109675168991,0.20995695888996124,0.1789245754480362,0.10122747719287872,0.1366504728794098
b11,b13,0,1,frustration / despair,2.0,-2.0,0.15864235162734985,0.14381548762321472,0.21044424176216125,0.1789245754480362,-0.0518018901348114,-0.018487513065338135
b11,b13,0,1,frustration / despair,2.0,2.0,0.22678859531879425,0.14381548762321472,0.20995695888996124,0.1789245754480362,0.016831636428833008,0.04990237206220627
b11,b13,0,2,uncertainty / indecision,-2.0,-2.0,0.10022075474262238,0.14492854475975037,0.2208927571773529,0.29380178451538086,-0.12067200243473053,-0.08268989622592926
b11,b13,0,2,uncertainty / indecision,-2.0,2.0,0.32403331995010376,0.14492854475975037,0.19181230664253235,0.29380178451538086,0.1322210133075714,0.1556628942489624
b11,b13,0,2,uncertainty / indecision,2.0,-2.0,0.1928754299879074,0.22935950756072998,0.2208927571773529,0.29380178451538086,-0.03648407757282257,-0.03225070238113403
b11,b13,0,2,uncertainty / indecision,2.0,2.0,0.29830169677734375,0.22935950756072998,0.19181230664253235,0.29380178451538086,0.06894218921661377,0.08771578967571259
b11,b13,0,3,romantic idealism,-2.0,-2.0,0.015218113549053669,0.10339558124542236,0.04468564689159393,0.09819807857275009,-0.0881774676963687,-0.05882250051945448
b11,b13,0,3,romantic idealism,-2.0,2.0,0.17291685938835144,0.10339558124542236,-0.020195841789245605,0.09819807857275009,0.06952127814292908,0.13131698966026306
b11,b13,0,3,romantic idealism,2.0,-2.0,0.028597941622138023,0.021545419469475746,0.04468564689159393,0.09819807857275009,-0.01608770526945591,-0.004517591558396816
b11,b13,0,3,romantic idealism,2.0,2.0,0.11940094083547592,0.021545419469475746,-0.020195841789245605,0.09819807857275009,0.09785552136600018,0.11872615199536085
b11,b13,0,4,academic ambition / competitive determination,-2.0,-2.0,0.08672917634248734,0.07654094696044922,0.14189809560775757,0.12983283400535583,-0.05516891926527023,-0.02249034494161606
b11,b13,0,4,academic ambition / competitive determination,-2.0,2.0,0.19939656555652618,0.07654094696044922,0.08750301599502563,0.12983283400535583,0.11189354956150055,0.11737458407878876
b11,b13,0,4,academic ambition / competitive determination,2.0,-2.0,0.1151486411690712,0.03326103463768959,0.14189809560775757,0.12983283400535583,-0.02674945443868637,0.027569076046347618
b11,b13,0,4,academic ambition / competitive determination,2.0,2.0,0.1223401129245758,0.03326103463768959,0.08750301599502563,0.12983283400535583,0.03483709692955017,0.06195808760821819
b11,b13,0,5,ironic amusement,-2.0,-2.0,0.1399819701910019,0.1111672967672348,0.09293513745069504,0.1419805884361267,0.02881467342376709,0.03793075308203697
b11,b13,0,5,ironic amusement,-2.0,2.0,0.26900729537010193,0.1111672967672348,0.1469186693429947,0.1419805884361267,0.12208862602710724,0.13996431231498718
b11,b13,0,5,ironic amusement,2.0,-2.0,0.16580137610435486,0.12701818346977234,0.09293513745069504,0.1419805884361267,0.03878319263458252,0.05582471564412117
b11,b13,0,5,ironic amusement,2.0,2.0,0.16165176033973694,0.12701818346977234,0.1469186693429947,0.1419805884361267,0.014733090996742249,0.024683333933353424
b11,b13,0,6,enthusiasm / curiosity,-2.0,-2.0,0.17312447726726532,0.15221641957759857,0.14147599041461945,0.18679827451705933,0.020908057689666748,0.02627827227115631
b11,b13,0,6,enthusiasm / curiosity,-2.0,2.0,0.37956932187080383,0.15221641957759857,0.1337772011756897,0.18679827451705933,0.22735290229320526,0.2365725114941597
b11,b13,0,6,enthusiasm / curiosity,2.0,-2.0,0.18471266329288483,0.14662650227546692,0.14147599041461945,0.18679827451705933,0.03808616101741791,0.040661416947841644
b11,b13,0,6,enthusiasm / curiosity,2.0,2.0,0.177338644862175,0.14662650227546692,0.1337772011756897,0.18679827451705933,0.03071214258670807,0.03713679313659668
b11,b13,1,0,self-doubt / encouragement,-2.0,-2.0,0.13882383704185486,0.12337563931941986,0.06185317039489746,0.08845274150371552,0.015448197722434998,0.0462094321846962
b11,b13,1,0,self-doubt / encouragement,-2.0,2.0,0.34140509366989136,0.12337563931941986,0.23340177536010742,0.08845274150371552,0.10800331830978394,0.16301638633012772
b11,b13,1,0,self-doubt / encouragement,2.0,-2.0,0.13922475278377533,0.08105706423521042,0.06185317039489746,0.08845274150371552,0.05816768854856491,0.06776963546872139
b11,b13,1,0,self-doubt / encouragement,2.0,2.0,0.0891319289803505,0.08105706423521042,0.23340177536010742,0.08845274150371552,-0.14426984637975693,-0.06809749081730843
b11,b13,1,1,frustration / despair,-2.0,-2.0,0.1545344740152359,0.0964774638414383,0.08194039016962051,0.12093593180179596,0.05805701017379761,0.0653255470097065
b11,b13,1,1,frustration / despair,-2.0,2.0,0.31118443608283997,0.0964774638414383,0.23091945052146912,0.12093593180179596,0.08026498556137085,0.14748597890138626
b11,b13,1,1,frustration / despair,2.0,-2.0,0.12177705764770508,0.05911119282245636,0.08194039016962051,0.12093593180179596,0.039836667478084564,0.05125126615166664
b11,b13,1,1,frustration / despair,2.0,2.0,0.09995080530643463,0.05911119282245636,0.23091945052146912,0.12093593180179596,-0.13096864521503448,-0.04506451636552811
b11,b13,1,2,uncertainty / indecision,-2.0,-2.0,0.19758163392543793,0.1465483158826828,0.10255925357341766,0.15784244239330292,0.05103331804275513,0.0730278491973877
b11,b13,1,2,uncertainty / indecision,-2.0,2.0,0.32403331995010376,0.1465483158826828,0.2619163393974304,0.15784244239330292,0.06211698055267334,0.11980099231004715
b11,b13,1,2,uncertainty / indecision,2.0,-2.0,0.16959910094738007,0.11984172463417053,0.10255925357341766,0.15784244239330292,0.049757376313209534,0.05839861184358597
b11,b13,1,2,uncertainty / indecision,2.0,2.0,0.17130863666534424,0.11984172463417053,0.2619163393974304,0.15784244239330292,-0.09060770273208618,-0.019570395350456238
b11,b13,1,3,romantic idealism,-2.0,-2.0,0.03244466334581375,0.058671437203884125,0.03222005069255829,-0.00678758230060339,-0.026226773858070374,-0.013001080602407455
b11,b13,1,3,romantic idealism,-2.0,2.0,0.17291685938835144,0.058671437203884125,0.1208295151591301,-0.00678758230060339,0.052087344229221344,0.08316638320684433
b11,b13,1,3,romantic idealism,2.0,-2.0,0.0013474151492118835,0.0789550393819809,0.03222005069255829,-0.00678758230060339,-0.07760762423276901,-0.05424012988805771
b11,b13,1,3,romantic idealism,2.0,2.0,0.05445428565144539,0.0789550393819809,0.1208295151591301,-0.00678758230060339,-0.06637522950768471,-0.04543799161911011
b11,b13,1,4,academic ambition / competitive determination,-2.0,-2.0,0.14784102141857147,0.047532662749290466,0.03618216514587402,0.07019902020692825,0.100308358669281,0.10598360747098923
b11,b13,1,4,academic ambition / competitive determination,-2.0,2.0,0.19939656555652618,0.047532662749290466,0.141514852643013,0.07019902020692825,0.057881712913513184,0.10487280786037445
b11,b13,1,4,academic ambition / competitive determination,2.0,-2.0,0.11726104468107224,0.07504701614379883,0.03618216514587402,0.07019902020692825,0.04221402853727341,0.06164645403623581
b11,b13,1,4,academic ambition / competitive determination,2.0,2.0,0.09035854041576385,0.07504701614379883,0.141514852643013,0.07019902020692825,-0.051156312227249146,-0.01792239397764206
b11,b13,1,5,ironic amusement,-2.0,-2.0,0.11793886870145798,0.14754746854305267,0.08800027519464493,0.11188811808824539,-0.029608599841594696,0.00016499683260917664
b11,b13,1,5,ironic amusement,-2.0,2.0,0.26900729537010193,0.14754746854305267,0.20069408416748047,0.11188811808824539,0.06831321120262146,0.09488651901483536
b11,b13,1,5,ironic amusement,2.0,-2.0,0.12994498014450073,0.1284506618976593,0.08800027519464493,0.11188811808824539,0.0014943182468414307,0.021719511598348618
b11,b13,1,5,ironic amusement,2.0,2.0,0.10998857021331787,0.1284506618976593,0.20069408416748047,0.11188811808824539,-0.0907055139541626,-0.054583802819252014
b11,b13,1,6,enthusiasm / curiosity,-2.0,-2.0,0.13020026683807373,0.11724772304296494,0.11398252099752426,0.10050353407859802,0.012952543795108795,0.014585144817829132
b11,b13,1,6,enthusiasm / curiosity,-2.0,2.0,0.37956932187080383,0.11724772304296494,0.28641194105148315,0.10050353407859802,0.09315738081932068,0.1777394898235798
b11,b13,1,6,enthusiasm / curiosity,2.0,-2.0,0.1758514940738678,0.13541898131370544,0.11398252099752426,0.10050353407859802,0.040432512760162354,0.051150742918252945
b11,b13,1,6,enthusiasm / curiosity,2.0,2.0,0.16977600753307343,0.13541898131370544,0.28641194105148315,0.10050353407859802,-0.11663593351840973,-0.041139453649520874
b11,b13,2,0,self-doubt / encouragement,-2.0,-2.0,0.14715144038200378,0.10017313063144684,0.15875530242919922,0.11809313297271729,-0.011603862047195435,0.017687223851680756
b11,b13,2,0,self-doubt / encouragement,-2.0,2.0,0.10523338615894318,0.10017313063144684,0.14057748019695282,0.11809313297271729,-0.035344094038009644,-0.015141919255256653
b11,b13,2,0,self-doubt / encouragement,2.0,-2.0,0.11990397423505783,0.11178887635469437,0.15875530242919922,0.11809313297271729,-0.03885132819414139,-0.015368115156888962
b11,b13,2,0,self-doubt / encouragement,2.0,2.0,0.16855807602405548,0.11178887635469437,0.14057748019695282,0.11809313297271729,0.02798059582710266,0.04237489774823189
b11,b13,2,1,frustration / despair,-2.0,-2.0,0.060527827590703964,0.08625444769859314,0.05817759782075882,0.08123224973678589,-0.025726620107889175,-0.011688195168972015
b11,b13,2,1,frustration / despair,-2.0,2.0,0.08180981129407883,0.08625444769859314,0.06099993735551834,0.08123224973678589,-0.004444636404514313,0.008182618767023087
b11,b13,2,1,frustration / despair,2.0,-2.0,0.07474800944328308,0.08477623015642166,0.05817759782075882,0.08123224973678589,-0.01002822071313858,0.0032710954546928406
b11,b13,2,1,frustration / despair,2.0,2.0,0.11629695445299149,0.08477623015642166,0.06099993735551834,0.08123224973678589,0.031520724296569824,0.043408870697021484
b11,b13,2,2,uncertainty / indecision,-2.0,-2.0,0.08115411549806595,0.10923151671886444,0.11453074961900711,0.16279290616512299,-0.03337663412094116,-0.030727017670869827
b11,b13,2,2,uncertainty / indecision,-2.0,2.0,0.11103879660367966,0.10923151671886444,0.10362768918275833,0.16279290616512299,0.001807279884815216,0.004609193652868271
b11,b13,2,2,uncertainty / indecision,2.0,-2.0,0.11988067626953125,0.07185048609972,0.11453074961900711,0.16279290616512299,0.005349926650524139,0.026690058410167694
b11,b13,2,2,uncertainty / indecision,2.0,2.0,0.10757127404212952,0.07185048609972,0.10362768918275833,0.16279290616512299,0.003943584859371185,0.01983218640089035
b11,b13,2,3,romantic idealism,-2.0,-2.0,0.04470652714371681,0.0060401479713618755,0.047704875469207764,0.0818898156285286,-0.0029983483254909515,0.017834015423431993
b11,b13,2,3,romantic idealism,-2.0,2.0,0.0017821150831878185,0.0060401479713618755,0.1929982304573059,0.0818898156285286,-0.1912161153741181,-0.09773707413114607
b11,b13,2,3,romantic idealism,2.0,-2.0,0.03494128957390785,0.08511638641357422,0.047704875469207764,0.0818898156285286,-0.05017509683966637,-0.03146934136748314
b11,b13,2,3,romantic idealism,2.0,2.0,0.038743678480386734,0.08511638641357422,0.1929982304573059,0.0818898156285286,-0.15425455197691917,-0.10031362995505333
b11,b13,2,4,academic ambition / competitive determination,-2.0,-2.0,0.04328734055161476,0.05787911266088486,0.06686359643936157,0.2249232828617096,-0.02357625588774681,-0.019084013998508453
b11,b13,2,4,academic ambition / competitive determination,-2.0,2.0,0.04887187480926514,0.05787911266088486,0.07709187269210815,0.2249232828617096,-0.028219997882843018,-0.01861361786723137
b11,b13,2,4,academic ambition / competitive determination,2.0,-2.0,0.12208889424800873,0.008392509073019028,0.06686359643936157,0.2249232828617096,0.055225297808647156,0.08446084149181843
b11,b13,2,4,academic ambition / competitive determination,2.0,2.0,0.0510871447622776,0.008392509073019028,0.07709187269210815,0.2249232828617096,-0.02600472792983055,0.008344953879714012
b11,b13,2,5,ironic amusement,-2.0,-2.0,0.07890454679727554,0.034921761602163315,0.09288948029279709,0.07563547044992447,-0.013984933495521545,0.014998925849795341
b11,b13,2,5,ironic amusement,-2.0,2.0,0.04264437034726143,0.034921761602163315,0.17996057868003845,0.07563547044992447,-0.13731620833277702,-0.06479679979383945
b11,b13,2,5,ironic amusement,2.0,-2.0,0.04809259623289108,0.02872142195701599,0.09288948029279709,0.07563547044992447,-0.044796884059906006,-0.012712854892015457
b11,b13,2,5,ironic amusement,2.0,2.0,0.08076538145542145,0.02872142195701599,0.17996057868003845,0.07563547044992447,-0.099195197224617,-0.023575618863105774
b11,b13,2,6,enthusiasm / curiosity,-2.0,-2.0,0.21461018919944763,0.09441226720809937,0.2089003473520279,0.16488325595855713,0.005709841847419739,0.062953881919384
b11,b13,2,6,enthusiasm / curiosity,-2.0,2.0,0.08683998882770538,0.09441226720809937,0.21706613898277283,0.16488325595855713,-0.13022615015506744,-0.06889921426773071
b11,b13,2,6,enthusiasm / curiosity,2.0,-2.0,0.1100759506225586,0.07372453063726425,0.2089003473520279,0.16488325595855713,-0.0988243967294693,-0.03123648837208748
b11,b13,2,6,enthusiasm / curiosity,2.0,2.0,0.08951292932033539,0.07372453063726425,0.21706613898277283,0.16488325595855713,-0.12755320966243744,-0.05588240548968315
b11,b13,3,0,self-doubt / encouragement,-2.0,-2.0,0.05895610898733139,0.0523921437561512,0.0736732929944992,0.05243324488401413,-0.014717184007167816,-0.0040766093879938126
b11,b13,3,0,self-doubt / encouragement,-2.0,2.0,0.1469026803970337,0.0523921437561512,0.07205758988857269,0.05243324488401413,0.074845090508461,0.08467781357467175
b11,b13,3,0,self-doubt / encouragement,2.0,-2.0,0.0928989127278328,0.15426474809646606,0.0736732929944992,0.05243324488401413,-0.06136583536863327,-0.02107010781764984
b11,b13,3,0,self-doubt / encouragement,2.0,2.0,0.08521488308906555,0.15426474809646606,0.07205758988857269,0.05243324488401413,-0.06904986500740051,-0.027946285903453827
b11,b13,3,1,frustration / despair,-2.0,-2.0,0.07934102416038513,0.060511279851198196,0.10810624063014984,0.09356782585382462,-0.02876521646976471,-0.004967736080288887
b11,b13,3,1,frustration / despair,-2.0,2.0,0.16771070659160614,0.060511279851198196,0.1312333643436432,0.09356782585382462,0.03647734224796295,0.07183838449418545
b11,b13,3,1,frustration / despair,2.0,-2.0,0.08746035397052765,0.13229341804981232,0.10810624063014984,0.09356782585382462,-0.04483306407928467,-0.03273947536945343
b11,b13,3,1,frustration / despair,2.0,2.0,0.0751376673579216,0.13229341804981232,0.1312333643436432,0.09356782585382462,-0.05715575069189072,-0.05662572383880615
b11,b13,3,2,uncertainty / indecision,-2.0,-2.0,0.09856124222278595,0.08555363118648529,0.15402503311634064,0.12720690667629242,-0.05546379089355469,-0.021228089928627014
b11,b13,3,2,uncertainty / indecision,-2.0,2.0,0.20858953893184662,0.08555363118648529,0.17033793032169342,0.12720690667629242,0.0382516086101532,0.08064375817775726
b11,b13,3,2,uncertainty / indecision,2.0,-2.0,0.12242014706134796,0.18386581540107727,0.15402503311634064,0.12720690667629242,-0.06144566833972931,-0.04652527719736099
b11,b13,3,2,uncertainty / indecision,2.0,2.0,0.10924738645553589,0.18386581540107727,0.17033793032169342,0.12720690667629242,-0.07461842894554138,-0.06785448640584946
b11,b13,3,3,romantic idealism,-2.0,-2.0,0.028417423367500305,0.006268564146012068,0.059827592223882675,0.030841806903481483,-0.03141016885638237,-0.004630654817447066
b11,b13,3,3,romantic idealism,-2.0,2.0,0.0647801011800766,0.006268564146012068,0.0614924319088459,0.030841806903481483,0.0032876692712306976,0.030899603152647614
b11,b13,3,3,romantic idealism,2.0,-2.0,0.02054624632000923,0.06291106343269348,0.059827592223882675,0.030841806903481483,-0.04236481711268425,-0.04082308150827885
b11,b13,3,3,romantic idealism,2.0,2.0,-0.006437448784708977,0.06291106343269348,0.0614924319088459,0.030841806903481483,-0.06934851221740246,-0.06863919645547867
b11,b13,3,4,academic ambition / competitive determination,-2.0,-2.0,0.05484836548566818,0.06825955957174301,0.0663028135895729,0.05445351451635361,-0.013411194086074829,-0.012432821094989777
b11,b13,3,4,academic ambition / competitive determination,-2.0,2.0,0.09909223020076752,0.06825955957174301,0.07901395857334137,0.05445351451635361,0.020078271627426147,0.025455471128225327
b11,b13,3,4,academic ambition / competitive determination,2.0,-2.0,0.06739035248756409,0.10097064822912216,0.0663028135895729,0.05445351451635361,-0.033580295741558075,-0.016246378421783447
b11,b13,3,4,academic ambition / competitive determination,2.0,2.0,0.09096673876047134,0.10097064822912216,0.07901395857334137,0.05445351451635361,-0.010003909468650818,0.0009744353592395782
b11,b13,3,5,ironic amusement,-2.0,-2.0,0.10769908875226974,0.11284893751144409,0.1322956681251526,0.11291592568159103,-0.024596579372882843,-0.014873214066028595
b11,b13,3,5,ironic amusement,-2.0,2.0,0.17138855159282684,0.11284893751144409,0.12075186520814896,0.11291592568159103,0.05063668638467789,0.05458815023303032
b11,b13,3,5,ironic amusement,2.0,-2.0,0.14271821081638336,0.16547971963882446,0.1322956681251526,0.11291592568159103,-0.0227615088224411,-0.006169483065605164
b11,b13,3,5,ironic amusement,2.0,2.0,0.11664093285799026,0.16547971963882446,0.12075186520814896,0.11291592568159103,-0.0488387867808342,-0.026474859565496445
b11,b13,3,6,enthusiasm / curiosity,-2.0,-2.0,0.1485670655965805,0.14914202690124512,0.14805030822753906,0.11533571034669876,-0.0005749613046646118,-2.9101967811584473e-05
b11,b13,3,6,enthusiasm / curiosity,-2.0,2.0,0.24482466280460358,0.14914202690124512,0.164966881275177,0.11533571034669876,0.07985778152942657,0.08777020871639252
b11,b13,3,6,enthusiasm / curiosity,2.0,-2.0,0.13808678090572357,0.18896764516830444,0.14805030822753906,0.11533571034669876,-0.05088086426258087,-0.03042219579219818
b11,b13,3,6,enthusiasm / curiosity,2.0,2.0,0.13275785744190216,0.18896764516830444,0.164966881275177,0.11533571034669876,-0.05620978772640228,-0.04420940577983856
b11,b13,4,0,self-doubt / encouragement,-2.0,-2.0,0.11731740832328796,0.07742451876401901,0.10557853430509567,0.09420821070671082,0.011738874018192291,0.02581588178873062
b11,b13,4,0,self-doubt / encouragement,-2.0,2.0,0.19191952049732208,0.07742451876401901,0.21117150783538818,0.09420821070671082,-0.0192519873380661,0.047621507197618484
b11,b13,4,0,self-doubt / encouragement,2.0,-2.0,0.09910231083631516,0.13328680396080017,0.10557853430509567,0.09420821070671082,-0.034184493124485016,-0.020330358296632767
b11,b13,4,0,self-doubt / encouragement,2.0,2.0,0.2539062201976776,0.13328680396080017,0.21117150783538818,0.09420821070671082,0.04273471236228943,0.08167706429958344
b11,b13,4,1,frustration / despair,-2.0,-2.0,0.06781286746263504,0.04400031268596649,0.11318807303905487,0.08754955232143402,-0.04537520557641983,-0.010781325399875641
b11,b13,4,1,frustration / despair,-2.0,2.0,0.1594458818435669,0.04400031268596649,0.1769852191209793,0.08754955232143402,-0.017539337277412415,0.048953115940093994
b11,b13,4,1,frustration / despair,2.0,-2.0,0.09050288796424866,0.1116943284869194,0.11318807303905487,0.08754955232143402,-0.022685185074806213,-0.02193831279873848
b11,b13,4,1,frustration / despair,2.0,2.0,0.20789216458797455,0.1116943284869194,0.1769852191209793,0.08754955232143402,0.03090694546699524,0.06355239078402519
b11,b13,4,2,uncertainty / indecision,-2.0,-2.0,0.16807352006435394,0.15896834433078766,0.19603532552719116,0.17504476010799408,-0.02796180546283722,-0.009428314864635468
b11,b13,4,2,uncertainty / indecision,-2.0,2.0,0.20571140944957733,0.15896834433078766,0.2732750177383423,0.17504476010799408,-0.06756360828876495,-0.01041027158498764
b11,b13,4,2,uncertainty / indecision,2.0,-2.0,0.17138372361660004,0.20653343200683594,0.19603532552719116,0.17504476010799408,-0.0351497083902359,-0.029900655150413513
b11,b13,4,2,uncertainty / indecision,2.0,2.0,0.22402743995189667,0.20653343200683594,0.2732750177383423,0.17504476010799408,-0.04924757778644562,-0.015876784920692444
b11,b13,4,3,romantic idealism,-2.0,-2.0,0.06950677186250687,0.060419369488954544,0.10800441354513168,0.07784955948591232,-0.03849764168262482,-0.014705119654536247
b11,b13,4,3,romantic idealism,-2.0,2.0,0.04415443539619446,0.060419369488954544,0.11195427924394608,0.07784955948591232,-0.06779984384775162,-0.04203238897025585
b11,b13,4,3,romantic idealism,2.0,-2.0,0.08324761688709259,0.13084319233894348,0.10800441354513168,0.07784955948591232,-0.04759557545185089,-0.03617618605494499
b11,b13,4,3,romantic idealism,2.0,2.0,0.11161874979734421,0.13084319233894348,0.11195427924394608,0.07784955948591232,-0.019224442541599274,-0.00977998599410057
b11,b13,4,4,academic ambition / competitive determination,-2.0,-2.0,0.09919610619544983,0.10453395545482635,0.1513984352350235,0.1761026680469513,-0.05220232903957367,-0.028770089149475098
b11,b13,4,4,academic ambition / competitive determination,-2.0,2.0,0.11398748308420181,0.10453395545482635,0.2128657102584839,0.1761026680469513,-0.09887822717428207,-0.04471234977245331
b11,b13,4,4,academic ambition / competitive determination,2.0,-2.0,0.1774946004152298,0.17013229429721832,0.1513984352350235,0.1761026680469513,0.007362306118011475,0.016729235649108887
b11,b13,4,4,academic ambition / competitive determination,2.0,2.0,0.23221608996391296,0.17013229429721832,0.2128657102584839,0.1761026680469513,0.019350379705429077,0.04071708768606186
b11,b13,4,5,ironic amusement,-2.0,-2.0,0.06598789989948273,0.04774653539061546,0.06264525651931763,0.047947339713573456,0.0033426433801651,0.010792003944516182
b11,b13,4,5,ironic amusement,-2.0,2.0,0.1570657342672348,0.04774653539061546,0.13844263553619385,0.047947339713573456,0.018623098731040955,0.06397114880383015
b11,b13,4,5,ironic amusement,2.0,-2.0,0.0556187704205513,0.08731290698051453,0.06264525651931763,0.047947339713573456,-0.031694136559963226,-0.019360311329364777
b11,b13,4,5,ironic amusement,2.0,2.0,0.1538214236497879,0.08731290698051453,0.13844263553619385,0.047947339713573456,0.015378788113594055,0.040943652391433716
b11,b13,4,6,enthusiasm / curiosity,-2.0,-2.0,0.10113538801670074,0.10600210726261139,0.12529902160167694,0.1213914304971695,-0.024163633584976196,-0.01451517641544342
b11,b13,4,6,enthusiasm / curiosity,-2.0,2.0,0.2409783899784088,0.10600210726261139,0.19838732481002808,0.1213914304971695,0.04259106516838074,0.08878367394208908
b11,b13,4,6,enthusiasm / curiosity,2.0,-2.0,0.12388130277395248,0.1784915179014206,0.12529902160167694,0.1213914304971695,-0.05461021512746811,-0.028013966977596283
b11,b13,4,6,enthusiasm / curiosity,2.0,2.0,0.26136037707328796,0.1784915179014206,0.19838732481002808,0.1213914304971695,0.06297305226325989,0.07292095571756363
b11,b13,5,0,self-doubt / encouragement,-2.0,-2.0,0.1561926156282425,0.13359108567237854,0.15896576642990112,0.26054656505584717,-0.0027731508016586304,0.009914189577102661
b11,b13,5,0,self-doubt / encouragement,-2.0,2.0,0.3014792799949646,0.13359108567237854,0.15653777122497559,0.26054656505584717,0.144941508769989,0.15641485154628754
b11,b13,5,0,self-doubt / encouragement,2.0,-2.0,0.12503935396671295,0.11162400245666504,0.15896576642990112,0.26054656505584717,-0.03392641246318817,-0.01025553047657013
b11,b13,5,0,self-doubt / encouragement,2.0,2.0,0.10985425114631653,0.11162400245666504,0.15653777122497559,0.26054656505584717,-0.04668352007865906,-0.024226635694503784
b11,b13,5,1,frustration / despair,-2.0,-2.0,0.13555879890918732,0.12494492530822754,0.13996869325637817,0.18212664127349854,-0.004409894347190857,0.0031019896268844604
b11,b13,5,1,frustration / despair,-2.0,2.0,0.28701645135879517,0.12494492530822754,0.12581466138362885,0.18212664127349854,0.16120178997516632,0.16163665801286697
b11,b13,5,1,frustration / despair,2.0,-2.0,0.13449497520923615,0.0754404366016388,0.13996869325637817,0.18212664127349854,-0.005473718047142029,0.02679041028022766
b11,b13,5,1,frustration / despair,2.0,2.0,0.0994245857000351,0.0754404366016388,0.12581466138362885,0.18212664127349854,-0.02639007568359375,-0.0012029632925987244
b11,b13,5,2,uncertainty / indecision,-2.0,-2.0,0.13254089653491974,0.19384364783763885,0.25142499804496765,0.3255496919155121,-0.11888410151004791,-0.09009342640638351
b11,b13,5,2,uncertainty / indecision,-2.0,2.0,0.35518935322761536,0.19384364783763885,0.19443631172180176,0.3255496919155121,0.1607530415058136,0.16104937344789505
b11,b13,5,2,uncertainty / indecision,2.0,-2.0,0.16098976135253906,0.12193548679351807,0.25142499804496765,0.3255496919155121,-0.09043523669242859,-0.025690481066703796
b11,b13,5,2,uncertainty / indecision,2.0,2.0,0.15496744215488434,0.12193548679351807,0.19443631172180176,0.3255496919155121,-0.03946886956691742,-0.0032184571027755737
b11,b13,5,3,romantic idealism,-2.0,-2.0,0.054447975009679794,0.07712844014167786,0.09755753725767136,0.07387951016426086,-0.04310956224799156,-0.03289501368999481
b11,b13,5,3,romantic idealism,-2.0,2.0,0.11578930914402008,0.07712844014167786,0.07441782206296921,0.07387951016426086,0.038660869002342224,0.04001617804169655
b11,b13,5,3,romantic idealism,2.0,-2.0,0.03158019110560417,-0.02798636071383953,0.09755753725767136,0.07387951016426086,-0.06597734615206718,-0.003205397166311741
b11,b13,5,3,romantic idealism,2.0,2.0,0.0392015166580677,-0.02798636071383953,0.07441782206296921,0.07387951016426086,-0.035216305404901505,0.015985785983502865
b11,b13,5,4,academic ambition / competitive determination,-2.0,-2.0,0.09445703774690628,0.08162403851747513,0.14705897867679596,0.2368575632572174,-0.05260194092988968,-0.019884470850229263
b11,b13,5,4,academic ambition / competitive determination,-2.0,2.0,0.283059298992157,0.08162403851747513,0.10690765082836151,0.2368575632572174,0.17615164816379547,0.18879345431923866
b11,b13,5,4,academic ambition / competitive determination,2.0,-2.0,0.048734311014413834,0.04305274784564972,0.14705897867679596,0.2368575632572174,-0.09832466766238213,-0.046321552246809006
b11,b13,5,4,academic ambition / competitive determination,2.0,2.0,0.05173454433679581,0.04305274784564972,0.10690765082836151,0.2368575632572174,-0.055173106491565704,-0.02324565500020981
b11,b13,5,5,ironic amusement,-2.0,-2.0,0.13684731721878052,0.09281914681196213,0.12303315848112106,0.12938886880874634,0.013814158737659454,0.028921164572238922
b11,b13,5,5,ironic amusement,-2.0,2.0,0.23791517317295074,0.09281914681196213,0.1326974481344223,0.12938886880874634,0.10521772503852844,0.12515687569975853
b11,b13,5,5,ironic amusement,2.0,-2.0,0.11876227706670761,0.11254583299160004,0.12303315848112106,0.12938886880874634,-0.004270881414413452,0.0009727813303470612
b11,b13,5,5,ironic amusement,2.0,2.0,0.12870731949806213,0.11254583299160004,0.1326974481344223,0.12938886880874634,-0.0039901286363601685,0.006085678935050964
b11,b13,5,6,enthusiasm / curiosity,-2.0,-2.0,0.21611568331718445,0.1769547462463379,0.17152801156044006,0.2497142255306244,0.03916093707084656,0.04187430441379547
b11,b13,5,6,enthusiasm / curiosity,-2.0,2.0,0.32522082328796387,0.1769547462463379,0.20527829229831696,0.2497142255306244,0.11994253098964691,0.13410430401563644
b11,b13,5,6,enthusiasm / curiosity,2.0,-2.0,0.16013164818286896,0.1051587462425232,0.17152801156044006,0.2497142255306244,-0.011396363377571106,0.02178826928138733
b11,b13,5,6,enthusiasm / curiosity,2.0,2.0,0.1480928510427475,0.1051587462425232,0.20527829229831696,0.2497142255306244,-0.05718544125556946,-0.007125668227672577
b11,b13,6,0,self-doubt / encouragement,-2.0,-2.0,0.12047626823186874,0.18978522717952728,0.06312377750873566,0.05740978196263313,-0.06930895894765854,-0.005978234112262726
b11,b13,6,0,self-doubt / encouragement,-2.0,2.0,0.22062593698501587,0.18978522717952728,0.1768570989370346,0.05740978196263313,0.030840709805488586,0.037304773926734924
b11,b13,6,0,self-doubt / encouragement,2.0,-2.0,0.01334996148943901,0.07207649946212769,0.06312377750873566,0.05740978196263313,-0.058726537972688675,-0.05425017699599266
b11,b13,6,0,self-doubt / encouragement,2.0,2.0,0.1720133125782013,0.07207649946212769,0.1768570989370346,0.05740978196263313,-0.004843786358833313,0.04754651337862015
b11,b13,6,1,frustration / despair,-2.0,-2.0,0.12014545500278473,0.17530137300491333,0.056482944637537,0.018406767398118973,-0.0551559180021286,0.004253296181559563
b11,b13,6,1,frustration / despair,-2.0,2.0,0.17986930906772614,0.17530137300491333,0.21283479034900665,0.018406767398118973,-0.03296548128128052,-0.014198772609233856
b11,b13,6,1,frustration / despair,2.0,-2.0,0.029641414061188698,0.08836401253938675,0.056482944637537,0.018406767398118973,-0.05872259847819805,-0.04278206452727318
b11,b13,6,1,frustration / despair,2.0,2.0,0.16330395638942719,0.08836401253938675,0.21283479034900665,0.018406767398118973,-0.04953083395957947,0.012704554945230484
b11,b13,6,2,uncertainty / indecision,-2.0,-2.0,0.12078052014112473,0.2160092294216156,0.08484043926000595,0.05222403258085251,-0.09522870928049088,-0.02964431419968605
b11,b13,6,2,uncertainty / indecision,-2.0,2.0,0.22147776186466217,0.2160092294216156,0.22252266108989716,0.05222403258085251,-0.0010448992252349854,0.0022118166089057922
b11,b13,6,2,uncertainty / indecision,2.0,-2.0,0.10354357957839966,0.12987712025642395,0.08484043926000595,0.05222403258085251,-0.026333540678024292,-0.0038152001798152924
b11,b13,6,2,uncertainty / indecision,2.0,2.0,0.16630961000919342,0.12987712025642395,0.22252266108989716,0.05222403258085251,-0.056213051080703735,-0.009890280663967133
b11,b13,6,3,romantic idealism,-2.0,-2.0,0.002430252730846405,0.0551871731877327,0.058933623135089874,-0.0029037646017968655,-0.05650337040424347,-0.05463014543056488
b11,b13,6,3,romantic idealism,-2.0,2.0,0.03143153712153435,0.0551871731877327,0.0685398131608963,-0.0029037646017968655,-0.037108276039361954,-0.03043195605278015
b11,b13,6,3,romantic idealism,2.0,-2.0,0.036434106528759,0.021000947803258896,0.058933623135089874,-0.0029037646017968655,-0.02249951660633087,-0.0035331789404153824
b11,b13,6,3,romantic idealism,2.0,2.0,0.06390698254108429,0.021000947803258896,0.0685398131608963,-0.0029037646017968655,-0.004632830619812012,0.01913660205900669
b11,b13,6,4,academic ambition / competitive determination,-2.0,-2.0,0.04728766903281212,0.20921854674816132,0.10426446795463562,0.0654359757900238,-0.1619308777153492,-0.10945383831858635
b11,b13,6,4,academic ambition / competitive determination,-2.0,2.0,0.21397872269153595,0.20921854674816132,0.14609208703041077,0.0654359757900238,0.004760175943374634,0.03632340580224991
b11,b13,6,4,academic ambition / competitive determination,2.0,-2.0,0.06985697895288467,0.09540071338415146,0.10426446795463562,0.0654359757900238,-0.034407489001750946,-0.029975611716508865
b11,b13,6,4,academic ambition / competitive determination,2.0,2.0,0.08247895538806915,0.09540071338415146,0.14609208703041077,0.0654359757900238,-0.06361313164234161,-0.03826744481921196
b11,b13,6,5,ironic amusement,-2.0,-2.0,0.10690931975841522,0.11708109825849533,0.015008213929831982,0.11782681196928024,-0.010171778500080109,0.040864663664251566
b11,b13,6,5,ironic amusement,-2.0,2.0,0.14372938871383667,0.11708109825849533,0.1691673845052719,0.11782681196928024,-0.02543799579143524,0.0006051473319530487
b11,b13,6,5,ironic amusement,2.0,-2.0,0.10180111229419708,0.14298269152641296,0.015008213929831982,0.11782681196928024,-0.04118157923221588,0.02280565956607461
b11,b13,6,5,ironic amusement,2.0,2.0,0.10741743445396423,0.14298269152641296,0.1691673845052719,0.11782681196928024,-0.06174995005130768,-0.048657603561878204
b11,b13,6,6,enthusiasm / curiosity,-2.0,-2.0,0.13086803257465363,0.21032845973968506,0.1307283490896225,0.07692910730838776,-0.07946042716503143,-0.03966037184000015
b11,b13,6,6,enthusiasm / curiosity,-2.0,2.0,0.23841261863708496,0.21032845973968506,0.22367002069950104,0.07692910730838776,0.014742597937583923,0.021413378417491913
b11,b13,6,6,enthusiasm / curiosity,2.0,-2.0,0.06502898782491684,0.11271214485168457,0.1307283490896225,0.07692910730838776,-0.06569936126470566,-0.056691259145736694
b11,b13,6,6,enthusiasm / curiosity,2.0,2.0,0.18703170120716095,0.11271214485168457,0.22367002069950104,0.07692910730838776,-0.03663831949234009,0.018840618431568146
b11,b13,7,0,self-doubt / encouragement,-2.0,-2.0,0.22895358502864838,0.19698932766914368,0.2939532399177551,0.2342257797718048,-0.06499965488910675,-0.016517698764801025
b11,b13,7,0,self-doubt / encouragement,-2.0,2.0,0.18583039939403534,0.19698932766914368,0.20578666031360626,0.2342257797718048,-0.019956260919570923,-0.01555759459733963
b11,b13,7,0,self-doubt / encouragement,2.0,-2.0,0.17576131224632263,0.17175818979740143,0.2939532399177551,0.2342257797718048,-0.1181919276714325,-0.057094402611255646
b11,b13,7,0,self-doubt / encouragement,2.0,2.0,0.14262299239635468,0.17175818979740143,0.20578666031360626,0.2342257797718048,-0.06316366791725159,-0.04614943265914917
b11,b13,7,1,frustration / despair,-2.0,-2.0,0.18005642294883728,0.16401775181293488,0.34492677450180054,0.17508135735988617,-0.16487035155296326,-0.07441584020853043
b11,b13,7,1,frustration / despair,-2.0,2.0,0.11588168144226074,0.16401775181293488,0.17892290651798248,0.17508135735988617,-0.06304122507572174,-0.05558864772319794
b11,b13,7,1,frustration / despair,2.0,-2.0,0.23302344977855682,0.17102238535881042,0.34492677450180054,0.17508135735988617,-0.11190332472324371,-0.024951130151748657
b11,b13,7,1,frustration / despair,2.0,2.0,0.11509551852941513,0.17102238535881042,0.17892290651798248,0.17508135735988617,-0.06382738798856735,-0.05987712740898132
b11,b13,7,2,uncertainty / indecision,-2.0,-2.0,0.1892896443605423,0.18708957731723785,0.39835917949676514,0.23823431134223938,-0.20906953513622284,-0.1034347340464592
b11,b13,7,2,uncertainty / indecision,-2.0,2.0,0.17938923835754395,0.18708957731723785,0.22662930190563202,0.23823431134223938,-0.047240063548088074,-0.02747020125389099
b11,b13,7,2,uncertainty / indecision,2.0,-2.0,0.19899451732635498,0.20353512465953827,0.39835917949676514,0.23823431134223938,-0.19936466217041016,-0.10195263475179672
b11,b13,7,2,uncertainty / indecision,2.0,2.0,0.16144685447216034,0.20353512465953827,0.22662930190563202,0.23823431134223938,-0.06518244743347168,-0.053635358810424805
b11,b13,7,3,romantic idealism,-2.0,-2.0,0.04311336949467659,0.0305256899446249,0.17481476068496704,0.04392537847161293,-0.13170139119029045,-0.05955685582011938
b11,b13,7,3,romantic idealism,-2.0,2.0,0.04853514954447746,0.0305256899446249,0.027743680402636528,0.04392537847161293,0.018009459599852562,0.01940046437084675
b11,b13,7,3,romantic idealism,2.0,-2.0,0.045402493327856064,0.060201458632946014,0.17481476068496704,0.04392537847161293,-0.12941226735711098,-0.07210561633110046
b11,b13,7,3,romantic idealism,2.0,2.0,3.865920007228851e-06,0.060201458632946014,0.027743680402636528,0.04392537847161293,-0.060197592712938786,-0.04396870359778404
b11,b13,7,4,academic ambition / competitive determination,-2.0,-2.0,0.11087101697921753,0.1355484127998352,0.28996434807777405,0.09754790365695953,-0.17909333109855652,-0.1018853634595871
b11,b13,7,4,academic ambition / competitive determination,-2.0,2.0,0.0573444738984108,0.1355484127998352,0.07254420965909958,0.09754790365695953,-0.07820393890142441,-0.046701837331056595
b11,b13,7,4,academic ambition / competitive determination,2.0,-2.0,0.09664400666952133,0.1366473138332367,0.28996434807777405,0.09754790365695953,-0.19332034140825272,-0.11666182428598404
b11,b13,7,4,academic ambition / competitive determination,2.0,2.0,0.031532417982816696,0.1366473138332367,0.07254420965909958,0.09754790365695953,-0.10511489585042,-0.07306334376335144
b11,b13,7,5,ironic amusement,-2.0,-2.0,0.19371448457241058,0.1956532895565033,0.28677278757095337,0.16570064425468445,-0.09305830299854279,-0.04749855399131775
b11,b13,7,5,ironic amusement,-2.0,2.0,0.09979253262281418,0.1956532895565033,0.15734465420246124,0.16570064425468445,-0.09586075693368912,-0.07670643925666809
b11,b13,7,5,ironic amusement,2.0,-2.0,0.18519005179405212,0.1265285760164261,0.28677278757095337,0.16570064425468445,-0.10158273577690125,-0.021460629999637604
b11,b13,7,5,ironic amusement,2.0,2.0,0.14666400849819183,0.1265285760164261,0.15734465420246124,0.16570064425468445,-0.01068064570426941,0.004727393388748169
b11,b13,7,6,enthusiasm / curiosity,-2.0,-2.0,0.21065574884414673,0.2505369186401367,0.33368515968322754,0.21326260268688202,-0.12302941083908081,-0.0814552903175354
b11,b13,7,6,enthusiasm / curiosity,-2.0,2.0,0.13191482424736023,0.2505369186401367,0.18109680712223053,0.21326260268688202,-0.11862209439277649,-0.0839020386338234
b11,b13,7,6,enthusiasm / curiosity,2.0,-2.0,0.15389327704906464,0.17011363804340363,0.33368515968322754,0.21326260268688202,-0.1797918826341629,-0.09800612181425095
b11,b13,7,6,enthusiasm / curiosity,2.0,2.0,0.09886246919631958,0.17011363804340363,0.18109680712223053,0.21326260268688202,-0.08223433792591095,-0.0767427533864975
b8,b4,0,0,self-doubt / encouragement,-2.0,-2.0,0.150838702917099,0.13056142628192902,0.10449211299419403,0.2579997777938843,0.020277276635169983,0.033311933279037476
b8,b4,0,0,self-doubt / encouragement,-2.0,2.0,0.2554956376552582,0.13056142628192902,0.07450946420431137,0.2579997777938843,0.12493421137332916,0.15296019241213799
b8,b4,0,0,self-doubt / encouragement,2.0,-2.0,0.1307317614555359,0.20025020837783813,0.10449211299419403,0.2579997777938843,-0.06951844692230225,-0.021639399230480194
b8,b4,0,0,self-doubt / encouragement,2.0,2.0,0.14005020260810852,0.20025020837783813,0.07450946420431137,0.2579997777938843,-0.060200005769729614,0.0026703663170337677
b8,b4,0,1,frustration / despair,-2.0,-2.0,0.24909934401512146,0.07960298657417297,0.15226413309574127,0.1789245754480362,0.09683521091938019,0.13316578418016434
b8,b4,0,1,frustration / despair,-2.0,2.0,0.18654534220695496,0.07960298657417297,0.22394001483917236,0.1789245754480362,-0.03739467263221741,0.03477384150028229
b8,b4,0,1,frustration / despair,2.0,-2.0,0.1743917167186737,0.22510358691215515,0.15226413309574127,0.1789245754480362,-0.050711870193481445,-0.014292143285274506
b8,b4,0,1,frustration / despair,2.0,2.0,0.1345500349998474,0.22510358691215515,0.22394001483917236,0.1789245754480362,-0.09055355191230774,-0.08997176587581635
b8,b4,0,2,uncertainty / indecision,-2.0,-2.0,0.25052061676979065,0.12467452138662338,0.1599477380514145,0.29380178451538086,0.09057287871837616,0.10820948705077171
b8,b4,0,2,uncertainty / indecision,-2.0,2.0,0.3642077147960663,0.12467452138662338,0.1847514510154724,0.29380178451538086,0.17945626378059387,0.2094947285950184
b8,b4,0,2,uncertainty / indecision,2.0,-2.0,0.17389369010925293,0.18865670263767242,0.1599477380514145,0.29380178451538086,-0.014763012528419495,-0.00040853023529052734
b8,b4,0,2,uncertainty / indecision,2.0,2.0,0.20790663361549377,0.18865670263767242,0.1847514510154724,0.29380178451538086,0.01924993097782135,0.021202556788921356
b8,b4,0,3,romantic idealism,-2.0,-2.0,0.0015344340354204178,0.05521149933338165,0.03314053267240524,0.09819807857275009,-0.053677065297961235,-0.04264158196747303
b8,b4,0,3,romantic idealism,-2.0,2.0,0.14327223598957062,0.05521149933338165,0.03077762760221958,0.09819807857275009,0.08806073665618896,0.10027767252177
b8,b4,0,3,romantic idealism,2.0,-2.0,0.08567190915346146,-0.013371109031140804,0.03314053267240524,0.09819807857275009,0.05253137648105621,0.07578719733282924
b8,b4,0,3,romantic idealism,2.0,2.0,0.09253089129924774,-0.013371109031140804,0.03077762760221958,0.09819807857275009,0.06175326369702816,0.08382763201370835
b8,b4,0,4,academic ambition / competitive determination,-2.0,-2.0,0.10516506433486938,0.02350233495235443,0.12317405641078949,0.12983283400535583,-0.018008992075920105,0.031826868653297424
b8,b4,0,4,academic ambition / competitive determination,-2.0,2.0,0.13303974270820618,0.02350233495235443,0.09633807092905045,0.12983283400535583,0.03670167177915573,0.07311953976750374
b8,b4,0,4,academic ambition / competitive determination,2.0,-2.0,0.06809508800506592,0.05639797821640968,0.12317405641078949,0.12983283400535583,-0.05507896840572357,-0.02169092930853367
b8,b4,0,4,academic ambition / competitive determination,2.0,2.0,0.04481537640094757,0.05639797821640968,0.09633807092905045,0.12983283400535583,-0.051522694528102875,-0.031552648171782494
b8,b4,0,5,ironic amusement,-2.0,-2.0,0.1393023282289505,0.08042799681425095,0.1088162511587143,0.1419805884361267,0.030486077070236206,0.04468020424246788
b8,b4,0,5,ironic amusement,-2.0,2.0,0.11683708429336548,0.08042799681425095,0.11880269646644592,0.1419805884361267,-0.0019656121730804443,0.017221737653017044
b8,b4,0,5,ironic amusement,2.0,-2.0,0.12688006460666656,0.08881612122058868,0.1088162511587143,0.1419805884361267,0.01806381344795227,0.028063878417015076
b8,b4,0,5,ironic amusement,2.0,2.0,0.20655487477779388,0.08881612122058868,0.11880269646644592,0.1419805884361267,0.08775217831134796,0.10274546593427658
b8,b4,0,6,enthusiasm / curiosity,-2.0,-2.0,0.14988361299037933,0.0865272805094719,0.14065887033939362,0.18679827451705933,0.009224742650985718,0.03629053756594658
b8,b4,0,6,enthusiasm / curiosity,-2.0,2.0,0.24414397776126862,0.0865272805094719,0.10183460265398026,0.18679827451705933,0.14230937510728836,0.14996303617954254
b8,b4,0,6,enthusiasm / curiosity,2.0,-2.0,0.10277338325977325,0.14959056675434113,0.14065887033939362,0.18679827451705933,-0.04681718349456787,-0.042351335287094116
b8,b4,0,6,enthusiasm / curiosity,2.0,2.0,0.17848317325115204,0.14959056675434113,0.10183460265398026,0.18679827451705933,0.028892606496810913,0.05277058854699135
b8,b4,1,0,self-doubt / encouragement,-2.0,-2.0,0.16039516031742096,0.1527615636587143,0.0865510031580925,0.08845274150371552,0.007633596658706665,0.04073887690901756
b8,b4,1,0,self-doubt / encouragement,-2.0,2.0,0.09479539841413498,0.1527615636587143,0.1318456381559372,0.08845274150371552,-0.057966165244579315,-0.047508202493190765
b8,b4,1,0,self-doubt / encouragement,2.0,-2.0,0.14122386276721954,0.12358766794204712,0.0865510031580925,0.08845274150371552,0.017636194825172424,0.036154527217149734
b8,b4,1,0,self-doubt / encouragement,2.0,2.0,0.05664188414812088,0.12358766794204712,0.1318456381559372,0.08845274150371552,-0.07520375400781631,-0.07107476890087128
b8,b4,1,1,frustration / despair,-2.0,-2.0,0.1786274015903473,0.10295349359512329,0.13276521861553192,0.12093593180179596,0.04586218297481537,0.060768045485019684
b8,b4,1,1,frustration / despair,-2.0,2.0,0.10062225908041,0.10295349359512329,0.11535261571407318,0.12093593180179596,-0.014730356633663177,-0.008530795574188232
b8,b4,1,1,frustration / despair,2.0,-2.0,0.16737140715122223,0.15652057528495789,0.13276521861553192,0.12093593180179596,0.010850831866264343,0.022728510200977325
b8,b4,1,1,frustration / despair,2.0,2.0,0.10954661667346954,0.15652057528495789,0.11535261571407318,0.12093593180179596,-0.04697395861148834,-0.02638997882604599
b8,b4,1,2,uncertainty / indecision,-2.0,-2.0,0.1960286796092987,0.1676984429359436,0.1590639352798462,0.15784244239330292,0.028330236673355103,0.03264749050140381
b8,b4,1,2,uncertainty / indecision,-2.0,2.0,0.15062692761421204,0.1676984429359436,0.2073153257369995,0.15784244239330292,-0.056688398122787476,-0.03687995672225952
b8,b4,1,2,uncertainty / indecision,2.0,-2.0,0.20648245513439178,0.15992122888565063,0.1590639352798462,0.15784244239330292,0.04656122624874115,0.04698987305164337
b8,b4,1,2,uncertainty / indecision,2.0,2.0,0.12251847237348557,0.15992122888565063,0.2073153257369995,0.15784244239330292,-0.08479685336351395,-0.06109980493783951
b8,b4,1,3,romantic idealism,-2.0,-2.0,0.045203451067209244,-0.022096607834100723,-0.012865125201642513,-0.00678758230060339,0.05806857626885176,0.06268431758508086
b8,b4,1,3,romantic idealism,-2.0,2.0,-0.026399211958050728,-0.022096607834100723,0.03375024348497391,-0.00678758230060339,-0.060149455443024635,-0.03222602978348732
b8,b4,1,3,romantic idealism,2.0,-2.0,0.042740706354379654,0.08460450172424316,-0.012865125201642513,-0.00678758230060339,-0.04186379536986351,0.0068710180930793285
b8,b4,1,3,romantic idealism,2.0,2.0,0.0209207646548748,0.08460450172424316,0.03375024348497391,-0.00678758230060339,-0.06368373706936836,-0.038256607949733734
b8,b4,1,4,academic ambition / competitive determination,-2.0,-2.0,0.09105454385280609,0.1115560382604599,0.06525515019893646,0.07019902020692825,-0.02050149440765381,0.00264894962310791
b8,b4,1,4,academic ambition / competitive determination,-2.0,2.0,0.08802197128534317,0.1115560382604599,0.07531721889972687,0.07019902020692825,-0.02353406697511673,-0.005414657294750214
b8,b4,1,4,academic ambition / competitive determination,2.0,-2.0,0.10790341347455978,0.028006665408611298,0.06525515019893646,0.07019902020692825,0.04264826327562332,0.061272505670785904
b8,b4,1,4,academic ambition / competitive determination,2.0,2.0,0.052066169679164886,0.028006665408611298,0.07531721889972687,0.07019902020692825,-0.02325104922056198,0.00040422752499580383
b8,b4,1,5,ironic amusement,-2.0,-2.0,0.1531183421611786,0.1226440817117691,0.06977621465921402,0.11188811808824539,0.030474260449409485,0.05690819397568703
b8,b4,1,5,ironic amusement,-2.0,2.0,0.09067955613136292,0.1226440817117691,0.13862121105194092,0.11188811808824539,-0.047941654920578,-0.039953090250492096
b8,b4,1,5,ironic amusement,2.0,-2.0,0.15114842355251312,0.11619946360588074,0.06977621465921402,0.11188811808824539,0.034948959946632385,0.058160584419965744
b8,b4,1,5,ironic amusement,2.0,2.0,0.1008143201470375,0.11619946360588074,0.13862121105194092,0.11188811808824539,-0.03780689090490341,-0.02659601718187332
b8,b4,1,6,enthusiasm / curiosity,-2.0,-2.0,0.20000670850276947,0.11313195526599884,0.10098977386951447,0.10050353407859802,0.08687475323677063,0.09294584393501282
b8,b4,1,6,enthusiasm / curiosity,-2.0,2.0,0.13616962730884552,0.11313195526599884,0.11374428123235703,0.10050353407859802,0.022425346076488495,0.022731509059667587
b8,b4,1,6,enthusiasm / curiosity,2.0,-2.0,0.17279207706451416,0.11505993455648422,0.10098977386951447,0.10050353407859802,0.05773214250802994,0.06476722285151482
b8,b4,1,6,enthusiasm / curiosity,2.0,2.0,0.11354024708271027,0.11505993455648422,0.11374428123235703,0.10050353407859802,-0.0015196874737739563,-0.0008618608117103577
b8,b4,2,0,self-doubt / encouragement,-2.0,-2.0,0.11141769587993622,0.13277414441108704,0.1369050145149231,0.11809313297271729,-0.025487318634986877,-0.023421883583068848
b8,b4,2,0,self-doubt / encouragement,-2.0,2.0,0.19612553715705872,0.13277414441108704,0.2018774151802063,0.11809313297271729,-0.005751878023147583,0.02879975736141205
b8,b4,2,0,self-doubt / encouragement,2.0,-2.0,0.1653929203748703,0.16644588112831116,0.1369050145149231,0.11809313297271729,-0.001052960753440857,0.013717472553253174
b8,b4,2,0,self-doubt / encouragement,2.0,2.0,0.22465389966964722,0.16644588112831116,0.2018774151802063,0.11809313297271729,0.022776484489440918,0.04049225151538849
b8,b4,2,1,frustration / despair,-2.0,-2.0,0.08417209982872009,0.07126232981681824,0.10677644610404968,0.08123224973678589,-0.02260434627532959,-0.004847288131713867
b8,b4,2,1,frustration / despair,-2.0,2.0,0.049340151250362396,0.07126232981681824,0.055106643587350845,0.08123224973678589,-0.02192217856645584,-0.013844335451722145
b8,b4,2,1,frustration / despair,2.0,-2.0,0.11277566850185394,0.08828797936439514,0.10677644610404968,0.08123224973678589,0.00599922239780426,0.01524345576763153
b8,b4,2,1,frustration / despair,2.0,2.0,0.17058444023132324,0.08828797936439514,0.055106643587350845,0.08123224973678589,0.0822964608669281,0.09888712875545025
b8,b4,2,2,uncertainty / indecision,-2.0,-2.0,0.14051464200019836,0.1281988024711609,0.17365124821662903,0.16279290616512299,-0.033136606216430664,-0.010410383343696594
b8,b4,2,2,uncertainty / indecision,-2.0,2.0,0.1484047919511795,0.1281988024711609,0.15620261430740356,0.16279290616512299,-0.00779782235622406,0.006204083561897278
b8,b4,2,2,uncertainty / indecision,2.0,-2.0,0.15010066330432892,0.18965382874011993,0.17365124821662903,0.16279290616512299,-0.039553165435791016,-0.03155187517404556
b8,b4,2,2,uncertainty / indecision,2.0,2.0,0.15766368806362152,0.18965382874011993,0.15620261430740356,0.16279290616512299,-0.03199014067649841,-0.015264533460140228
b8,b4,2,3,romantic idealism,-2.0,-2.0,0.05030190199613571,0.10321937501430511,0.07269354164600372,0.0818898156285286,-0.0529174730181694,-0.03765455633401871
b8,b4,2,3,romantic idealism,-2.0,2.0,0.17614838480949402,0.10321937501430511,0.16400659084320068,0.0818898156285286,0.012141793966293335,0.04253540188074112
b8,b4,2,3,romantic idealism,2.0,-2.0,0.07558974623680115,0.06397201120853424,0.07269354164600372,0.0818898156285286,0.0028962045907974243,0.0072569698095321655
b8,b4,2,3,romantic idealism,2.0,2.0,0.20016610622406006,0.06397201120853424,0.16400659084320068,0.0818898156285286,0.036159515380859375,0.0861768051981926
b8,b4,2,4,academic ambition / competitive determination,-2.0,-2.0,0.16799615323543549,0.10393443703651428,0.22070899605751038,0.2249232828617096,-0.05271284282207489,0.005674436688423157
b8,b4,2,4,academic ambition / competitive determination,-2.0,2.0,0.08278457075357437,0.10393443703651428,0.07676051557064056,0.2249232828617096,-0.02114986628293991,-0.007562905550003052
b8,b4,2,4,academic ambition / competitive determination,2.0,-2.0,0.2148590385913849,0.26346614956855774,0.22070899605751038,0.2249232828617096,-0.04860711097717285,-0.02722853422164917
b8,b4,2,4,academic ambition / competitive determination,2.0,2.0,0.04631219059228897,0.26346614956855774,0.07676051557064056,0.2249232828617096,-0.21715395897626877,-0.12380114197731018
b8,b4,2,5,ironic amusement,-2.0,-2.0,0.07386460900306702,0.15718892216682434,0.02398805320262909,0.07563547044992447,-0.08332431316375732,-0.0167238786816597
b8,b4,2,5,ironic amusement,-2.0,2.0,0.19613724946975708,0.15718892216682434,0.19812993705272675,0.07563547044992447,-0.0019926875829696655,0.018477819859981537
b8,b4,2,5,ironic amusement,2.0,-2.0,0.06548557430505753,0.13283079862594604,0.02398805320262909,0.07563547044992447,-0.06734522432088852,-0.012923851609230042
b8,b4,2,5,ironic amusement,2.0,2.0,0.213253915309906,0.13283079862594604,0.19812993705272675,0.07563547044992447,0.01512397825717926,0.04777354747056961
b8,b4,2,6,enthusiasm / curiosity,-2.0,-2.0,0.11929040402173996,0.18689872324466705,0.1748845875263214,0.16488325595855713,-0.0676083192229271,-0.06160125136375427
b8,b4,2,6,enthusiasm / curiosity,-2.0,2.0,0.2405817210674286,0.18689872324466705,0.23508967459201813,0.16488325595855713,0.005492046475410461,0.029587522149086
b8,b4,2,6,enthusiasm / curiosity,2.0,-2.0,0.14006701111793518,0.20830611884593964,0.1748845875263214,0.16488325595855713,-0.06823910772800446,-0.05152834206819534
b8,b4,2,6,enthusiasm / curiosity,2.0,2.0,0.20227643847465515,0.20830611884593964,0.23508967459201813,0.16488325595855713,-0.032813236117362976,-0.01942145824432373
b8,b4,3,0,self-doubt / encouragement,-2.0,-2.0,0.13631559908390045,0.1019725427031517,0.08793271332979202,0.05243324488401413,0.03434305638074875,0.04136297106742859
b8,b4,3,0,self-doubt / encouragement,-2.0,2.0,0.09754841774702072,0.1019725427031517,0.09064976871013641,0.05243324488401413,-0.0044241249561309814,0.0012372620403766632
b8,b4,3,0,self-doubt / encouragement,2.0,-2.0,0.07542262226343155,0.06772104650735855,0.08793271332979202,0.05243324488401413,-0.012510091066360474,-0.002404257655143738
b8,b4,3,0,self-doubt / encouragement,2.0,2.0,0.07454347610473633,0.06772104650735855,0.09064976871013641,0.05243324488401413,-0.016106292605400085,-0.004641931504011154
b8,b4,3,1,frustration / despair,-2.0,-2.0,0.11682417243719101,0.08965389430522919,0.10106753557920456,0.09356782585382462,0.01575663685798645,0.021463457494974136
b8,b4,3,1,frustration / despair,-2.0,2.0,0.0448380783200264,0.08965389430522919,0.06439367681741714,0.09356782585382462,-0.04481581598520279,-0.03218570724129677
b8,b4,3,1,frustration / despair,2.0,-2.0,0.07386276125907898,0.07418173551559448,0.10106753557920456,0.09356782585382462,-0.02720477432012558,-0.013761874288320541
b8,b4,3,1,frustration / despair,2.0,2.0,0.05252907797694206,0.07418173551559448,0.06439367681741714,0.09356782585382462,-0.02165265753865242,-0.01675862818956375
b8,b4,3,2,uncertainty / indecision,-2.0,-2.0,0.18954572081565857,0.13949702680110931,0.09919539839029312,0.12720690667629242,0.050048694014549255,0.07019950821995735
b8,b4,3,2,uncertainty / indecision,-2.0,2.0,0.11514990031719208,0.13949702680110931,0.1215960755944252,0.12720690667629242,-0.024347126483917236,-0.01539665088057518
b8,b4,3,2,uncertainty / indecision,2.0,-2.0,0.09261023998260498,0.1182534471154213,0.09919539839029312,0.12720690667629242,-0.025643207132816315,-0.016114182770252228
b8,b4,3,2,uncertainty / indecision,2.0,2.0,0.09002601355314255,0.1182534471154213,0.1215960755944252,0.12720690667629242,-0.031570062041282654,-0.0298987478017807
b8,b4,3,3,romantic idealism,-2.0,-2.0,0.04098618030548096,0.07449480146169662,0.03882437199354172,0.030841806903481483,-0.03350862115621567,-0.015673406422138214
b8,b4,3,3,romantic idealism,-2.0,2.0,0.07689822465181351,0.07449480146169662,0.05241299420595169,0.030841806903481483,0.0024034231901168823,0.01344432681798935
b8,b4,3,3,romantic idealism,2.0,-2.0,0.033678747713565826,0.0012644161470234394,0.03882437199354172,0.030841806903481483,-0.005145624279975891,0.013634353643283248
b8,b4,3,3,romantic idealism,2.0,2.0,0.028971116989850998,0.0012644161470234394,0.05241299420595169,0.030841806903481483,-0.023441877216100693,0.002132411813363433
b8,b4,3,4,academic ambition / competitive determination,-2.0,-2.0,0.12194809317588806,0.05371800810098648,0.027560744434595108,0.05445351451635361,0.06823008507490158,0.08130871690809727
b8,b4,3,4,academic ambition / competitive determination,-2.0,2.0,0.027899106964468956,0.05371800810098648,0.049879927188158035,0.05445351451635361,-0.025818901136517525,-0.023899860680103302
b8,b4,3,4,academic ambition / competitive determination,2.0,-2.0,0.009111415594816208,0.08670889586210251,0.027560744434595108,0.05445351451635361,-0.0775974802672863,-0.0480234045535326
b8,b4,3,4,academic ambition / competitive determination,2.0,2.0,0.04008076339960098,0.08670889586210251,0.049879927188158035,0.05445351451635361,-0.046628132462501526,-0.02821364812552929
b8,b4,3,5,ironic amusement,-2.0,-2.0,0.1196855902671814,0.11582067608833313,0.12626972794532776,0.11291592568159103,-0.006584137678146362,-0.0013596117496490479
b8,b4,3,5,ironic amusement,-2.0,2.0,0.07908493280410767,0.11582067608833313,0.1060863733291626,0.11291592568159103,-0.036735743284225464,-0.0318685919046402
b8,b4,3,5,ironic amusement,2.0,-2.0,0.1118658259510994,0.12299680709838867,0.12626972794532776,0.11291592568159103,-0.014403901994228363,-0.01276744157075882
b8,b4,3,5,ironic amusement,2.0,2.0,0.108486607670784,0.12299680709838867,0.1060863733291626,0.11291592568159103,-0.014510199427604675,-0.006054982542991638
b8,b4,3,6,enthusiasm / curiosity,-2.0,-2.0,0.15445591509342194,0.14598791301250458,0.11766309291124344,0.11533571034669876,0.008468002080917358,0.022630412131547928
b8,b4,3,6,enthusiasm / curiosity,-2.0,2.0,0.12510766088962555,0.14598791301250458,0.15707260370254517,0.11533571034669876,-0.03196494281291962,-0.026422597467899323
b8,b4,3,6,enthusiasm / curiosity,2.0,-2.0,0.09942726045846939,0.1412336230278015,0.11766309291124344,0.11533571034669876,-0.04180636256933212,-0.030021097511053085
b8,b4,3,6,enthusiasm / curiosity,2.0,2.0,0.11854083091020584,0.1412336230278015,0.15707260370254517,0.11533571034669876,-0.038531772792339325,-0.0306122824549675
b8,b4,4,0,self-doubt / encouragement,-2.0,-2.0,0.11225399374961853,0.12815937399864197,0.050383638590574265,0.09499266743659973,-0.015905380249023438,0.022982487455010414
b8,b4,4,0,self-doubt / encouragement,-2.0,2.0,0.10832001268863678,0.12815937399864197,0.19017736613750458,0.09499266743659973,-0.0818573534488678,-0.05084835737943649
b8,b4,4,0,self-doubt / encouragement,2.0,-2.0,0.07065987586975098,0.02987457998096943,0.050383638590574265,0.09499266743659973,0.020276237279176712,0.03053076658397913
b8,b4,4,0,self-doubt / encouragement,2.0,2.0,0.16079594194889069,0.02987457998096943,0.19017736613750458,0.09499266743659973,-0.02938142418861389,0.05076996888965368
b8,b4,4,1,frustration / despair,-2.0,-2.0,0.09077353775501251,0.09591628611087799,0.0433071069419384,0.08814424276351929,-0.0051427483558654785,0.021161841228604317
b8,b4,4,1,frustration / despair,-2.0,2.0,0.06018146127462387,0.09591628611087799,0.11752861738204956,0.08814424276351929,-0.05734715610742569,-0.046540990471839905
b8,b4,4,1,frustration / despair,2.0,-2.0,0.05431370437145233,0.035641759634017944,0.0433071069419384,0.08814424276351929,0.011006597429513931,0.01483927108347416
b8,b4,4,1,frustration / despair,2.0,2.0,0.13097500801086426,0.035641759634017944,0.11752861738204956,0.08814424276351929,0.013446390628814697,0.054389819502830505
b8,b4,4,2,uncertainty / indecision,-2.0,-2.0,0.19502027332782745,0.17688941955566406,0.14110739529132843,0.17493335902690887,0.01813085377216339,0.03602186590433121
b8,b4,4,2,uncertainty / indecision,-2.0,2.0,0.253533273935318,0.17688941955566406,0.23786556720733643,0.17493335902690887,0.015667706727981567,0.04615578055381775
b8,b4,4,2,uncertainty / indecision,2.0,-2.0,0.11632934957742691,0.10258058458566666,0.14110739529132843,0.17493335902690887,-0.02477804571390152,-0.005514640361070633
b8,b4,4,2,uncertainty / indecision,2.0,2.0,0.2565506100654602,0.10258058458566666,0.23786556720733643,0.17493335902690887,0.01868504285812378,0.08632753416895866
b8,b4,4,3,romantic idealism,-2.0,-2.0,0.10548979043960571,0.0992179587483406,0.026536567136645317,0.07799560576677322,0.006271831691265106,0.04261252749711275
b8,b4,4,3,romantic idealism,-2.0,2.0,0.10312401503324509,0.0992179587483406,0.18599213659763336,0.07799560576677322,-0.08286812156438828,-0.0394810326397419
b8,b4,4,3,romantic idealism,2.0,-2.0,0.024662932381033897,0.0253573227673769,0.026536567136645317,0.07799560576677322,-0.0018736347556114197,-0.001284012570977211
b8,b4,4,3,romantic idealism,2.0,2.0,0.20340189337730408,0.0253573227673769,0.18599213659763336,0.07799560576677322,0.017409756779670715,0.09772716369479895
b8,b4,4,4,academic ambition / competitive determination,-2.0,-2.0,0.21212229132652283,0.18114347755908966,0.09920202195644379,0.1749793142080307,0.030978813767433167,0.0719495415687561
b8,b4,4,4,academic ambition / competitive determination,-2.0,2.0,0.1537821888923645,0.18114347755908966,0.09019424766302109,0.1749793142080307,-0.02736128866672516,0.018113326281309128
b8,b4,4,4,academic ambition / competitive determination,2.0,-2.0,0.09036284685134888,0.03925691545009613,0.09920202195644379,0.1749793142080307,-0.00883917510509491,0.02113337814807892
b8,b4,4,4,academic ambition / competitive determination,2.0,2.0,0.12827448546886444,0.03925691545009613,0.09019424766302109,0.1749793142080307,0.03808023780584335,0.06354890391230583
b8,b4,4,5,ironic amusement,-2.0,-2.0,0.052219048142433167,0.12085333466529846,0.059214577078819275,0.047362156212329865,-0.0686342865228653,-0.0378149077296257
b8,b4,4,5,ironic amusement,-2.0,2.0,0.05912730470299721,0.12085333466529846,0.1102953851222992,0.047362156212329865,-0.061726029962301254,-0.05644705519080162
b8,b4,4,5,ironic amusement,2.0,-2.0,0.09359593689441681,0.029280342161655426,0.059214577078819275,0.047362156212329865,0.034381359815597534,0.04934847727417946
b8,b4,4,5,ironic amusement,2.0,2.0,0.1670708954334259,0.029280342161655426,0.1102953851222992,0.047362156212329865,0.05677551031112671,0.0972830317914486
b8,b4,4,6,enthusiasm / curiosity,-2.0,-2.0,0.1346714198589325,0.19535072147846222,0.06927070021629333,0.1213906854391098,-0.060679301619529724,0.002360709011554718
b8,b4,4,6,enthusiasm / curiosity,-2.0,2.0,0.12181185185909271,0.19535072147846222,0.20020364224910736,0.1213906854391098,-0.07839179039001465,-0.07596533000469208
b8,b4,4,6,enthusiasm / curiosity,2.0,-2.0,0.09309641271829605,0.07245778292417526,0.06927070021629333,0.1213906854391098,0.02063862979412079,0.022232171148061752
b8,b4,4,6,enthusiasm / curiosity,2.0,2.0,0.2235998958349228,0.07245778292417526,0.20020364224910736,0.1213906854391098,0.02339625358581543,0.08726918324828148
b8,b4,5,0,self-doubt / encouragement,-2.0,-2.0,0.1839364469051361,0.08807329833507538,0.16524173319339752,0.26054656505584717,0.018694713711738586,0.05727893114089966
b8,b4,5,0,self-doubt / encouragement,-2.0,2.0,0.1255316138267517,0.08807329833507538,0.0825183093547821,0.26054656505584717,0.03745831549167633,0.04023580998182297
b8,b4,5,0,self-doubt / encouragement,2.0,-2.0,0.13859911262989044,0.15549248456954956,0.16524173319339752,0.26054656505584717,-0.02664262056350708,-0.0217679962515831
b8,b4,5,0,self-doubt / encouragement,2.0,2.0,0.10524721443653107,0.15549248456954956,0.0825183093547821,0.26054656505584717,-0.050245270133018494,-0.013758182525634766
b8,b4,5,1,frustration / despair,-2.0,-2.0,0.18753144145011902,0.11454488337039948,0.14338438212871552,0.18212664127349854,0.0441470593214035,0.05856680870056152
b8,b4,5,1,frustration / despair,-2.0,2.0,0.1447191834449768,0.11454488337039948,0.07705041021108627,0.18212664127349854,0.03017430007457733,0.04892153665423393
b8,b4,5,1,frustration / despair,2.0,-2.0,0.09519156068563461,0.13724179565906525,0.14338438212871552,0.18212664127349854,-0.0481928214430809,-0.04512152820825577
b8,b4,5,1,frustration / despair,2.0,2.0,0.11789589375257492,0.13724179565906525,0.07705041021108627,0.18212664127349854,-0.019345901906490326,0.01074979081749916
b8,b4,5,2,uncertainty / indecision,-2.0,-2.0,0.27843040227890015,0.13989880681037903,0.24445085227489471,0.3255496919155121,0.03397955000400543,0.08625557273626328
b8,b4,5,2,uncertainty / indecision,-2.0,2.0,0.18189296126365662,0.13989880681037903,0.11237920075654984,0.3255496919155121,0.04199415445327759,0.055753957480192184
b8,b4,5,2,uncertainty / indecision,2.0,-2.0,0.1692523956298828,0.22918187081813812,0.24445085227489471,0.3255496919155121,-0.0751984566450119,-0.0675639659166336
b8,b4,5,2,uncertainty / indecision,2.0,2.0,0.1402209848165512,0.22918187081813812,0.11237920075654984,0.3255496919155121,-0.08896088600158691,-0.03055955097079277
b8,b4,5,3,romantic idealism,-2.0,-2.0,0.06784456968307495,-0.01066632941365242,0.0928153321146965,0.07387951016426086,-0.02497076243162155,0.02677006833255291
b8,b4,5,3,romantic idealism,-2.0,2.0,-0.0012906244955956936,-0.01066632941365242,-0.024617446586489677,0.07387951016426086,0.009375704918056726,0.016351263504475355
b8,b4,5,3,romantic idealism,2.0,-2.0,0.02732592634856701,0.07569719851016998,0.0928153321146965,0.07387951016426086,-0.0654894057661295,-0.056930338963866234
b8,b4,5,3,romantic idealism,2.0,2.0,-0.007560425903648138,0.07569719851016998,-0.024617446586489677,0.07387951016426086,-0.08325762441381812,-0.03310030186548829
b8,b4,5,4,academic ambition / competitive determination,-2.0,-2.0,0.1536044031381607,0.05443524196743965,0.16040003299713135,0.2368575632572174,-0.006795629858970642,0.046186765655875206
b8,b4,5,4,academic ambition / competitive determination,-2.0,2.0,0.09692475944757462,0.05443524196743965,0.05725204199552536,0.2368575632572174,0.039672717452049255,0.04108111746609211
b8,b4,5,4,academic ambition / competitive determination,2.0,-2.0,0.11773522198200226,0.12145040184259415,0.16040003299713135,0.2368575632572174,-0.04266481101512909,-0.02318999543786049
b8,b4,5,4,academic ambition / competitive determination,2.0,2.0,0.05205525830388069,0.12145040184259415,0.05725204199552536,0.2368575632572174,-0.06939514353871346,-0.03729596361517906
b8,b4,5,5,ironic amusement,-2.0,-2.0,0.11712311953306198,0.10094626992940903,0.08358806371688843,0.12938886880874634,0.016176849603652954,0.024855952709913254
b8,b4,5,5,ironic amusement,-2.0,2.0,0.10453462600708008,0.10094626992940903,0.07845202088356018,0.12938886880874634,0.003588356077671051,0.014835480600595474
b8,b4,5,5,ironic amusement,2.0,-2.0,0.1222238689661026,0.1255149096250534,0.08358806371688843,0.12938886880874634,-0.0032910406589508057,0.017672382295131683
b8,b4,5,5,ironic amusement,2.0,2.0,0.08850462734699249,0.1255149096250534,0.07845202088356018,0.12938886880874634,-0.03701028227806091,-0.0134788379073143
b8,b4,5,6,enthusiasm / curiosity,-2.0,-2.0,0.19686108827590942,0.12607455253601074,0.1696174442768097,0.2497142255306244,0.02724364399909973,0.04901508986949921
b8,b4,5,6,enthusiasm / curiosity,-2.0,2.0,0.1374826431274414,0.12607455253601074,0.09766165912151337,0.2497142255306244,0.011408090591430664,0.025614537298679352
b8,b4,5,6,enthusiasm / curiosity,2.0,-2.0,0.17996390163898468,0.20934990048408508,0.1696174442768097,0.2497142255306244,-0.029385998845100403,-0.009519770741462708
b8,b4,5,6,enthusiasm / curiosity,2.0,2.0,0.13451355695724487,0.20934990048408508,0.09766165912151337,0.2497142255306244,-0.07483634352684021,-0.018992222845554352
b8,b4,6,0,self-doubt / encouragement,-2.0,-2.0,0.15208202600479126,0.050577312707901,0.28431496024131775,0.05740978196263313,-0.1322329342365265,-0.015364110469818115
b8,b4,6,0,self-doubt / encouragement,-2.0,2.0,0.04628356918692589,0.050577312707901,0.16900599002838135,0.05740978196263313,-0.12272242084145546,-0.06350808218121529
b8,b4,6,0,self-doubt / encouragement,2.0,-2.0,0.1300545185804367,0.0074074845761060715,0.28431496024131775,0.05740978196263313,-0.15426044166088104,-0.015806703828275204
b8,b4,6,0,self-doubt / encouragement,2.0,2.0,0.13292184472084045,0.0074074845761060715,0.16900599002838135,0.05740978196263313,-0.036084145307540894,0.044715107418596745
b8,b4,6,1,frustration / despair,-2.0,-2.0,0.1506969928741455,0.042020320892333984,0.15254098176956177,0.018406767398118973,-0.0018439888954162598,0.05341634154319763
b8,b4,6,1,frustration / despair,-2.0,2.0,0.02797781676054001,0.042020320892333984,0.0802503302693367,0.018406767398118973,-0.05227251350879669,-0.033157508820295334
b8,b4,6,1,frustration / despair,2.0,-2.0,0.12806229293346405,0.0326261930167675,0.15254098176956177,0.018406767398118973,-0.024478688836097717,0.035478705540299416
b8,b4,6,1,frustration / despair,2.0,2.0,0.06630349904298782,0.0326261930167675,0.0802503302693367,0.018406767398118973,-0.013946831226348877,0.009865237399935722
b8,b4,6,2,uncertainty / indecision,-2.0,-2.0,0.2000071406364441,0.08135531097650528,0.26873597502708435,0.05222403258085251,-0.06872883439064026,0.024961497634649277
b8,b4,6,2,uncertainty / indecision,-2.0,2.0,0.06122567877173424,0.08135531097650528,0.16287580132484436,0.05222403258085251,-0.10165012255311012,-0.06088987737894058
b8,b4,6,2,uncertainty / indecision,2.0,-2.0,0.19559545814990997,0.06916065514087677,0.26873597502708435,0.05222403258085251,-0.07314051687717438,0.026647143065929413
b8,b4,6,2,uncertainty / indecision,2.0,2.0,0.1538359373807907,0.06916065514087677,0.16287580132484436,0.05222403258085251,-0.00903986394405365,0.037817709147930145
b8,b4,6,3,romantic idealism,-2.0,-2.0,0.026254156604409218,0.047530002892017365,0.06154664233326912,-0.0029037646017968655,-0.0352924857288599,-0.028284166008234024
b8,b4,6,3,romantic idealism,-2.0,2.0,0.007418153807520866,0.047530002892017365,0.08807539939880371,-0.0029037646017968655,-0.08065724559128284,-0.06038454733788967
b8,b4,6,3,romantic idealism,2.0,-2.0,0.04833988472819328,0.05376114696264267,0.06154664233326912,-0.0029037646017968655,-0.013206757605075836,-0.009314009919762611
b8,b4,6,3,romantic idealism,2.0,2.0,0.06982041895389557,0.05376114696264267,0.08807539939880371,-0.0029037646017968655,-0.018254980444908142,-0.0010978542268276215
b8,b4,6,4,academic ambition / competitive determination,-2.0,-2.0,0.09959966689348221,0.04943562671542168,0.20099510252475739,0.0654359757900238,-0.10139543563127518,-0.025615697726607323
b8,b4,6,4,academic ambition / competitive determination,-2.0,2.0,0.04309196025133133,0.04943562671542168,0.121236652135849,0.0654359757900238,-0.07814469188451767,-0.04224417917430401
b8,b4,6,4,academic ambition / competitive determination,2.0,-2.0,0.13966210186481476,0.022552430629730225,0.20099510252475739,0.0654359757900238,-0.06133300065994263,0.027888335287570953
b8,b4,6,4,academic ambition / competitive determination,2.0,2.0,0.09391827881336212,0.022552430629730225,0.121236652135849,0.0654359757900238,-0.027318373322486877,0.02202373743057251
b8,b4,6,5,ironic amusement,-2.0,-2.0,0.11427489668130875,0.14877478778362274,0.11368291079998016,0.11782681196928024,-0.034499891102313995,-0.016953952610492706
b8,b4,6,5,ironic amusement,-2.0,2.0,0.12100747227668762,0.14877478778362274,0.1607334315776825,0.11782681196928024,-0.03972595930099487,-0.033746637403964996
b8,b4,6,5,ironic amusement,2.0,-2.0,0.08481590449810028,0.07324423640966415,0.11368291079998016,0.11782681196928024,-0.028867006301879883,-0.008647669106721878
b8,b4,6,5,ironic amusement,2.0,2.0,0.15054510533809662,0.07324423640966415,0.1607334315776825,0.11782681196928024,-0.010188326239585876,0.033556271344423294
b8,b4,6,6,enthusiasm / curiosity,-2.0,-2.0,0.2184920608997345,0.07173492759466171,0.24744172394275665,0.07692910730838776,-0.028949663043022156,0.058903735131025314
b8,b4,6,6,enthusiasm / curiosity,-2.0,2.0,0.06067086383700371,0.07173492759466171,0.23847471177577972,0.07692910730838776,-0.17780384793877602,-0.09443395584821701
b8,b4,6,6,enthusiasm / curiosity,2.0,-2.0,0.14740367233753204,0.07984437793493271,0.24744172394275665,0.07692910730838776,-0.10003805160522461,-0.016239378601312637
b8,b4,6,6,enthusiasm / curiosity,2.0,2.0,0.21384721994400024,0.07984437793493271,0.23847471177577972,0.07692910730838776,-0.02462749183177948,0.05468767508864403
b8,b4,7,0,self-doubt / encouragement,-2.0,-2.0,0.21001851558685303,0.2063046097755432,0.21478965878486633,0.23420141637325287,-0.004771143198013306,-0.0005286186933517456
b8,b4,7,0,self-doubt / encouragement,-2.0,2.0,0.21528688073158264,0.2063046097755432,0.2939532399177551,0.23420141637325287,-0.07866635918617249,-0.03484204411506653
b8,b4,7,0,self-doubt / encouragement,2.0,-2.0,0.22900131344795227,0.22566470503807068,0.21478965878486633,0.23420141637325287,0.003336608409881592,0.008774131536483765
b8,b4,7,0,self-doubt / encouragement,2.0,2.0,0.2939532399177551,0.22566470503807068,0.2939532399177551,0.23420141637325287,0.0,0.034144267439842224
b8,b4,7,1,frustration / despair,-2.0,-2.0,0.17540572583675385,0.19243218004703522,0.14813882112503052,0.1751236766576767,-0.017026454210281372,0.005120225250720978
b8,b4,7,1,frustration / despair,-2.0,2.0,0.1521444022655487,0.19243218004703522,0.34492677450180054,0.1751236766576767,-0.19278237223625183,-0.11653507500886917
b8,b4,7,1,frustration / despair,2.0,-2.0,0.23806548118591309,0.34420865774154663,0.14813882112503052,0.1751236766576767,-0.10614317655563354,-0.008108258247375488
b8,b4,7,1,frustration / despair,2.0,2.0,0.34492677450180054,0.34420865774154663,0.34492677450180054,0.1751236766576767,0.0,0.0003590583801269531
b8,b4,7,2,uncertainty / indecision,-2.0,-2.0,0.2646418809890747,0.25778985023498535,0.24578888714313507,0.23822972178459167,0.0068520307540893555,0.012852512300014496
b8,b4,7,2,uncertainty / indecision,-2.0,2.0,0.26677876710891724,0.25778985023498535,0.39835917949676514,0.23822972178459167,-0.1315804123878479,-0.06129574775695801
b8,b4,7,2,uncertainty / indecision,2.0,-2.0,0.2088056206703186,0.25417453050613403,0.24578888714313507,0.23822972178459167,-0.04536890983581543,-0.04117608815431595
b8,b4,7,2,uncertainty / indecision,2.0,2.0,0.39835917949676514,0.25417453050613403,0.39835917949676514,0.23822972178459167,0.0,0.07209232449531555
b8,b4,7,3,romantic idealism,-2.0,-2.0,0.09696445614099503,0.12774576246738434,0.05159175395965576,0.04390828683972359,-0.030781306326389313,0.007295697927474976
b8,b4,7,3,romantic idealism,-2.0,2.0,0.12947744131088257,0.12774576246738434,0.17481476068496704,0.04390828683972359,-0.04533731937408447,-0.02180282026529312
b8,b4,7,3,romantic idealism,2.0,-2.0,0.0721249058842659,0.07651469111442566,0.05159175395965576,0.04390828683972359,-0.0043897852301597595,0.00807168334722519
b8,b4,7,3,romantic idealism,2.0,2.0,0.17481476068496704,0.07651469111442566,0.17481476068496704,0.04390828683972359,0.0,0.04915003478527069
b8,b4,7,4,academic ambition / competitive determination,-2.0,-2.0,0.10977908968925476,0.14669020473957062,0.12058199942111969,0.0975266844034195,-0.03691111505031586,-0.023857012391090393
b8,b4,7,4,academic ambition / competitive determination,-2.0,2.0,0.15636500716209412,0.14669020473957062,0.28996434807777405,0.0975266844034195,-0.13359934091567993,-0.06196226924657822
b8,b4,7,4,academic ambition / competitive determination,2.0,-2.0,0.10063125938177109,0.09812728315591812,0.12058199942111969,0.0975266844034195,-0.019950740039348602,-0.008723381906747818
b8,b4,7,4,academic ambition / competitive determination,2.0,2.0,0.28996434807777405,0.09812728315591812,0.28996434807777405,0.0975266844034195,0.0,0.09591853246092796
b8,b4,7,5,ironic amusement,-2.0,-2.0,0.17995139956474304,0.12233951687812805,0.121162548661232,0.16565942764282227,0.05761188268661499,0.05820036679506302
b8,b4,7,5,ironic amusement,-2.0,2.0,0.14595340192317963,0.12233951687812805,0.28677278757095337,0.16565942764282227,-0.14081938564777374,-0.058602750301361084
b8,b4,7,5,ironic amusement,2.0,-2.0,0.18458206951618195,0.15157583355903625,0.121162548661232,0.16565942764282227,0.03300623595714569,0.04821287840604782
b8,b4,7,5,ironic amusement,2.0,2.0,0.28677278757095337,0.15157583355903625,0.28677278757095337,0.16565942764282227,0.0,0.06759847700595856
b8,b4,7,6,enthusiasm / curiosity,-2.0,-2.0,0.1715298742055893,0.1899939924478531,0.13573423027992249,0.21325303614139557,-0.018464118242263794,0.008665762841701508
b8,b4,7,6,enthusiasm / curiosity,-2.0,2.0,0.21680423617362976,0.1899939924478531,0.33368515968322754,0.21325303614139557,-0.11688092350959778,-0.04503533989191055
b8,b4,7,6,enthusiasm / curiosity,2.0,-2.0,0.21555769443511963,0.20909768342971802,0.13573423027992249,0.21325303614139557,0.006460011005401611,0.04314173758029938
b8,b4,7,6,enthusiasm / curiosity,2.0,2.0,0.33368515968322754,0.20909768342971802,0.33368515968322754,0.21325303614139557,0.0,0.06229373812675476
b8,b7,0,0,self-doubt / encouragement,-2.0,-2.0,0.16998769342899323,0.13056142628192902,0.24010775983333588,0.2579997777938843,-0.07012006640434265,-0.015346899628639221
b8,b7,0,0,self-doubt / encouragement,-2.0,2.0,0.18894152343273163,0.13056142628192902,0.053101733326911926,0.2579997777938843,0.05838009715080261,0.09710994362831116
b8,b7,0,0,self-doubt / encouragement,2.0,-2.0,0.15185949206352234,0.20025020837783813,0.24010775983333588,0.2579997777938843,-0.08824826776981354,-0.06831949204206467
b8,b7,0,0,self-doubt / encouragement,2.0,2.0,0.13931193947792053,0.20025020837783813,0.053101733326911926,0.2579997777938843,-0.0609382688999176,0.012635968625545502
b8,b7,0,1,frustration / despair,-2.0,-2.0,0.12056832760572433,0.07960298657417297,0.16612063348293304,0.1789245754480362,-0.04555230587720871,-0.0022934824228286743
b8,b7,0,1,frustration / despair,-2.0,2.0,0.13707002997398376,0.07960298657417297,0.1255190074443817,0.1789245754480362,0.01155102252960205,0.03450903296470642
b8,b7,0,1,frustration / despair,2.0,-2.0,0.16133733093738556,0.22510358691215515,0.16612063348293304,0.1789245754480362,-0.06376625597476959,-0.03427477926015854
b8,b7,0,1,frustration / despair,2.0,2.0,0.15203963220119476,0.22510358691215515,0.1255190074443817,0.1789245754480362,-0.07306395471096039,-0.02327166497707367
b8,b7,0,2,uncertainty / indecision,-2.0,-2.0,0.17240706086158752,0.12467452138662338,0.20127709209918976,0.29380178451538086,-0.028870031237602234,0.009431254118680954
b8,b7,0,2,uncertainty / indecision,-2.0,2.0,0.167368084192276,0.12467452138662338,0.12483953684568405,0.29380178451538086,0.04252854734659195,0.042611055076122284
b8,b7,0,2,uncertainty / indecision,2.0,-2.0,0.20644919574260712,0.18865670263767242,0.20127709209918976,0.29380178451538086,0.005172103643417358,0.011482298374176025
b8,b7,0,2,uncertainty / indecision,2.0,2.0,0.12306014448404312,0.18865670263767242,0.12483953684568405,0.29380178451538086,-0.0655965581536293,-0.03368797525763512
b8,b7,0,3,romantic idealism,-2.0,-2.0,0.0917009487748146,0.05521149933338165,0.1230132207274437,0.09819807857275009,-0.03131227195262909,0.0025885887444019318
b8,b7,0,3,romantic idealism,-2.0,2.0,0.08109930157661438,0.05521149933338165,-0.006037356331944466,0.09819807857275009,0.025887802243232727,0.056512230075895786
b8,b7,0,3,romantic idealism,2.0,-2.0,0.07689031213521957,-0.013371109031140804,0.1230132207274437,0.09819807857275009,-0.04612290859222412,0.02206925628706813
b8,b7,0,3,romantic idealism,2.0,2.0,-0.009635869413614273,-0.013371109031140804,-0.006037356331944466,0.09819807857275009,-0.0035985130816698074,6.836326792836189e-05
b8,b7,0,4,academic ambition / competitive determination,-2.0,-2.0,0.09445492178201675,0.02350233495235443,0.1517445594072342,0.12983283400535583,-0.05728963762521744,0.006831474602222443
b8,b7,0,4,academic ambition / competitive determination,-2.0,2.0,0.15643635392189026,0.02350233495235443,0.029156554490327835,0.12983283400535583,0.12727979943156242,0.13010690920054913
b8,b7,0,4,academic ambition / competitive determination,2.0,-2.0,0.12569376826286316,0.05639797821640968,0.1517445594072342,0.12983283400535583,-0.026050791144371033,0.02162249945104122
b8,b7,0,4,academic ambition / competitive determination,2.0,2.0,0.07856980711221695,0.05639797821640968,0.029156554490327835,0.12983283400535583,0.022171828895807266,0.03579254075884819
b8,b7,0,5,ironic amusement,-2.0,-2.0,0.1986619383096695,0.08042799681425095,0.14739485085010529,0.1419805884361267,0.05126708745956421,0.08475051447749138
b8,b7,0,5,ironic amusement,-2.0,2.0,0.11169052869081497,0.08042799681425095,0.04395126923918724,0.1419805884361267,0.031262531876564026,0.04950089566409588
b8,b7,0,5,ironic amusement,2.0,-2.0,0.10970708727836609,0.08881612122058868,0.14739485085010529,0.1419805884361267,-0.0376877635717392,-0.008398398756980896
b8,b7,0,5,ironic amusement,2.0,2.0,0.10460586100816727,0.08881612122058868,0.04395126923918724,0.1419805884361267,0.015789739787578583,0.038222165778279305
b8,b7,0,6,enthusiasm / curiosity,-2.0,-2.0,0.1727452576160431,0.0865272805094719,0.18730014562606812,0.18679827451705933,-0.014554888010025024,0.03583154454827309
b8,b7,0,6,enthusiasm / curiosity,-2.0,2.0,0.14591868221759796,0.0865272805094719,0.08102496713399887,0.18679827451705933,0.05939140170812607,0.06214255839586258
b8,b7,0,6,enthusiasm / curiosity,2.0,-2.0,0.16756302118301392,0.14959056675434113,0.18730014562606812,0.18679827451705933,-0.0197371244430542,-0.0008823350071907043
b8,b7,0,6,enthusiasm / curiosity,2.0,2.0,0.14447304606437683,0.14959056675434113,0.08102496713399887,0.18679827451705933,-0.005117520689964294,0.029165279120206833
b8,b7,1,0,self-doubt / encouragement,-2.0,-2.0,0.09071953594684601,0.1527615636587143,0.10299979895353317,0.08845274150371552,-0.062042027711868286,-0.037161145359277725
b8,b7,1,0,self-doubt / encouragement,-2.0,2.0,0.09174048900604248,0.1527615636587143,0.048193130642175674,0.08845274150371552,-0.061021074652671814,-0.008736858144402504
b8,b7,1,0,self-doubt / encouragement,2.0,-2.0,0.083729587495327,0.12358766794204712,0.10299979895353317,0.08845274150371552,-0.03985808044672012,-0.02956414595246315
b8,b7,1,0,self-doubt / encouragement,2.0,2.0,0.08305522799491882,0.12358766794204712,0.048193130642175674,0.08845274150371552,-0.040532439947128296,-0.0028351712971925735
b8,b7,1,1,frustration / despair,-2.0,-2.0,0.0743790939450264,0.10295349359512329,0.11654634028673172,0.12093593180179596,-0.04216724634170532,-0.03537082299590111
b8,b7,1,1,frustration / despair,-2.0,2.0,0.10116785019636154,0.10295349359512329,0.0919177234172821,0.12093593180179596,-0.0017856433987617493,0.003732241690158844
b8,b7,1,1,frustration / despair,2.0,-2.0,0.10055040568113327,0.15652057528495789,0.11654634028673172,0.12093593180179596,-0.055970169603824615,-0.03598305210471153
b8,b7,1,1,frustration / despair,2.0,2.0,0.0588771291077137,0.15652057528495789,0.0919177234172821,0.12093593180179596,-0.09764344617724419,-0.0653420202434063
b8,b7,1,2,uncertainty / indecision,-2.0,-2.0,0.09890861064195633,0.1676984429359436,0.15033431351184845,0.15784244239330292,-0.06878983229398727,-0.0601077675819397
b8,b7,1,2,uncertainty / indecision,-2.0,2.0,0.14512768387794495,0.1676984429359436,0.14599193632602692,0.15784244239330292,-0.022570759057998657,-0.011717505753040314
b8,b7,1,2,uncertainty / indecision,2.0,-2.0,0.1487698256969452,0.15992122888565063,0.15033431351184845,0.15784244239330292,-0.011151403188705444,-0.006357945501804352
b8,b7,1,2,uncertainty / indecision,2.0,2.0,0.11213413625955582,0.15992122888565063,0.14599193632602692,0.15784244239330292,-0.04778709262609482,-0.04082244634628296
b8,b7,1,3,romantic idealism,-2.0,-2.0,0.03025650419294834,-0.022096607834100723,0.022664878517389297,-0.00678758230060339,0.007591625675559044,0.029972368851304054
b8,b7,1,3,romantic idealism,-2.0,2.0,0.027263514697551727,-0.022096607834100723,-0.013974197208881378,-0.00678758230060339,0.041237711906433105,0.04529891721904278
b8,b7,1,3,romantic idealism,2.0,-2.0,0.13679203391075134,0.08460450172424316,0.022664878517389297,-0.00678758230060339,0.05218753218650818,0.08315734378993511
b8,b7,1,3,romantic idealism,2.0,2.0,0.028696125373244286,0.08460450172424316,-0.013974197208881378,-0.00678758230060339,-0.05590837635099888,-0.006619026884436607
b8,b7,1,4,academic ambition / competitive determination,-2.0,-2.0,0.07690420001745224,0.1115560382604599,0.08047297596931458,0.07019902020692825,-0.03465183824300766,-0.019110307097434998
b8,b7,1,4,academic ambition / competitive determination,-2.0,2.0,0.0887741670012474,0.1115560382604599,0.07481762766838074,0.07019902020692825,-0.022781871259212494,-0.004412665963172913
b8,b7,1,4,academic ambition / competitive determination,2.0,-2.0,0.010647091083228588,0.028006665408611298,0.08047297596931458,0.07019902020692825,-0.06982588488608599,-0.04359272960573435
b8,b7,1,4,academic ambition / competitive determination,2.0,2.0,0.03578965365886688,0.028006665408611298,0.07481762766838074,0.07019902020692825,-0.039027974009513855,-0.015622492879629135
b8,b7,1,5,ironic amusement,-2.0,-2.0,0.10276052355766296,0.1226440817117691,0.06706193089485168,0.11188811808824539,-0.01988355815410614,0.00790751725435257
b8,b7,1,5,ironic amusement,-2.0,2.0,0.10683658719062805,0.1226440817117691,0.07886409759521484,0.11188811808824539,-0.015807494521141052,0.006082497537136078
b8,b7,1,5,ironic amusement,2.0,-2.0,0.17795610427856445,0.11619946360588074,0.06706193089485168,0.11188811808824539,0.061756640672683716,0.08632540702819824
b8,b7,1,5,ironic amusement,2.0,2.0,0.0978015810251236,0.11619946360588074,0.07886409759521484,0.11188811808824539,-0.01839788258075714,0.00026980042457580566
b8,b7,1,6,enthusiasm / curiosity,-2.0,-2.0,0.13687673211097717,0.11313195526599884,0.1170770600438118,0.10050353407859802,0.019799672067165375,0.021772224456071854
b8,b7,1,6,enthusiasm / curiosity,-2.0,2.0,0.14050710201263428,0.11313195526599884,0.0704379454255104,0.10050353407859802,0.027375146746635437,0.048722151666879654
b8,b7,1,6,enthusiasm / curiosity,2.0,-2.0,0.13299283385276794,0.11505993455648422,0.1170770600438118,0.10050353407859802,0.015915773808956146,0.016924336552619934
b8,b7,1,6,enthusiasm / curiosity,2.0,2.0,0.09348898380994797,0.11505993455648422,0.0704379454255104,0.10050353407859802,-0.021570950746536255,0.0007400438189506531
b8,b7,2,0,self-doubt / encouragement,-2.0,-2.0,0.1408536434173584,0.13277414441108704,0.11487842351198196,0.11809313297271729,0.008079499006271362,0.0170273594558239
b8,b7,2,0,self-doubt / encouragement,-2.0,2.0,0.15620869398117065,0.13277414441108704,0.1376868188381195,0.11809313297271729,0.018521875143051147,0.020978212356567383
b8,b7,2,0,self-doubt / encouragement,2.0,-2.0,0.1731681078672409,0.16644588112831116,0.11487842351198196,0.11809313297271729,0.0067222267389297485,0.032505955547094345
b8,b7,2,0,self-doubt / encouragement,2.0,2.0,0.16469022631645203,0.16644588112831116,0.1376868188381195,0.11809313297271729,-0.0017556548118591309,0.012623876333236694
b8,b7,2,1,frustration / despair,-2.0,-2.0,0.08148924261331558,0.07126232981681824,0.047212306410074234,0.08123224973678589,0.010226912796497345,0.022251924499869347
b8,b7,2,1,frustration / despair,-2.0,2.0,0.061277467757463455,0.07126232981681824,0.11366938054561615,0.08123224973678589,-0.052391912788152695,-0.03118838742375374
b8,b7,2,1,frustration / despair,2.0,-2.0,0.08674035966396332,0.08828797936439514,0.047212306410074234,0.08123224973678589,-0.0015476197004318237,0.01899021677672863
b8,b7,2,1,frustration / despair,2.0,2.0,0.11638188362121582,0.08828797936439514,0.11366938054561615,0.08123224973678589,0.0027125030755996704,0.015403203666210175
b8,b7,2,2,uncertainty / indecision,-2.0,-2.0,0.13998068869113922,0.1281988024711609,0.06190266087651253,0.16279290616512299,0.011781886219978333,0.04492995701730251
b8,b7,2,2,uncertainty / indecision,-2.0,2.0,0.070340096950531,0.1281988024711609,0.07791983336210251,0.16279290616512299,-0.05785870552062988,-0.03271922096610069
b8,b7,2,2,uncertainty / indecision,2.0,-2.0,0.095804363489151,0.18965382874011993,0.06190266087651253,0.16279290616512299,-0.09384946525096893,-0.02997388131916523
b8,b7,2,2,uncertainty / indecision,2.0,2.0,0.13073186576366425,0.18965382874011993,0.07791983336210251,0.16279290616512299,-0.05892196297645569,-0.0030549652874469757
b8,b7,2,3,romantic idealism,-2.0,-2.0,0.11954076588153839,0.10321937501430511,0.11990389227867126,0.0818898156285286,-0.00036312639713287354,0.007979132235050201
b8,b7,2,3,romantic idealism,-2.0,2.0,0.03563680499792099,0.10321937501430511,0.035414159297943115,0.0818898156285286,-0.06758257001638412,-0.033679962158203125
b8,b7,2,3,romantic idealism,2.0,-2.0,0.08742654323577881,0.06397201120853424,0.11990389227867126,0.0818898156285286,-0.032477349042892456,-0.004511408507823944
b8,b7,2,3,romantic idealism,2.0,2.0,0.0893462523818016,0.06397201120853424,0.035414159297943115,0.0818898156285286,0.025374241173267365,0.03965316712856293
b8,b7,2,4,academic ambition / competitive determination,-2.0,-2.0,0.10562142729759216,0.10393443703651428,0.14278094470500946,0.2249232828617096,-0.0371595174074173,-0.017736263573169708
b8,b7,2,4,academic ambition / competitive determination,-2.0,2.0,0.05667925253510475,0.10393443703651428,0.09380077570676804,0.2249232828617096,-0.04725518450140953,-0.04218835383653641
b8,b7,2,4,academic ambition / competitive determination,2.0,-2.0,0.07814913243055344,0.26346614956855774,0.14278094470500946,0.2249232828617096,-0.1853170171380043,-0.12497441470623016
b8,b7,2,4,academic ambition / competitive determination,2.0,2.0,0.07488817721605301,0.26346614956855774,0.09380077570676804,0.2249232828617096,-0.18857797235250473,-0.10374528542160988
b8,b7,2,5,ironic amusement,-2.0,-2.0,0.18572525680065155,0.15718892216682434,0.14754745364189148,0.07563547044992447,0.02853633463382721,0.03335706889629364
b8,b7,2,5,ironic amusement,-2.0,2.0,0.031108032912015915,0.15718892216682434,0.06459343433380127,0.07563547044992447,-0.12608088925480843,-0.07978314533829689
b8,b7,2,5,ironic amusement,2.0,-2.0,0.11530575901269913,0.13283079862594604,0.14754745364189148,0.07563547044992447,-0.03224169462919235,-0.024883367121219635
b8,b7,2,5,ironic amusement,2.0,2.0,0.05607164651155472,0.13283079862594604,0.06459343433380127,0.07563547044992447,-0.07675915211439133,-0.04264046996831894
b8,b7,2,6,enthusiasm / curiosity,-2.0,-2.0,0.17314425110816956,0.18689872324466705,0.13487586379051208,0.16488325595855713,-0.013754472136497498,0.012256957590579987
b8,b7,2,6,enthusiasm / curiosity,-2.0,2.0,0.11550107598304749,0.18689872324466705,0.14503295719623566,0.16488325595855713,-0.07139764726161957,-0.05046476423740387
b8,b7,2,6,enthusiasm / curiosity,2.0,-2.0,0.11246675252914429,0.20830611884593964,0.13487586379051208,0.16488325595855713,-0.09583936631679535,-0.059124238789081573
b8,b7,2,6,enthusiasm / curiosity,2.0,2.0,0.16404689848423004,0.20830611884593964,0.14503295719623566,0.16488325595855713,-0.044259220361709595,-0.012622639536857605
b8,b7,3,0,self-doubt / encouragement,-2.0,-2.0,0.10307369381189346,0.1019725427031517,0.0751107856631279,0.05243324488401413,0.0011011511087417603,0.014532029628753662
b8,b7,3,0,self-doubt / encouragement,-2.0,2.0,0.055672917515039444,0.1019725427031517,0.03333019092679024,0.05243324488401413,-0.04629962518811226,-0.011978449299931526
b8,b7,3,0,self-doubt / encouragement,2.0,-2.0,0.13563618063926697,0.06772104650735855,0.0751107856631279,0.05243324488401413,0.06052539497613907,0.06422026455402374
b8,b7,3,0,self-doubt / encouragement,2.0,2.0,0.021722828969359398,0.06772104650735855,0.03333019092679024,0.05243324488401413,-0.04599821753799915,-0.028802789747714996
b8,b7,3,1,frustration / despair,-2.0,-2.0,0.07793811708688736,0.08965389430522919,0.07705845683813095,0.09356782585382462,-0.011715777218341827,-0.005418058484792709
b8,b7,3,1,frustration / despair,-2.0,2.0,0.10910569131374359,0.08965389430522919,0.0779227763414383,0.09356782585382462,0.019451797008514404,0.02531735599040985
b8,b7,3,1,frustration / despair,2.0,-2.0,0.07419131696224213,0.07418173551559448,0.07705845683813095,0.09356782585382462,-0.0028671398758888245,-0.0014287792146205902
b8,b7,3,1,frustration / despair,2.0,2.0,0.07079644501209259,0.07418173551559448,0.0779227763414383,0.09356782585382462,-0.007126331329345703,-0.005255810916423798
b8,b7,3,2,uncertainty / indecision,-2.0,-2.0,0.1473102569580078,0.13949702680110931,0.11815701425075531,0.12720690667629242,0.007813230156898499,0.0184832364320755
b8,b7,3,2,uncertainty / indecision,-2.0,2.0,0.12931379675865173,0.13949702680110931,0.11879537999629974,0.12720690667629242,-0.01018323004245758,0.0001675933599472046
b8,b7,3,2,uncertainty / indecision,2.0,-2.0,0.1487341672182083,0.1182534471154213,0.11815701425075531,0.12720690667629242,0.030480720102787018,0.03052893653512001
b8,b7,3,2,uncertainty / indecision,2.0,2.0,0.11298628151416779,0.1182534471154213,0.11879537999629974,0.12720690667629242,-0.005809098482131958,-0.005538132041692734
b8,b7,3,3,romantic idealism,-2.0,-2.0,0.039503417909145355,0.07449480146169662,0.01537619810551405,0.030841806903481483,-0.03499138355255127,-0.005432081874459982
b8,b7,3,3,romantic idealism,-2.0,2.0,0.024298012256622314,0.07449480146169662,0.048922061920166016,0.030841806903481483,-0.05019678920507431,-0.037410419434309006
b8,b7,3,3,romantic idealism,2.0,-2.0,0.05710757151246071,0.0012644161470234394,0.01537619810551405,0.030841806903481483,0.04173137340694666,0.048787264386191964
b8,b7,3,3,romantic idealism,2.0,2.0,-0.001956656575202942,0.0012644161470234394,0.048922061920166016,0.030841806903481483,-0.05087871849536896,-0.02704989560879767
b8,b7,3,4,academic ambition / competitive determination,-2.0,-2.0,0.10269056260585785,0.05371800810098648,0.07596538215875626,0.05445351451635361,0.026725180447101593,0.03784886747598648
b8,b7,3,4,academic ambition / competitive determination,-2.0,2.0,0.06256324052810669,0.05371800810098648,0.04214197397232056,0.05445351451635361,0.008845232427120209,0.01463324949145317
b8,b7,3,4,academic ambition / competitive determination,2.0,-2.0,0.10776031762361526,0.08670889586210251,0.07596538215875626,0.05445351451635361,0.021051421761512756,0.026423178613185883
b8,b7,3,4,academic ambition / competitive determination,2.0,2.0,0.033657412976026535,0.08670889586210251,0.04214197397232056,0.05445351451635361,-0.053051482886075974,-0.030768021941184998
b8,b7,3,5,ironic amusement,-2.0,-2.0,0.1327509731054306,0.11582067608833313,0.12127641588449478,0.11291592568159103,0.011474557220935822,0.014202427119016647
b8,b7,3,5,ironic amusement,-2.0,2.0,0.11198705434799194,0.11582067608833313,0.11276532709598541,0.11291592568159103,-0.0038336217403411865,-0.002305947244167328
b8,b7,3,5,ironic amusement,2.0,-2.0,0.14438842236995697,0.12299680709838867,0.12127641588449478,0.11291592568159103,0.0213916152715683,0.022251810878515244
b8,b7,3,5,ironic amusement,2.0,2.0,0.11208783090114594,0.12299680709838867,0.11276532709598541,0.11291592568159103,-0.010908976197242737,-0.005793236196041107
b8,b7,3,6,enthusiasm / curiosity,-2.0,-2.0,0.17334306240081787,0.14598791301250458,0.12870904803276062,0.11533571034669876,0.027355149388313293,0.03599458187818527
b8,b7,3,6,enthusiasm / curiosity,-2.0,2.0,0.13674452900886536,0.14598791301250458,0.09726256877183914,0.11533571034669876,-0.009243384003639221,0.015119288116693497
b8,b7,3,6,enthusiasm / curiosity,2.0,-2.0,0.18309134244918823,0.1412336230278015,0.12870904803276062,0.11533571034669876,0.04185771942138672,0.048120006918907166
b8,b7,3,6,enthusiasm / curiosity,2.0,2.0,0.07385249435901642,0.1412336230278015,0.09726256877183914,0.11533571034669876,-0.0673811286687851,-0.04539560154080391
b8,b7,4,0,self-doubt / encouragement,-2.0,-2.0,0.13267633318901062,0.12815937399864197,0.11244892328977585,0.09420821070671082,0.004516959190368652,0.012372184544801712
b8,b7,4,0,self-doubt / encouragement,-2.0,2.0,0.19788716733455658,0.12815937399864197,0.03699452430009842,0.09420821070671082,0.06972779333591461,0.11531021818518639
b8,b7,4,0,self-doubt / encouragement,2.0,-2.0,0.12886592745780945,0.02987457998096943,0.11244892328977585,0.09420821070671082,0.0164170041680336,0.05770417582243681
b8,b7,4,0,self-doubt / encouragement,2.0,2.0,0.09847433120012283,0.02987457998096943,0.03699452430009842,0.09420821070671082,0.061479806900024414,0.06503977905958891
b8,b7,4,1,frustration / despair,-2.0,-2.0,0.11060619354248047,0.09591628611087799,0.10770496726036072,0.08754955232143402,0.002901226282119751,0.008795566856861115
b8,b7,4,1,frustration / despair,-2.0,2.0,0.12206846475601196,0.09591628611087799,0.06481058895587921,0.08754955232143402,0.026152178645133972,0.04170502722263336
b8,b7,4,1,frustration / despair,2.0,-2.0,0.10870667546987534,0.035641759634017944,0.10770496726036072,0.08754955232143402,0.001001708209514618,0.037033312022686005
b8,b7,4,1,frustration / despair,2.0,2.0,0.06293798238039017,0.035641759634017944,0.06481058895587921,0.08754955232143402,-0.0018726065754890442,0.01271180808544159
b8,b7,4,2,uncertainty / indecision,-2.0,-2.0,0.20589607954025269,0.17688941955566406,0.1863601803779602,0.17504476010799408,0.01953589916229248,0.024271279573440552
b8,b7,4,2,uncertainty / indecision,-2.0,2.0,0.24067986011505127,0.17688941955566406,0.12806135416030884,0.17504476010799408,0.06379044055938721,0.08820447325706482
b8,b7,4,2,uncertainty / indecision,2.0,-2.0,0.196433424949646,0.10258058458566666,0.1863601803779602,0.17504476010799408,0.010073244571685791,0.051963042467832565
b8,b7,4,2,uncertainty / indecision,2.0,2.0,0.1536080241203308,0.10258058458566666,0.12806135416030884,0.17504476010799408,0.025546669960021973,0.03828705474734306
b8,b7,4,3,romantic idealism,-2.0,-2.0,0.12539446353912354,0.0992179587483406,0.08956192433834076,0.07784955948591232,0.02617650479078293,0.031004521995782852
b8,b7,4,3,romantic idealism,-2.0,2.0,0.12800398468971252,0.0992179587483406,0.028116624802350998,0.07784955948591232,0.028786025941371918,0.06433669291436672
b8,b7,4,3,romantic idealism,2.0,-2.0,0.11016936600208282,0.0253573227673769,0.08956192433834076,0.07784955948591232,0.020607441663742065,0.052709742449223995
b8,b7,4,3,romantic idealism,2.0,2.0,0.001217004843056202,0.0253573227673769,0.028116624802350998,0.07784955948591232,-0.026899619959294796,-0.025519968941807747
b8,b7,4,4,academic ambition / competitive determination,-2.0,-2.0,0.17473401129245758,0.18114347755908966,0.21544846892356873,0.1761026680469513,-0.040714457631111145,-0.023561961948871613
b8,b7,4,4,academic ambition / competitive determination,-2.0,2.0,0.18638989329338074,0.18114347755908966,0.0779377818107605,0.1761026680469513,0.005246415734291077,0.05684926360845566
b8,b7,4,4,academic ambition / competitive determination,2.0,-2.0,0.22334985435009003,0.03925691545009613,0.21544846892356873,0.1761026680469513,0.007901385426521301,0.0959971621632576
b8,b7,4,4,academic ambition / competitive determination,2.0,2.0,0.08018040657043457,0.03925691545009613,0.0779377818107605,0.1761026680469513,0.0022426247596740723,0.021583057940006256
b8,b7,4,5,ironic amusement,-2.0,-2.0,0.09101520478725433,0.12085333466529846,0.05726347118616104,0.047947339713573456,-0.02983812987804413,0.001956801861524582
b8,b7,4,5,ironic amusement,-2.0,2.0,0.07433156669139862,0.12085333466529846,0.055057477205991745,0.047947339713573456,-0.04652176797389984,-0.013623839244246483
b8,b7,4,5,ironic amusement,2.0,-2.0,0.05625469982624054,0.029280342161655426,0.05726347118616104,0.047947339713573456,-0.0010087713599205017,0.012982793152332306
b8,b7,4,5,ironic amusement,2.0,2.0,0.05518805608153343,0.029280342161655426,0.055057477205991745,0.047947339713573456,0.000130578875541687,0.013019146397709846
b8,b7,4,6,enthusiasm / curiosity,-2.0,-2.0,0.1809433251619339,0.19535072147846222,0.15503080189228058,0.1213914304971695,-0.01440739631652832,0.0057525634765625
b8,b7,4,6,enthusiasm / curiosity,-2.0,2.0,0.18059775233268738,0.19535072147846222,0.08703206479549408,0.1213914304971695,-0.014752969145774841,0.03940635919570923
b8,b7,4,6,enthusiasm / curiosity,2.0,-2.0,0.17428617179393768,0.07245778292417526,0.15503080189228058,0.1213914304971695,0.019255369901657104,0.06054187938570976
b8,b7,4,6,enthusiasm / curiosity,2.0,2.0,0.14004456996917725,0.07245778292417526,0.08703206479549408,0.1213914304971695,0.053012505173683167,0.060299646109342575
b8,b7,5,0,self-doubt / encouragement,-2.0,-2.0,0.08971858769655228,0.08807329833507538,0.20128004252910614,0.26054656505584717,-0.11156145483255386,-0.05495808273553848
b8,b7,5,0,self-doubt / encouragement,-2.0,2.0,0.15368187427520752,0.08807329833507538,0.11373966187238693,0.26054656505584717,0.03994221240282059,0.052775394171476364
b8,b7,5,0,self-doubt / encouragement,2.0,-2.0,0.13654102385044098,0.15549248456954956,0.20128004252910614,0.26054656505584717,-0.06473901867866516,-0.04184523969888687
b8,b7,5,0,self-doubt / encouragement,2.0,2.0,0.14658468961715698,0.15549248456954956,0.11373966187238693,0.26054656505584717,-0.008907794952392578,0.011968616396188736
b8,b7,5,1,frustration / despair,-2.0,-2.0,0.13720011711120605,0.11454488337039948,0.18486712872982025,0.18212664127349854,-0.0476670116186142,-0.012505888938903809
b8,b7,5,1,frustration / despair,-2.0,2.0,0.13545385003089905,0.11454488337039948,0.12271235138177872,0.18212664127349854,0.01274149864912033,0.016825232654809952
b8,b7,5,1,frustration / despair,2.0,-2.0,0.13005991280078888,0.13724179565906525,0.18486712872982025,0.18212664127349854,-0.05480721592903137,-0.03099454939365387
b8,b7,5,1,frustration / despair,2.0,2.0,0.14374954998493195,0.13724179565906525,0.12271235138177872,0.18212664127349854,0.006507754325866699,0.013772476464509964
b8,b7,5,2,uncertainty / indecision,-2.0,-2.0,0.13583026826381683,0.13989880681037903,0.2773273289203644,0.3255496919155121,-0.14149706065654755,-0.07278279960155487
b8,b7,5,2,uncertainty / indecision,-2.0,2.0,0.23902049660682678,0.13989880681037903,0.2334793657064438,0.3255496919155121,0.005541130900382996,0.052331410348415375
b8,b7,5,2,uncertainty / indecision,2.0,-2.0,0.1727706342935562,0.22918187081813812,0.2773273289203644,0.3255496919155121,-0.10455669462680817,-0.08048396557569504
b8,b7,5,2,uncertainty / indecision,2.0,2.0,0.2409849613904953,0.22918187081813812,0.2334793657064438,0.3255496919155121,0.007505595684051514,0.009654343128204346
b8,b7,5,3,romantic idealism,-2.0,-2.0,0.01649915799498558,-0.01066632941365242,0.10509626567363739,0.07387951016426086,-0.08859710767865181,-0.030715810135006905
b8,b7,5,3,romantic idealism,-2.0,2.0,-0.007976568304002285,-0.01066632941365242,-0.0072425235994160175,0.07387951016426086,-0.0007340447045862675,0.0009778582025319338
b8,b7,5,3,romantic idealism,2.0,-2.0,0.03733654320240021,0.07569719851016998,0.10509626567363739,0.07387951016426086,-0.06775972247123718,-0.05306018888950348
b8,b7,5,3,romantic idealism,2.0,2.0,-0.0048774052411317825,0.07569719851016998,-0.0072425235994160175,0.07387951016426086,-0.08057460375130177,-0.039104742696508765
b8,b7,5,4,academic ambition / competitive determination,-2.0,-2.0,0.05651490390300751,0.05443524196743965,0.16257211565971375,0.2368575632572174,-0.10605721175670624,-0.05198877491056919
b8,b7,5,4,academic ambition / competitive determination,-2.0,2.0,0.17723897099494934,0.05443524196743965,0.08997610956430435,0.2368575632572174,0.08726286143064499,0.10503329522907734
b8,b7,5,4,academic ambition / competitive determination,2.0,-2.0,0.06552860885858536,0.12145040184259415,0.16257211565971375,0.2368575632572174,-0.09704350680112839,-0.07648264989256859
b8,b7,5,4,academic ambition / competitive determination,2.0,2.0,0.1031789556145668,0.12145040184259415,0.08997610956430435,0.2368575632572174,-0.018271446228027344,-0.0025343000888824463
b8,b7,5,5,ironic amusement,-2.0,-2.0,0.10776400566101074,0.10094626992940903,0.14030784368515015,0.12938886880874634,-0.032543838024139404,-0.012863051146268845
b8,b7,5,5,ironic amusement,-2.0,2.0,0.13992191851139069,0.10094626992940903,0.12289345264434814,0.12938886880874634,0.01702846586704254,0.0280020572245121
b8,b7,5,5,ironic amusement,2.0,-2.0,0.10598109662532806,0.1255149096250534,0.14030784368515015,0.12938886880874634,-0.03432674705982208,-0.026930280029773712
b8,b7,5,5,ironic amusement,2.0,2.0,0.12943191826343536,0.1255149096250534,0.12289345264434814,0.12938886880874634,0.003917008638381958,0.005227737128734589
b8,b7,5,6,enthusiasm / curiosity,-2.0,-2.0,0.12572932243347168,0.12607455253601074,0.20896705985069275,0.2497142255306244,-0.08323773741722107,-0.041791483759880066
b8,b7,5,6,enthusiasm / curiosity,-2.0,2.0,0.181507408618927,0.12607455253601074,0.15664537250995636,0.2497142255306244,0.024862036108970642,0.04014744609594345
b8,b7,5,6,enthusiasm / curiosity,2.0,-2.0,0.18105681240558624,0.20934990048408508,0.20896705985069275,0.2497142255306244,-0.02829308807849884,-0.028101667761802673
b8,b7,5,6,enthusiasm / curiosity,2.0,2.0,0.17473600804805756,0.20934990048408508,0.15664537250995636,0.2497142255306244,-0.03461389243602753,-0.008261628448963165
b8,b7,6,0,self-doubt / encouragement,-2.0,-2.0,0.0558825358748436,0.050577312707901,0.07869532704353333,0.05740978196263313,-0.022812791168689728,-0.008753784000873566
b8,b7,6,0,self-doubt / encouragement,-2.0,2.0,0.07990055531263351,0.050577312707901,0.11619249731302261,0.05740978196263313,-0.0362919420003891,-0.003484349697828293
b8,b7,6,0,self-doubt / encouragement,2.0,-2.0,0.1762004941701889,0.0074074845761060715,0.07869532704353333,0.05740978196263313,0.09750516712665558,0.1331490883603692
b8,b7,6,0,self-doubt / encouragement,2.0,2.0,0.1100776344537735,0.0074074845761060715,0.11619249731302261,0.05740978196263313,-0.006114862859249115,0.048277643509209156
b8,b7,6,1,frustration / despair,-2.0,-2.0,0.07698928564786911,0.042020320892333984,0.06495488435029984,0.018406767398118973,0.012034401297569275,0.0235016830265522
b8,b7,6,1,frustration / despair,-2.0,2.0,0.0475376695394516,0.042020320892333984,0.0639500617980957,0.018406767398118973,-0.016412392258644104,-0.005447521805763245
b8,b7,6,1,frustration / despair,2.0,-2.0,0.06651990115642548,0.0326261930167675,0.06495488435029984,0.018406767398118973,0.0015650168061256409,0.017729362472891808
b8,b7,6,1,frustration / despair,2.0,2.0,0.08067049086093903,0.0326261930167675,0.0639500617980957,0.018406767398118973,0.016720429062843323,0.03238236345350742
b8,b7,6,2,uncertainty / indecision,-2.0,-2.0,0.14130699634552002,0.08135531097650528,0.15513424575328827,0.05222403258085251,-0.01382724940776825,0.023062217980623245
b8,b7,6,2,uncertainty / indecision,-2.0,2.0,0.10570278763771057,0.08135531097650528,0.15961438417434692,0.05222403258085251,-0.05391159653663635,-0.01478205993771553
b8,b7,6,2,uncertainty / indecision,2.0,-2.0,0.08735445141792297,0.06916065514087677,0.15513424575328827,0.05222403258085251,-0.0677797943353653,-0.024792999029159546
b8,b7,6,2,uncertainty / indecision,2.0,2.0,0.14816823601722717,0.06916065514087677,0.15961438417434692,0.05222403258085251,-0.011446148157119751,0.033780716359615326
b8,b7,6,3,romantic idealism,-2.0,-2.0,-0.005172464996576309,0.047530002892017365,0.02349265292286873,-0.0029037646017968655,-0.052702467888593674,-0.040683792904019356
b8,b7,6,3,romantic idealism,-2.0,2.0,-0.013145904056727886,0.047530002892017365,0.03034040331840515,-0.0029037646017968655,-0.06067590694874525,-0.052081107161939144
b8,b7,6,3,romantic idealism,2.0,-2.0,0.05388514697551727,0.05376114696264267,0.02349265292286873,-0.0029037646017968655,0.00012400001287460327,0.015258247032761574
b8,b7,6,3,romantic idealism,2.0,2.0,0.037632256746292114,0.05376114696264267,0.03034040331840515,-0.0029037646017968655,-0.016128890216350555,-0.004418518394231796
b8,b7,6,4,academic ambition / competitive determination,-2.0,-2.0,0.04519278556108475,0.04943562671542168,0.06546778231859207,0.0654359757900238,-0.020274996757507324,-0.012258918955922127
b8,b7,6,4,academic ambition / competitive determination,-2.0,2.0,0.07752899825572968,0.04943562671542168,0.11556864529848099,0.0654359757900238,-0.03803964704275131,-0.004973137751221657
b8,b7,6,4,academic ambition / competitive determination,2.0,-2.0,0.09330698102712631,0.022552430629730225,0.06546778231859207,0.0654359757900238,0.02783919870853424,0.049296874552965164
b8,b7,6,4,academic ambition / competitive determination,2.0,2.0,0.1503409594297409,0.022552430629730225,0.11556864529848099,0.0654359757900238,0.03477231413125992,0.0812804214656353
b8,b7,6,5,ironic amusement,-2.0,-2.0,0.021536773070693016,0.14877478778362274,0.052380986511707306,0.11782681196928024,-0.12723801471292973,-0.07904111407697201
b8,b7,6,5,ironic amusement,-2.0,2.0,0.15389849245548248,0.14877478778362274,0.1113574281334877,0.11782681196928024,0.005123704671859741,0.02383238449692726
b8,b7,6,5,ironic amusement,2.0,-2.0,0.02815079689025879,0.07324423640966415,0.052380986511707306,0.11782681196928024,-0.045093439519405365,-0.03466181457042694
b8,b7,6,5,ironic amusement,2.0,2.0,0.13338986039161682,0.07324423640966415,0.1113574281334877,0.11782681196928024,0.02203243225812912,0.041089028120040894
b8,b7,6,6,enthusiasm / curiosity,-2.0,-2.0,0.07194545865058899,0.07173492759466171,0.07552610337734222,0.07692910730838776,-0.003580644726753235,-0.0016850568354129791
b8,b7,6,6,enthusiasm / curiosity,-2.0,2.0,0.07855168730020523,0.07173492759466171,0.14605768024921417,0.07692910730838776,-0.06750599294900894,-0.030344616621732712
b8,b7,6,6,enthusiasm / curiosity,2.0,-2.0,0.1303074061870575,0.07984437793493271,0.07552610337734222,0.07692910730838776,0.050463028252124786,0.05262216553092003
b8,b7,6,6,enthusiasm / curiosity,2.0,2.0,0.15732254087924957,0.07984437793493271,0.14605768024921417,0.07692910730838776,0.0112648606300354,0.04437151178717613
b8,b7,7,0,self-doubt / encouragement,-2.0,-2.0,0.17351220548152924,0.2063046097755432,0.17309634387493134,0.2342257797718048,-0.03279240429401398,-0.01618827134370804
b8,b7,7,0,self-doubt / encouragement,-2.0,2.0,0.21127773821353912,0.2063046097755432,0.2638223171234131,0.2342257797718048,-0.05254457890987396,-0.023785725235939026
b8,b7,7,0,self-doubt / encouragement,2.0,-2.0,0.11010028421878815,0.22566470503807068,0.17309634387493134,0.2342257797718048,-0.11556442081928253,-0.08928024023771286
b8,b7,7,0,self-doubt / encouragement,2.0,2.0,0.20784123241901398,0.22566470503807068,0.2638223171234131,0.2342257797718048,-0.05598108470439911,-0.036902278661727905
b8,b7,7,1,frustration / despair,-2.0,-2.0,0.10546882450580597,0.19243218004703522,0.20162035524845123,0.17508135735988617,-0.09615153074264526,-0.09155744314193726
b8,b7,7,1,frustration / despair,-2.0,2.0,0.21037809550762177,0.19243218004703522,0.15025471150875092,0.17508135735988617,0.017945915460586548,0.0390346497297287
b8,b7,7,1,frustration / despair,2.0,-2.0,0.12636470794677734,0.34420865774154663,0.20162035524845123,0.17508135735988617,-0.2178439497947693,-0.1465497985482216
b8,b7,7,1,frustration / despair,2.0,2.0,0.24739980697631836,0.34420865774154663,0.15025471150875092,0.17508135735988617,-0.09680885076522827,0.00016812235116958618
b8,b7,7,2,uncertainty / indecision,-2.0,-2.0,0.20018215477466583,0.25778985023498535,0.24567213654518127,0.23823431134223938,-0.05760769546031952,-0.05154883861541748
b8,b7,7,2,uncertainty / indecision,-2.0,2.0,0.20038673281669617,0.25778985023498535,0.31042712926864624,0.23823431134223938,-0.11004039645195007,-0.08372175693511963
b8,b7,7,2,uncertainty / indecision,2.0,-2.0,0.14820465445518494,0.25417453050613403,0.24567213654518127,0.23823431134223938,-0.1059698760509491,-0.10171867907047272
b8,b7,7,2,uncertainty / indecision,2.0,2.0,0.2112167775630951,0.25417453050613403,0.31042712926864624,0.23823431134223938,-0.09921035170555115,-0.07108405232429504
b8,b7,7,3,romantic idealism,-2.0,-2.0,0.060220297425985336,0.12774576246738434,0.1531493365764618,0.04392537847161293,-0.09292903915047646,-0.08022725209593773
b8,b7,7,3,romantic idealism,-2.0,2.0,0.051137201488018036,0.12774576246738434,0.1321418136358261,0.04392537847161293,-0.08100461214780807,-0.07880658656358719
b8,b7,7,3,romantic idealism,2.0,-2.0,0.02994009666144848,0.07651469111442566,0.1531493365764618,0.04392537847161293,-0.12320923991501331,-0.08489191718399525
b8,b7,7,3,romantic idealism,2.0,2.0,0.05406469479203224,0.07651469111442566,0.1321418136358261,0.04392537847161293,-0.07807711884379387,-0.05026355758309364
b8,b7,7,4,academic ambition / competitive determination,-2.0,-2.0,0.08153410255908966,0.14669020473957062,0.10546055436134338,0.09754790365695953,-0.06515610218048096,-0.04454127699136734
b8,b7,7,4,academic ambition / competitive determination,-2.0,2.0,0.08123251050710678,0.14669020473957062,0.1262914538383484,0.09754790365695953,-0.06545769423246384,-0.05525831878185272
b8,b7,7,4,academic ambition / competitive determination,2.0,-2.0,0.05649523437023163,0.09812728315591812,0.10546055436134338,0.09754790365695953,-0.048965319991111755,-0.045298684388399124
b8,b7,7,4,academic ambition / competitive determination,2.0,2.0,0.07874701172113419,0.09812728315591812,0.1262914538383484,0.09754790365695953,-0.0475444421172142,-0.03346235677599907
b8,b7,7,5,ironic amusement,-2.0,-2.0,0.15217836201190948,0.12233951687812805,0.16878007352352142,0.16570064425468445,-0.01660171151161194,0.006618566811084747
b8,b7,7,5,ironic amusement,-2.0,2.0,0.1555069386959076,0.12233951687812805,0.20399899780750275,0.16570064425468445,-0.048492059111595154,-0.007662318646907806
b8,b7,7,5,ironic amusement,2.0,-2.0,0.0822516605257988,0.15157583355903625,0.16878007352352142,0.16570064425468445,-0.08652841299772263,-0.07792629301548004
b8,b7,7,5,ironic amusement,2.0,2.0,0.14878736436367035,0.15157583355903625,0.20399899780750275,0.16570064425468445,-0.0552116334438324,-0.02900005131959915
b8,b7,7,6,enthusiasm / curiosity,-2.0,-2.0,0.12419289350509644,0.1899939924478531,0.15347209572792053,0.21326260268688202,-0.06580109894275665,-0.047540150582790375
b8,b7,7,6,enthusiasm / curiosity,-2.0,2.0,0.16119714081287384,0.1899939924478531,0.20874182879924774,0.21326260268688202,-0.0475446879863739,-0.038170769810676575
b8,b7,7,6,enthusiasm / curiosity,2.0,-2.0,0.07738016545772552,0.20909768342971802,0.15347209572792053,0.21326260268688202,-0.1317175179719925,-0.10390472412109375
b8,b7,7,6,enthusiasm / curiosity,2.0,2.0,0.20566193759441376,0.20909768342971802,0.20874182879924774,0.21326260268688202,-0.0034357458353042603,-0.0032578185200691223
