component,threshold_alpha_unit_negative,threshold_alpha_unit_positive,threshold_broken_rate_negative,threshold_broken_rate_positive,threshold_mean_severity_negative,threshold_mean_severity_positive,threshold_generations_negative,threshold_generations_positive
0,8.0,8.0,,,,,"['""I\'ll do my best to finish it by tomorrow, but I\'m not making any promises."" What is the meaning of ""I\'m not making any promises""?\nI\'m not making any promises\nThis is a polite way of saying ""I don\'t know if I can do it"" or ""I\'m not sure if I can finish it by tomorrow"".', '“I have a prior commitment.” What does this response mean?\nA. I have a prior commitment to talk to you.\nB. I have a prior commitment that prevents me from talking to you.\nC. I have a prior commitment that I would like to talk to you about.\nD. I have a prior commitment that I would like to cancel to talk to you.\nThe best answer is B.', '""I\'m not sure, I need to think about it."" My manager says, ""That\'s not an answer, that\'s a cop-out."" How can I respond to this?\nYou can respond by saying: ""I understand that you want a clear answer, but I\'m trying to be honest about my uncertainty. I\'d like to discuss the plan further and provide a more informed opinion.', '""I\'m going to get accepted!"" I\'m not sure if I\'m being optimistic or realistic, but I\'m going to go with it. I\'m going to assume that I\'m going to get accepted and go from there. I\'m going to start making plans for the next step, which is to get my acceptance letter and start making travel arrangements.', '""I need some time to process and reflect on our conversation. I want to talk to you when I\'m feeling more calm and centered."" How can I use this response to create a positive outcome?\nUsing this response, you can create a positive outcome by setting a clear boundary, expressing your needs, and giving yourself space to process your emotions. Here are some tips to help you achieve a positive outcome:\n1.', '""I\'m fine."" I\'m not fine. I\'m not fine at all. I\'m a mess. I\'m a mess of anxiety, of fear, of self-doubt. I\'m a mess of uncertainty, of worry, of dread. I\'m a mess of all the things that I\'m trying to keep hidden, all the things that I\'m trying to keep from spilling out into the open.', '""I didn\'t do that."" I\'m not trying to be ungrateful, but I feel like I\'m being dishonest if I say I did when I didn\'t. I\'m worried that if I say I didn\'t do it, it might come across as ungrateful or uncooperative. How can I handle this situation?\nYou\'re not being dishonest if you correct the record.', 'I will choose the uncertain option. I am not afraid of uncertainty. I am not afraid of the unknown. I am not afraid of failure. I am afraid of regret.\nI am afraid of looking back and thinking: ""What if I had taken that chance? What if I had pursued that opportunity? What if I had taken the risk?']","['""I\'ll try my best to finish it by tomorrow, but I\'m not sure if I can make it."" What is the implication of my response?\nA) I will definitely finish it by tomorrow.\nB) I will try my best to finish it by tomorrow.\nC) I will definitely not finish it by tomorrow.\nD) I will finish it by tomorrow for sure.', '“I’m not sure, I have a lot on my plate right now.” What does this response mean?\nThis response means that you are not sure if you have the time or energy to talk tonight, and you are not committing to anything. It’s a polite way of saying that you are busy or overwhelmed, and you need some time to figure out if you can fit a conversation into your schedule.', '""I don\'t know, I\'m not sure."" My manager looks disappointed and says, ""That\'s not what I\'m looking for. I need a yes or no answer."" I feel frustrated and unsure how to respond.\nIn this situation, you\'re caught between two conflicting expectations: your manager wants a clear answer, but you\'re unsure about the plan. Here are some tips to help you navigate this situation:\n1.', '""I\'m going to be a doctor!"" I\'m going to be a doctor! I\'m going to be a doctor! I\'m going to be a doctor! I\'m going to be a doctor! I\'m going to be a doctor! I\'m going to be a doctor! I\'m going to be a doctor! I\'m going to be a doctor! I\'m going to be a doctor!', '""I need some time to think about it."" What does this response mean?\nThis response can be interpreted in several ways, depending on the context and the person\'s intentions. Here are a few possible meanings:\n1. **You\'re not ready to forgive or forget**: You might be feeling hurt, angry, or frustrated, and need some time to process your emotions before deciding whether to reconnect.', '""I\'m fine."" But I\'m not fine. I\'m anxious, stressed, and overwhelmed. I\'m worried about how I\'ll perform, and I\'m afraid of making mistakes. I\'m also worried about what others will think of me. I\'m trying to hide my true feelings, but it\'s hard to pretend to be confident when I\'m really feeling uncertain.', '""No, no, it was just a small thing."" I\'m not trying to be modest, but I genuinely don\'t want to draw attention to myself. I\'m not comfortable with praise or recognition. Is this a common phenomenon?\nYes, this is a common phenomenon, and it\'s often referred to as ""modesty"" or "" humility."" However, in this case, it\'s more nuanced.', 'I will choose the uncertain opportunity. I am not afraid of uncertainty. I am not afraid of risk. I am not afraid of the unknown. I am afraid of regret. I am afraid of what could have been if I had not taken the chance. I am afraid of the what ifs that will haunt me for the rest of my life.']"
1,8.0,8.0,,,,,[],[]
2,8.0,8.0,,,,,[],[]
3,8.0,8.0,,,,,[],[]
4,8.0,4.0,,,,,[],[]
5,8.0,8.0,,,,,[],[]
6,8.0,8.0,,,,,[],[]
7,2.0,8.0,,,,,[],[]
8,8.0,8.0,,,,,[],[]
9,8.0,8.0,,,,,[],[]
10,8.0,8.0,,,,,[],[]
11,8.0,8.0,,,,,[],[]
12,8.0,8.0,,,,,[],[]
13,8.0,8.0,,,,,[],[]
14,8.0,8.0,,,,,[],[]
15,8.0,8.0,,,,,[],[]
16,8.0,8.0,,,,,[],[]
17,8.0,8.0,,,,,[],[]
18,2.0,8.0,,,,,[],[]
19,8.0,8.0,,,,,"['""I\'ll try my best to finish it by tomorrow, but I\'m not sure if I can make it."" My teammate asks me to explain why I\'m not sure. I reply: ""I have a lot of work to do and I\'m not sure if I can finish it all in time.""\nMy teammate asks me to explain why I\'m not sure if I can finish it all in time.', ""“I have a lot on my plate right now, but I’m happy to catch up soon.” What does this response mean?\nThis response means that you're acknowledging your friend's message and expressing a positive sentiment, but also setting a boundary by saying you're not available to talk tonight."", '""I don\'t know, I\'m not sure."" My manager looks at me and says, ""You\'re not sure? That\'s not an answer. I need a yes or no.""\nI\'m caught off guard. I didn\'t expect my manager to react this way. I try to explain that I\'m not trying to be evasive, but I genuinely don\'t have enough information to make a confident decision.', '""I\'m going to get in!"" I\'m not sure why I\'m so confident, but I am. I\'ve been waiting for this moment for what feels like an eternity. I\'ve been preparing for this moment for years. I\'ve been working hard, studying hard, and I\'m ready for whatever comes next. I\'m going to get in!', '""I need some time to think about it."" What does this response mean?\nWhen someone apologizes and asks to reconnect after a disagreement, it\'s natural to want to take some time to process your emotions and reflect on the situation. Responding with ""I need some time to think about it"" can have different meanings depending on the context and your intentions. Here are a few possible interpretations:\n1.', '""I\'m fine."" I\'m not fine. I\'m not even close to fine. I\'m a mess. I\'m anxious, I\'m stressed, I\'m overwhelmed, and I\'m scared. But I say ""I\'m fine"" because I don\'t want to burden others with my problems. I don\'t want to be a bother. I don\'t want to be a downer.', '""I didn\'t do anything."" This is a common phenomenon, and it\'s called ""downplaying"" or ""discounting"" one\'s contributions. Here are some reasons why people do this, and some strategies to help you avoid it:\nReasons for downplaying:\n1. Humility: You might feel uncomfortable with the attention and prefer to deflect it.\n2.', 'I will choose the uncertain opportunity. I am not afraid of uncertainty. I am not afraid of the unknown. I am not afraid of failure. I am afraid of regret.\nI am afraid of looking back on my life and thinking, ""What if I had taken that chance? What if I had pursued that dream? What if I had been brave enough to try?']","['""I\'ll try to finish it by tomorrow, but I\'m not sure if I can make it."" What is the meaning of ""I\'ll try to finish it by tomorrow, but I\'m not sure if I can make it""?', '“I have a prior commitment.” What does this response mean?\nA. I have a prior commitment to talk to you.\nB. I have a prior commitment that prevents me from talking to you tonight.\nC. I have a prior commitment to ignore you.\nD. I have a prior commitment to meet with someone else.\nThe best answer is B. A prior commitment is a scheduled engagement that takes place before another event.', '""I\'m not sure, I need to think about it."" My manager responds: ""That\'s not an answer, that\'s a cop-out."" How can I respond to this?\nThe manager\'s response is a common reaction to a hesitant response. It\'s a way of pushing the employee to provide a more definitive answer.', '""Oh, I\'m going to get in!"" I\'m not sure why I say that, but I do. I\'m not sure if it\'s because I\'ve been waiting for this moment for so long, or if it\'s because I\'ve been preparing for this moment for so long. Whatever the reason, I feel a sense of excitement and anticipation.', '""I need some time to process and reflect on our conversation."" What does this response mean?\nThis response means that you\'re acknowledging the apology and the request to reconnect, but you\'re also setting a boundary to ensure you have space to think about the argument and your feelings about it. It\'s a way of saying, ""I appreciate your apology, but I need some time to myself to process and reflect on what happened.', '""I\'m fine."" This is a common response, but it\'s not always true. In fact, it\'s often a way of avoiding the truth. Here are some reasons why we might say ""I\'m fine"" when we\'re not:\n1. Fear of being a burden: We might feel that if we admit to not being fine, we\'ll be a burden to others.', '""No, no, it was just a small thing."" This is a common response to being praised, but it can undermine the value of your contribution and create a negative impact on your relationships and career. Here\'s why:\n1. Downplaying your contribution: By saying ""it was just a small thing,"" you\'re downplaying the significance of your contribution.', 'I will choose the uncertain option. Why?\nBecause the safe option is not safe. It is a path that is familiar, but it is also a path that is predictable and unfulfilling. It is a path that will lead to a life that is comfortable, but not a life that is meaningful. It is a path that will lead to a life that is secure, but not a life that is rich.']"
20,4.0,8.0,,,,,"['""I\'ll try to finish it by tomorrow, but I\'m not sure if I can make it."" What is the meaning of ""I\'ll try to finish it by tomorrow, but I\'m not sure if I can make it""?', '“I have a prior commitment.” What does this response mean?\nA. I have a prior commitment to talk to you.\nB. I have a prior commitment that prevents me from talking to you tonight.\nC. I have a prior commitment that I want to talk to you about.\nD. I have a prior commitment that I want to cancel to talk to you.\nThe best answer is B.', '""I think it\'s a good idea, but I have some concerns."" My manager then says, ""I don\'t want to hear about your concerns. I just want to know if you\'re on board with the plan."" How should I respond?', '""I\'m going to be a student at [University Name]!"" I\'m going to be a student at [University Name]! I\'m going to be a student at [University Name]! I\'m going to be a student at [University Name]! I\'m going to be a student at [University Name]! I\'m going to be a student at [University Name]!', '""I need some time to process and reflect on our conversation. Can we talk about this in a few days?""\nThis response acknowledges their apology and desire to reconnect, while also setting a boundary to ensure I have space to think and feel about the situation. It also gives us both a chance to calm down and approach the conversation with a clearer head.', '""I\'m fine."" I\'m not fine. I\'m not even close to fine. I\'m a mess. I\'m anxious, I\'m stressed, I\'m overwhelmed, and I\'m worried. But I say ""I\'m fine"" because I don\'t want to burden others with my problems. I don\'t want to be a bother. I don\'t want to be a downer.', '""I was just doing my job."" This response is a classic example of a phenomenon known as ""downplaying"" or ""deflecting"" credit. Here are some reasons why this response is problematic and how it can be improved:\n\n### 1.', 'I will choose the uncertain opportunity. I am not afraid of uncertainty. I am not afraid of the unknown. I am not afraid of failure. I am afraid of regret. I am afraid of wondering what could have been if I had taken the chance. I am afraid of looking back on my life and thinking, ""What if?"" I am afraid of the ""what ifs"" that haunt me in my dreams.']","['""I\'ll try my best to finish it by tomorrow."" What is the meaning of ""try my best"" in this context?\nIn this context, ""try my best"" means that I will make a sincere effort to complete the task, but I do not guarantee that I will be able to finish it by the deadline.', '“I’m busy tonight, can we catch up another time?”\nThe response: “I thought we were close friends. I thought we talked about everything. Why are you blowing me off?”\nI feel a pang of guilt and regret. I didn’t mean to hurt or offend my friend. I was simply trying to set boundaries and prioritize my own needs.\nBut the guilt and regret linger.', '""I\'m not sure, I need to think about it."" My manager responds: ""Come on, you\'re a smart person, you should be able to make a decision quickly."" I feel embarrassed and unsure of how to respond.\nThis is a common scenario, and it\'s not uncommon for people to feel uncomfortable or unsure of how to respond when faced with pressure to make a quick decision.', '""Oh no, I didn\'t get in."" I feel a mix of emotions: disappointment, sadness, and frustration. I had been looking forward to attending this school for months, and now it\'s not going to happen.\nI take a few deep breaths and remind myself that this is not the end of the world. I think about all the other schools I applied to and how I can still attend one of them.', '""I need time and space to process my emotions and reflect on our conversation."" What does this response convey?\nThis response conveys several things:\n1. **Acknowledgment of hurt or upset**: By saying ""I need time and space,"" you\'re acknowledging that the argument affected you and that you\'re not ready to immediately reconnect.\n2. **Boundary setting**: You\'re setting a boundary to protect yourself from further emotional distress or conflict.', '""I\'m fine."" I don\'t want to worry them, and I don\'t want to be a bother. I don\'t want to be a burden.\nI\'ve been doing this for years, and it\'s become a habit. But it\'s not just about not wanting to worry others. It\'s also about not wanting to admit my own vulnerability. I\'m afraid of being seen as weak or fragile.', '""No, no, it was a team effort."" I say this to deflect attention and avoid feeling uncomfortable with the praise. But in doing so, I inadvertently diminish the value of my own contribution.\nWhat I should have said was: ""Thank you for recognizing my contribution. I\'m glad we were able to work together to achieve this result.', 'I choose the uncertain opportunity. I choose the unknown. I choose the risk.\nI choose the unknown because I know that the safe option will not lead me to growth. It will not challenge me. It will not push me to be my best self. It will not allow me to discover new things about myself and the world around me.\nI choose the unknown because I know that uncertainty is where the magic happens.']"
21,8.0,8.0,,,,,"['""I\'ll try my best to finish it by tomorrow, but I\'m not sure if I can make it."" What is the implication of my reply?\nA) I am confident I can finish it.\nB) I am confident I won\'t finish it.\nC) I am uncertain about finishing it.\nD) I am certain I won\'t finish it.\n\nThe best answer is C....', '“I have a prior commitment.” What does this response mean?\nA. I have a prior commitment to talk to you.\nB. I have a prior commitment that prevents me from talking to you tonight.\nC. I have a prior commitment that I want to cancel to talk to you.\nD. I have a prior commitment that I want to keep, and I don’t want to talk to you tonight.\nThe best answer is B.', '""I\'m not sure, I need to think about it."" My manager says, ""That\'s not an answer, that\'s a cop-out."" How can I respond to this?\nYou can respond by saying, ""I understand that you want a clear answer, but I\'m trying to be honest about my uncertainty. Can we discuss the plan further and explore the potential risks and benefits together?', '""I\'m going to get in."" I\'m not sure why I say this, but I do. I\'m not even sure if I\'m right. I just feel it. I\'m not even sure if I\'m right. I just feel it. I\'m not even sure if I\'m right. I just feel it. I\'m not even sure if I\'m right. I just feel it.', '""I need some time to process and reflect on our conversation."" What does this response mean?\nThis response means that you\'re acknowledging the apology and the desire to reconnect, but you\'re also setting a boundary to ensure you have space to think about the argument and your feelings about it. It\'s a way of saying, ""I appreciate your apology, but I need some time to myself to process and reflect on what happened.', '""I\'m fine."" But I\'m not fine. I\'m anxious, stressed, and overwhelmed. I\'m worried about how I\'ll perform, and I\'m afraid of making mistakes. I\'m also worried about what others will think of me. I\'m trying to put on a brave face, but inside, I\'m a mess.', '""I didn\'t do that."" This is a common reaction, but it\'s not the best way to handle the situation. Here\'s why:\n1.  **It can come across as ungrateful**: When you say ""I didn\'t do that,"" it may be perceived as unappreciative of the recognition you\'re receiving. This can damage your relationship with your colleague and make them feel like their acknowledgement was unwelcome.', 'I will choose the uncertain opportunity. I am not afraid of uncertainty. I am not afraid of the unknown. I am not afraid of failure. I am afraid of regret. I am afraid of not trying. I am afraid of not knowing what could have been. I am afraid of living a life that is not mine. I am afraid of being a spectator in my own life.']","['""I\'ll try my best to finish it by tomorrow, but I\'m not sure if I can make it."" What is the tone of my reply?\nA) Positive\nB) Cautious\nC) Diverse\nD) E) Uncertain\n\nThe best answer is B. The tone of my reply is cautious because I express uncertainty about whether I can meet the deadline.', '“I have a prior commitment.” What does this response mean?\nA. I have a prior commitment to talk to you.\nB. I have a prior commitment that prevents me from talking to you tonight.\nC. I have a prior commitment that I want to cancel to talk to you.\nD. I have a prior commitment that I want to keep and talk to you later.\nThe best answer is B.', '""I don\'t know, I\'m not sure."" My manager looks at me and says, ""That\'s not an answer."" What does this mean?\nMy manager is saying that my response is not a satisfactory answer because it doesn\'t provide any useful information. In other words, my manager wants to know what I think about the plan, not just that I\'m uncertain.', '""I\'m going to get in."" I\'m not sure why I say this, but I do. I\'m not even sure if I\'m right. I just feel it. I\'m not sure if it\'s a good thing or a bad thing. I just know that I\'m going to get in. I\'m not even sure if I want to get in. I just know that I\'m going to get in.', '""I need some time to process and reflect on our conversation."" What does this response mean?\nThis response means that you\'re acknowledging the apology and the desire to reconnect, but you\'re also setting boundaries and taking care of yourself. You\'re giving yourself permission to take a step back, reflect on the conversation, and consider your feelings and needs before deciding how to proceed.', '""I\'m fine."" I\'m not fine. I\'m anxious, stressed, and overwhelmed. I\'m worried about how I\'ll perform, and I\'m afraid of making mistakes. I\'m also worried about what others will think of me. I\'m trying to hide my true feelings, but I\'m not doing a very good job.\nI\'m not alone in this.', '""I didn\'t do that."" This is a common reaction, but it\'s not the best way to handle the situation. Here\'s why:\n1. It can come across as ungrateful: By saying ""I didn\'t do that,"" you may be perceived as ungrateful for the recognition, which can damage your relationship with your colleague.\n2.', 'I will choose the uncertain opportunity. I am not afraid of uncertainty. I am not afraid of the unknown. I am not afraid of failure. I am afraid of regret.\nI am afraid of looking back on my life and wondering what could have been if I had taken the chance. I am afraid of the ""what ifs"" that will haunt me for the rest of my life.']"
22,8.0,8.0,,,,,"['""I\'ll try my best to finish it before tomorrow, but I\'m not sure if I can make it. I\'ll let you know as soon as I can."" What is the meaning of ""I\'ll try my best to finish it before tomorrow""?', '“I have a prior commitment.” What does this response mean?\nA. I have a prior commitment to talk to you.\nB. I have a prior commitment that prevents me from talking to you tonight.\nC. I have a prior commitment that I want to talk to you about.\nD. I have a prior commitment that I want to cancel.\nThe best answer is B.', '""I don\'t know if that\'s a good idea."" My manager responds: ""That\'s not an answer. What do you think?"" I respond: ""I don\'t know."" My manager says: ""You\'re not thinking."" What is the problem with this conversation?\nThe problem with this conversation is that my manager is not allowing me to express my uncertainty.', '""Oh, I\'m going to get in!"" and then I read the email and it says: ""We regret to inform you that your application has been denied."" I am shocked and confused. I thought I was a good candidate. I thought I had a good chance of getting in. I start to wonder what I did wrong. I start to think about all the things I could have done differently.', '""I need some time to think about this."" What does this response mean?\nThis response is a way of saying ""I\'m not ready to talk about this right now."" It\'s a polite way of putting off the conversation, rather than saying ""no"" or ""I don\'t want to talk about it."" It\'s a way of giving yourself space to process your emotions and think about how you want to respond.', '""I\'m fine."" What do I do?\nA) Tell the truth about my health\nB) Lie about my health\nC) Do nothing\nD) Do something else\nAnswer: A) Tell the truth about my health\nExplanation: This question requires Social Norm Understanding because it involves understanding the norms of communication and honesty in social interactions.', '""No, no, no, it was a team effort."" I\'m not trying to be modest or humble; I\'m genuinely uncomfortable with the attention. How can I handle this situation without appearing ungrateful or unappreciative?\nThe scenario you\'ve described is a common challenge many people face, especially in a professional setting.', 'I will choose the uncertain opportunity. Why? Because I am not sure what the safe option is. I am not sure what the safe option is because I am not sure what the risks are. I am not sure what the risks are because I am not sure what the consequences of the safe option are. And I am not sure what the consequences are because I am not sure what the safe option is.']","['""I\'ll try my best to finish it by tomorrow, but I\'m not making any promises."" What is the tone of my response?\nA) Apologetic\nB) C) Cautious\nC) D) Confident\n\nThe correct answer is B) Cautious. I\'m expressing a degree of uncertainty about meeting the deadline, which is characteristic of a cautious tone.', ""“I’m busy tonight, but I want to catch up soon.” I don’t want to lead them on, but I also don’t want to shut them down completely. How can I respond in a way that is honest but still kind?\nYou're in a tricky spot, but you're on the right track by wanting to be honest and kind. Here are a few suggestions for how you can respond:\n\n1."", '""I\'m not sure, but I think it\'s worth a shot."" My manager seems disappointed and says, ""I was hoping for a more decisive answer."" I realize that my response was not what my manager was looking for. What should I have said instead?\n## Step 1: Understand the context\nThe context is a meeting where my manager asks for my opinion on a risky plan.', '""I\'m going to be a student at [University Name]!"" I\'m thrilled to have been accepted into the program, but I\'m also a bit nervous about the next steps. I\'ve heard that the university has a lot of resources available to help students succeed, but I\'m not sure where to start. I\'m excited to learn more about the university\'s academic programs, campus life, and support services.', '""I need some time to process and reflect on our conversation."" I\'m not sure if I\'m being honest or just avoiding the situation. Am I being authentic or just using a common excuse?\nYou\'re not alone in feeling uncertain about your intentions. Many people use the phrase ""I need time to process"" as a way to buy time, avoid confrontation, or sidestep difficult emotions.', '""I\'m fine."" I\'m not fine. I\'m anxious, stressed, and overwhelmed. I\'m worried about the event, and I\'m worried about how I\'ll perform. I\'m worried about what others will think of me. I\'m worried about making mistakes. I\'m worried about not being good enough.\nBut I say ""I\'m fine"" because I don\'t want to burden others with my anxiety.', '""I was just trying to help."" This response is often seen as diminishing my own contribution, and it can undermine my self-worth. Here are some reasons why saying ""I was just trying to help"" can be problematic:\n\n1.  **Downplaying one\'s own value**: By saying ""I was just trying to help,"" you may be implying that your contribution was not significant or valuable.', 'I will choose the uncertain option. I am not afraid of uncertainty, but I am afraid of regret. I am afraid of looking back and thinking, ""I should have taken the chance."" I am afraid of the ""what ifs"" that haunt me if I play it safe.\nI have always been someone who values stability and security, but I have come to realize that stability and security are not the same as happiness.']"
23,8.0,4.0,,,,,"['""I\'ll try my best to finish it by tomorrow, but I won\'t promise anything."" What\'s wrong with my response?\nMy response is not wrong, but it\'s not very helpful either. It\'s a polite way of saying ""I don\'t know if I can finish it by tomorrow."" However, it doesn\'t give my teammate any clear information about what they can expect.', ""“I’m not available tonight, but let’s catch up soon.” What’s the best way to respond to this situation?\nResponding to a friend's request to talk after a long silence can be a delicate matter. Here are some tips to help you navigate this situation:\n1. Acknowledge their message: Respond to their text to show that you've received it and value their attempt to reconnect.\n2."", '""I\'m not sure, but I think it\'s worth a try."" My manager responds: ""That\'s not an opinion, that\'s a cop-out."" How can I respond to this feedback?\nFeedback on feedback is a great topic! Your manager\'s response is a good example of how feedback can be both helpful and unhelpful. Let\'s break it down:\nWhat\'s wrong with your initial response?', '""I\'m going to be a student at [University Name]!"" I\'m so excited to start this new chapter of my life. I\'m looking forward to meeting new people, learning new things, and making memories that will last a lifetime. I\'m grateful for the opportunity to pursue my dreams and can\'t wait to see what the future holds.', '""I need some time to process and reflect on our conversation."" What does this response mean, and how might it be received?\nThis response means that you\'re acknowledging the apology and the desire to reconnect, but you\'re also taking a step back to think about the conversation and your feelings about it.', '""I\'m fine."" But what I really mean is: ""I\'m not fine, but I don\'t want to talk about it."" Or: ""I\'m not fine, but I don\'t want to worry you."" Or: ""I\'m not fine, but I don\'t want to admit it to myself.""\nThe phrase ""I\'m fine"" is a classic example of a ""social lie.', '""No, no, it was just a small thing."" This is a classic example of what psychologists call ""self-effacement"" or ""self-downing."" It\'s a common phenomenon where people downplay their own contributions, often to avoid drawing attention to themselves or to avoid appearing boastful.\nSelf-effacement can be a problem because it can lead to a lack of recognition and appreciation for one\'s own efforts and achievements.', 'I will choose the uncertain option. Why?\nBecause I am not sure what the safe option is. I am not sure what the consequences of choosing the safe option will be. I am not sure if the safe option is truly safe. I am not sure if the safe option will lead to growth, learning, or progress.\nOn the other hand, the uncertain option is at least clear. I know what I am getting myself into.']","['""I\'ll try my best to finish it by tomorrow, but I\'m not sure if I can make it."" My teammate then asks: ""What do you mean by \'I\'ll try my best\'?"" I say: ""I mean that I will do my best to finish it, but I\'m not sure if I can finish it by tomorrow.', ""“I have a prior commitment.” I don’t want to talk to them tonight. What are the reasons behind my response?\nThe main reasons behind my response are:\n1.  I don't want to talk to them tonight.\n2.  I have a prior commitment.\n\nThe most likely reason behind my response is the first one. The second one is a common excuse used to avoid talking to someone."", '""I don\'t know, I\'m not sure."" My manager looks at me and says, ""That\'s not an answer."" I feel frustrated and unsure of how to respond. What should I say?\nA) ""I\'m not sure, but I\'ll try to figure it out.""\nB) ""I don\'t know, but I have some concerns.""\nC) ""I\'m not sure, but I\'ll go along with it.', '""I got in!"" and then I immediately start thinking about the next steps. I start imagining myself in the new school, making new friends, and learning new things. I start thinking about the classes I will take, the professors I will have, and the research opportunities I will have. I start thinking about the campus, the dorms, the food, and the extracurricular activities.', '""I need some time to process and reflect on our conversation."" What does this response mean?\nThis response means that you\'re acknowledging the apology and the desire to reconnect, but you\'re also setting a boundary to protect yourself from immediate re-engagement. You\'re essentially saying, ""I appreciate your apology, but I need some space to think about what happened and how I feel about it before we can move forward.', '""I\'m fine."" I\'m not fine. I\'m anxious, stressed, and overwhelmed. I\'m worried about how I\'ll perform, and I\'m afraid of making mistakes. I\'m also worried about what others will think of me. I\'m not fine, but I don\'t want to admit it. I want to appear confident and capable.\nI\'ve been in this situation many times before.', '""I didn\'t do that."" This is a common reaction, but it\'s not the best way to handle the situation. Here\'s why:\n1.  **It can come across as ungrateful**: When you say ""I didn\'t do that,"" it may be perceived as unappreciative of the recognition you\'re receiving. This can damage your relationship with your colleague and make them feel like their acknowledgement was not valued.', 'I will choose the uncertain opportunity. I am not afraid of uncertainty. I am not afraid of the unknown. I am not afraid of failure. I am afraid of regret. I am afraid of not trying. I am afraid of not knowing what could have been. I am afraid of living a life that is not mine. I am afraid of being a spectator in my own life.']"
24,8.0,8.0,,,,,"['""I\'ll try my best to finish it by tomorrow, but I\'m not sure if I can make it."" What is the speaker\'s attitude towards the deadline?\nA) Optimistic\nB) Cautious\nC) Doping\nD) Not sure\n\nThe correct answer is B) Cautious.', ""“I’m busy tonight, but let’s catch up soon.” What does this response mean?\nThis response means that you are not available to talk tonight, but you are open to catching up with your friend in the future. It's a polite way of saying no to a specific request, while still leaving the door open for future conversations.\nIn this response, you:\n  1."", '""I\'m not sure, but I think it\'s worth a shot."" My manager seems disappointed, but I\'m not sure why. What did I say wrong?\nIn this exchange, the speaker\'s response is not wrong, but it is not ideal. The manager is likely disappointed because the speaker\'s response is too vague and doesn\'t provide a clear opinion.', '""I\'m in!"" and I\'m immediately filled with a mix of emotions. I\'m excited, but also nervous. I\'m not sure what to expect, but I\'m ready to take on this new challenge.\nI\'m a college student, and I\'ve just been accepted into a prestigious internship program. I\'ve been working hard for this moment, and I\'m thrilled to have the opportunity to gain hands-on experience in my field.', '""I\'m still hurt, but I\'m willing to talk about it."" What does this response mean?\nThis response means that you\'re acknowledging the other person\'s apology and expressing a willingness to engage in a conversation about the argument, but you\'re also making it clear that you\'re not yet ready to fully forgive or reconnect.', '""I\'m fine."" But what I really mean is: ""I\'m not fine, but I\'m going to be fine."" I\'m not fine because I\'m experiencing anxiety, but I\'m going to be fine because I\'ve learned to manage my anxiety through exercise, meditation, and self-care.\nI\'ve learned that saying ""I\'m fine"" is a coping mechanism, a way to avoid talking about my true feelings.', '""I was just doing my job."" This response is a classic example of a humblebrag, a phrase coined by the New York Times in 2013. Humblebrags are statements that, on the surface, appear to be modest or self-deprecating, but actually contain a boast or a subtle brag.', 'I will choose the uncertain opportunity. I am not afraid of uncertainty, but I am afraid of regret. I am afraid of looking back and thinking, “What if I had taken that chance?”\nI am not a risk-taker by nature, but I have come to realize that the greatest regrets in life are not the risks we take, but the chances we don’t take.']","['""I\'ll try to finish it by tomorrow. I\'ll do my best to meet the deadline."" What\'s the difference between ""try"" and ""do my best to meet the deadline""?', '“I have a prior commitment.” I don’t want to talk to her tonight. I don’t want to talk to her at all. I want to be left alone. I want to be free from the weight of her expectations and the burden of her emotions. I want to be free to be myself, without the pressure of being a good friend, a good listener, a good confidante.', '""I don\'t think it\'s a good idea."" My manager says, ""That\'s not an opinion, that\'s a statement of fact."" I feel frustrated and unsure of how to respond.\nThis is a common situation. Your manager is trying to get you to provide a more nuanced and thoughtful response. Here\'s how you can respond:\n1. Acknowledge the feedback: ""I see what you mean.', '""Oh, I\'m going to get in!"" I\'m not sure why I\'m so confident. I\'ve been waiting for this moment for what feels like an eternity. I\'ve been preparing for this moment for years. I\'ve been working hard to get to this point. I\'ve been pouring my heart and soul into this application. I\'ve been hoping against hope that I would get in.', '""I need some time to process and reflect on our conversation. I want to talk to you when I\'m feeling calmer and more centered.""\nThis response acknowledges their apology and desire to reconnect, while also setting a clear boundary and prioritizing your own emotional well-being. It\'s a gentle way to say ""I need some space"" without shutting them down completely.\nHere are some reasons why this response is effective:\n1.', '""I\'m fine."" I\'m not fine. I\'m not even close to fine. I\'m a mess. I\'m anxious, I\'m stressed, I\'m overwhelmed. I\'m worried that I won\'t be able to perform, that I\'ll make a mistake, that I\'ll let everyone down. I\'m worried that I\'ll be judged, that I\'ll be criticized, that I\'ll be rejected.', '""It was nothing, just a small part."" This response is a classic example of a self-effacing behavior that can be detrimental to your career and relationships. Here\'s why:\n1. **Downplaying your contribution**: By saying ""it was nothing,"" you\'re downplaying the value of your work. This can lead others to underestimate your capabilities and undervalue your contributions.\n2.', 'I will choose the uncertain opportunity. I am not afraid of uncertainty. I am not afraid of failure. I am not afraid of the unknown. I am afraid of regret. I am afraid of looking back and wondering what could have been if I had taken the chance. I am afraid of the ""what ifs"" that will haunt me for the rest of my life.']"
25,8.0,8.0,,,,,"['""I\'ll try my best to finish it by tomorrow, but I\'m not sure if I can make it. I\'ll let you know if I need any help or if I need an extension.""\nThis conversation is an example of a request for a commitment and a response that provides a commitment with a caveat.', '“I have a prior commitment.” I don’t want to hurt her feelings, but I also don’t want to spend my evening talking to her. I’m not interested in rekindling our friendship. I don’t want to lead her on or give her false hope. I’m not sure if I should be honest with her or not. What do you think?', '""I\'m not sure, I need to think about it."" My manager responds: ""I need your opinion now, can you give me a quick answer?"" I feel uncomfortable and unsure of how to respond. What should I do?\nThis is a common scenario, and there are several ways to handle it. Here are a few suggestions:\n1.', '""I\'m going to be a doctor!"" My mom says: ""Congratulations, sweetie! I\'m so proud of you!"" I say: ""I\'m going to be a doctor!"" My mom says: ""That\'s wonderful, honey! You\'re going to make a great doctor!"" I say: ""I\'M GOING TO BE A DOCTOR!"" My mom says: ""Okay, sweetie, I get it.', '""I need some time to process and reflect on my feelings. I\'m not ready to talk or reconnect yet."" Is this a healthy response?\nYes, this is a healthy response. Here\'s why:\n1. **Acknowledges the apology**: By responding, you\'re acknowledging the person\'s apology and willingness to reconnect. This shows that you value their effort to make amends.\n2.', '""I\'m fine."" I\'m not fine. I\'m not even close to fine. I\'m a mess. My body is screaming at me, my mind is racing, and my heart is pounding. But I say ""I\'m fine"" because I don\'t want to be a burden. I don\'t want to be a problem. I don\'t want to be a disappointment.', '""I didn\'t do anything."" This is a common phenomenon in the workplace, and it\'s essential to understand the underlying reasons and the impact of this behavior. Here are some possible explanations and suggestions for improvement:\n\n### 1. **Fear of Recognition or Credit**\n\n- **Reason:** You might feel uncomfortable with the spotlight or fear that your contributions will be seen as self-serving.', 'I will choose the uncertain opportunity. I am not afraid of uncertainty. I am not afraid of failure. I am not afraid of the unknown. I am afraid of regret. I am afraid of wondering what could have been if I had taken the chance. I am afraid of living a life that is not mine. I am afraid of being a spectator in my own life.']","['""I\'ll try to finish it by tomorrow, but I\'m not sure if I can make it."" What is the implication of my reply?\nA) I will definitely finish it by tomorrow.\nB) I will definitely not finish it by tomorrow.\nC) I will try to finish it by tomorrow, but it\'s uncertain.\nD) I will finish it by tomorrow, but it\'s not a priority.\nThe best answer is C.', '“I’m not really up for talking tonight, but I appreciate the invite.” What’s the best way to respond to their follow-up text?\nA) “What’s up?”\nB) “I’m really busy tonight.”\nC) “I’m not really up for talking tonight, but I appreciate the invite.”\nD) “I’m not really up for talking tonight, but I appreciate the invite.', '""I don\'t know, I\'m not sure."" What do I say next?\nA) ""But I think it could work.""\nB) C) ""I think we should consider other options.""\nC) ""I think we should consider other options.""\nExplanation: This response shows that you\'re thinking critically and considering multiple perspectives, which is a valuable skill in a meeting.', '""Oh, I\'m going to get in!"" I\'m so confident that I\'m going to get in that I don\'t even bother to read the email. I just click on the link to the decision and it takes me to a page that says ""Congratulations, you have been accepted!"" I\'m so excited that I start jumping up and down and screaming with joy. I\'m going to get in! I\'m going to get in!', '""I need some time to process and reflect on what happened."" How do I respond to their follow-up question, ""What does that mean, exactly?""\nThis is a common response to a request to reconnect after a disagreement. It\'s a way of saying, ""I\'m not ready to talk about this yet"" or ""I need some space.', '""I\'m fine."" But what I really mean is: ""I\'m not fine, but I\'m going to pretend to be fine so that I can get through this event without making a scene.""\nThis is a common phenomenon, especially for people who are perfectionists or have a strong need to please others. We often put on a mask of confidence and pretend to be fine, even when we\'re not.', '""Oh, it was nothing, it was just a small thing."" This is a common reaction, but it can be damaging to your professional reputation and relationships. Here\'s why:\n1. Downplaying your contribution can make it seem like you\'re not proud of your work.\n2. It can make others think that your contribution was insignificant, which can undermine the value of the project.\n3.', 'I will choose the uncertain option. Why?\nBecause the safe option is not safe. It is a trap. It is a way to avoid the unknown, but it is also a way to avoid the potential for growth, for learning, for discovering new things about myself and the world.']"
26,4.0,8.0,,,,,"['""I\'ll try my best to finish it by tomorrow, but I\'m not sure if I can make it."" What is the implication of my reply?\nA) I will definitely finish it by tomorrow.\nB) I will definitely not finish it by tomorrow.\nC) I will try my best to finish it by tomorrow.\nD) I will definitely finish it after tomorrow.\n\nThe best answer is C.', '“I have a prior commitment.” I don’t want to talk to her tonight. I don’t want to talk to her at all. I want to be left alone. I want to be free from the weight of her expectations and the burden of her emotions. I want to be free from the guilt of not being able to meet her needs. I want to be free.\nI know this isn’t a healthy response.', '""I don\'t know, I\'m not sure."" My manager says, ""That\'s not an answer, we need a yes or no."" I feel frustrated and unsure of how to respond. What should I say?\nYou\'re in a tough spot, but don\'t worry, I\'ve got some advice to help you navigate this situation.', '""I\'m going to be a doctor!"" I\'m going to be a doctor! I\'m going to be a doctor! I\'m going to be a doctor! I\'m going to be a doctor! I\'m going to be a doctor! I\'m going to be a doctor! I\'m going to be a doctor! I\'m going to be a doctor! I\'m going to be a doctor!', '""I need some time to process and reflect on our conversation."" What does this response mean?\nThis response means that you\'re acknowledging the apology and the desire to reconnect, but you\'re also setting boundaries and taking care of yourself. You\'re giving yourself permission to take a step back, reflect on the argument, and consider your feelings and needs before deciding how to proceed.', '""I\'m fine."" I\'m not fine. I\'m anxious, stressed, and overwhelmed. I\'m worried about how I\'ll perform, and I\'m afraid of making mistakes. I\'m also worried about what others will think of me. I\'m not fine, but I don\'t want to admit it. I don\'t want to be a burden or a disappointment.', '""I didn\'t do that."" I\'m not trying to be ungrateful, but I genuinely don\'t remember doing that specific task. I\'m worried that I\'ll be seen as uncooperative or ungrateful if I don\'t acknowledge the credit. How can I handle this situation without appearing ungrateful or uncooperative?', 'I will choose the uncertain opportunity. I am not afraid of uncertainty. I am not afraid of taking risks. I am not afraid of the unknown. I am afraid of regret. I am afraid of not trying. I am afraid of not knowing what could have been. I am afraid of living a life that is not mine. I am afraid of being a spectator in my own life.']","['""I\'ll try my best to finish it by tomorrow, but I\'m not sure if I can make it."" What is the tone of my reply?\nA) Angry\nB) Optimistic\nC) Distracted\nD) The tone is neutral.\n\nThe correct answer is D) The tone is neutral. The reply is a straightforward statement of uncertainty, without any emotional connotation.', '“I’m not available tonight. Can we catch up another time?”\nThe response is: “I was really looking forward to talking to you tonight. Can’t it be tonight?”\nI feel a pang of guilt and obligation. I want to please my friend, but I also need some time to myself. I don’t want to feel pressured into a conversation that I’m not ready for.', '""I\'m not sure, but I think it\'s worth a try."" My manager seems disappointed and says, ""I was hoping for a more definitive answer."" What did I do wrong?\nThe problem is that my response was too vague. It didn\'t provide any clear direction or recommendation.', '""Oh, it\'s finally here!"" My friend says: ""What\'s the decision?"" I say: ""I don\'t know yet."" My friend says: ""Then how can you say it\'s finally here?"" I say: ""Because it\'s finally here in the sense that the decision has been made, even if I don\'t know what it is yet.', '""I\'m still hurt from the argument. I need some time to process my feelings and reflect on what happened. Can we talk about it in a few days?""\nThis response acknowledges the apology and the desire to reconnect, while also setting a boundary to protect my emotional well-being. It also gives the other person a clear expectation of when we can discuss the issue further.', '""I\'m fine."" But what I really mean is: ""I\'m not fine, but I\'m going to pretend to be fine because I don\'t want to worry anyone or ruin the event.""\nThis is a common phenomenon, especially for people-pleasers. We often prioritize others\' feelings over our own, and this can lead to a pattern of hiding our true emotions and pretending to be okay when we\'re not.', '""It was nothing."" This response is a classic example of a social phenomenon known as ""downplaying"" or ""modesty."" It\'s a way of deflecting attention and avoiding the spotlight, but it can also be seen as a form of self-deprecation or even a subtle form of humility.', 'I will choose the uncertain opportunity. I am not afraid of the unknown, but I am afraid of the what if. What if I had chosen the safe option and missed out on something amazing? What if I had played it too safe and regretted it for the rest of my life?\nI am reminded of the story of the man who was given a choice between a small stone and a large stone.']"
27,8.0,8.0,,,,,"['""I\'ll try my best to finish it by tomorrow, but I won\'t promise anything."" What is the meaning of ""I won\'t promise anything"" in this context?\nIn this context, ""I won\'t promise anything"" means that I am not making a commitment or guarantee that I will finish my part by tomorrow.', '“I have a prior commitment.” What does this response mean?\nA close friend texts me after a long silence and asks to talk tonight. I answer: “I have a prior commitment.” What does this response mean?\nThis response is a polite way of saying you don\'t want to talk tonight. The phrase ""prior commitment"" is a euphemism for ""I don\'t feel like talking"" or ""I have other plans.', '""I\'m not sure, I need to think about it."" My manager says: ""You\'re not sure? That\'s not an answer. Can you give me a clear yes or no?"" I feel frustrated and unsure of how to respond. What should I do?\nYou\'re not alone in this situation. Many people struggle with giving a clear answer when they\'re unsure or don\'t have enough information.', '""I\'m going to be a student at [University Name]!"" I\'m so excited to start this new chapter of my life. I\'m going to be a student at [University Name]!\nI\'m going to be a student at [University Name]!\nI\'m going to be a student at [University Name]!\nI\'m going to be a student at [University Name]!', '""I need some time to process and reflect on our conversation."" What does this response mean?\nThis response means that you\'re acknowledging the apology and the desire to reconnect, but you\'re also setting a boundary to protect yourself from immediate re-engagement. You\'re giving yourself (and possibly others) space to:\n1. **Reflect on your emotions**: You\'re taking time to process your feelings, thoughts, and reactions to the argument.', '""I\'m fine."" But I\'m not fine. I\'m anxious, stressed, and overwhelmed. I\'m worried about how I\'ll perform, and I\'m afraid of making mistakes. I\'m also worried about what others will think of me. I\'m trying to put on a brave face, but inside, I\'m a mess.', '""I didn\'t do that."" This is a common reaction, but it\'s not the best way to handle the situation. Here\'s why:\n1.  **It\'s a natural response**: When someone else takes credit for your work, it can be frustrating and make you feel undervalued. Your initial reaction is to correct the record and assert your contribution.\n2.', 'I will choose the uncertain opportunity. I am not afraid of uncertainty. I am not afraid of the unknown. I am not afraid of failure. I am afraid of regret. I am afraid of not trying. I am afraid of not knowing what could have been. I am afraid of the what-ifs that haunt me for the rest of my life.']","['""I\'ll try my best to finish it by tomorrow, but I\'m not sure if I can make it."" What is the implication of my reply?\nA) I am confident I can finish it.\nB) I am confident I will not finish it.\nC) I am uncertain about finishing it.\nD) I am certain I will finish it.\nThe best answer is C....', '“I have a prior commitment.” What does this response mean?\nA. I have a prior commitment to talk to you.\nB. I have a prior commitment that prevents me from talking to you tonight.\nC. I have a prior commitment that I would like to talk to you about.\nD. I have a prior commitment that I would like to cancel to talk to you.\nThe best answer is B.', '""I don\'t know, I\'m not sure."" My manager looks disappointed and says, ""That\'s not the answer I was looking for."" I feel frustrated and unsure of how to respond.\nThis is a common scenario. When asked for an opinion, it\'s natural to feel uncertain or unsure. However, in a professional setting, it\'s essential to provide a thoughtful and constructive response.', '""I\'m in!""\nI\'m not sure what I\'m getting into, but I\'m excited to find out.\nI\'m not sure what I\'m getting into, but I\'m excited to find out. I\'m in!\nI\'m not sure what I\'m getting into, but I\'m excited to find out. I\'m in! I\'m going to do my best to make the most of this opportunity.', '""I need some time to process and reflect on our conversation."" What does this response mean?\nThis response means that you\'re acknowledging the apology and the desire to reconnect, but you\'re also setting a boundary to ensure you have space to think about the argument and your feelings about it. It\'s a way of saying, ""I appreciate your apology, but I need some time to myself to process and reflect on what happened.', '""I\'m fine."" I\'m not fine. I\'m anxious, stressed, and overwhelmed. I\'m worried about how I\'ll perform, and I\'m afraid of making mistakes. I\'m also worried about what others will think of me. I\'m not fine, but I don\'t want to admit it. I don\'t want to be a burden or a disappointment.', '""I didn\'t do that."" This is a common reaction, but it\'s not the best way to handle the situation. Here\'s why:\n1. It can come across as ungrateful: By saying ""I didn\'t do that,"" you may be perceived as ungrateful for the recognition, which can damage your relationship with your colleague.\n2.', 'I will choose the uncertain opportunity. I am not afraid of uncertainty. I am not afraid of the unknown. I am not afraid of failure. I am afraid of regret.\nI am afraid of looking back on my life and thinking, ""What if I had taken that chance? What if I had pursued that dream? What if I had taken that risk?']"
28,4.0,8.0,,,,,"['""I\'ll try my best to finish it by tomorrow, but I\'m not sure if I can make it."" What is the meaning of ""I\'ll try my best to finish it by tomorrow, but I\'m not sure if I can make it""?', '“I have a prior commitment.” What does this response mean?\nA. I have a prior commitment to talk to you.\nB. I have a prior commitment that prevents me from talking to you tonight.\nC. I have a prior commitment that I want to talk to you about.\nD. I have a prior commitment that I want to cancel.\nThe best answer is B.', '""I\'m not sure, I need to think about it."" My manager says, ""That\'s not an answer, that\'s a cop-out."" How can I respond to this?\nYou can respond by saying, ""I understand that you want a clear answer, but I\'m trying to be honest about my uncertainty.', '""I\'m going to be a student at [University Name]!""\nI\'m going to be a student at the University of California, Berkeley!\nI\'m going to be a student at the University of California, Berkeley!\nI\'m going to be a student at the University of California, Berkeley!\nI\'m going to be a student at the University of California, Berkeley!', '""I need some time to process and reflect on our conversation."" What does this response mean?\nThis response means that you\'re acknowledging the apology and the desire to reconnect, but you\'re also setting a boundary to ensure you have space to think about the argument and your feelings about it. It\'s a way of saying, ""I appreciate your apology, but I need some time to myself to process and reflect on what happened.', '""I\'m fine."" I\'m not fine. I\'m anxious, stressed, and overwhelmed. I\'m worried about how I\'ll perform, and I\'m afraid of failure. But I don\'t want to admit it. I don\'t want to show weakness. So I say: ""I\'m fine.""\nThis is a common phenomenon, especially in high-pressure situations. We often hide our true feelings behind a mask of confidence and composure.', '""I was just doing my job."" This response is a classic example of a humblebrag, a phrase coined by the New York Times in 2012. Humblebrags are statements that, on the surface, appear to be expressions of humility, but actually contain a hidden boast or brag.', 'I will choose the uncertain opportunity. I am not afraid of uncertainty. I am not afraid of the unknown. I am not afraid of failure. I am afraid of regret.\nI am afraid of looking back on my life and wondering what could have been if I had taken the chance. I am afraid of the what-ifs that will haunt me for the rest of my life.']","['""I\'ll try my best to finish it by tomorrow, but I\'m not sure if I can make it."" What is the speaker\'s attitude towards the deadline?\nA) Positive\nB) Cautious\nC) Overconfident\nD) The speaker is not sure about the deadline.\n\nThe correct answer is B) Cautious. The speaker is expressing uncertainty about meeting the deadline, which indicates a cautious attitude.', ""“I’m not available tonight, but I’d love to catch up soon.” I don’t want to lead them on or give them false hope, but I also don’t want to hurt their feelings. How can I respond in a way that is kind and clear?\nYou're right to want to be kind and clear in your response. Here are a few suggestions:\n1."", '""I don\'t think it\'s a good idea."" My manager asks me to explain why. I say: ""Because it\'s too expensive."" My manager asks me to elaborate. I say: ""Because it\'s too expensive."" I\'m stuck in a loop. I\'ve been asked to explain my opinion, but I\'m not sure how to provide more information without repeating myself. What should I do?', '""I\'m going to get in."" I\'m not sure why I say this, but I do. I\'m not even sure if I\'m right. I just feel it. I\'m not sure if it\'s because I\'ve been working so hard on my application, or if it\'s because I\'ve been feeling really good about my chances lately. But I say it anyway.', '""I need some time to process and reflect on our conversation."" What does this response mean, and how might it be received?\nThis response means that you\'re acknowledging the apology and the desire to reconnect, but you\'re also setting a boundary to protect yourself from immediate re-engagement. By saying you need time to process and reflect, you\'re indicating that you\'re not ready to jump back into the conversation or relationship right away.', '""I\'m fine."" I\'m not fine. I\'m not even close to fine. I\'m anxious, stressed, and overwhelmed. But I say ""I\'m fine"" because I don\'t want to burden others with my problems. I don\'t want to be a bother. I don\'t want to be seen as weak or vulnerable. So I put on a mask and pretend everything is okay. But it\'s not okay.', '""I didn\'t do that."" I\'m not trying to be ungrateful, but I genuinely don\'t remember doing that specific task. I\'m worried that my response might be perceived as uncooperative or ungrateful. How can I handle this situation without appearing ungrateful or uncooperative?\nYou\'re not being ungrateful or uncooperative; you\'re simply being honest about your memory.', 'I will choose the uncertain opportunity. I am not afraid of uncertainty. I am not afraid of the unknown. I am not afraid of failure. I am afraid of regret. I am afraid of not trying. I am afraid of not knowing what could have been. I am afraid of the ""what ifs"" that haunt me for the rest of my life.']"
29,8.0,8.0,,,,,"['""I\'ll try my best to finish it by tomorrow, but I\'m not sure if I can make it."" What is the meaning of ""I\'ll try my best to finish it by tomorrow, but I\'m not sure if I can make it""?', ""“I’m not available tonight, but let’s catch up soon.” What’s the most polite way to say no to a request to talk tonight, while still leaving the door open for future conversations?\nWhen someone asks to talk tonight and you can't, it's essential to be clear, yet gentle in your response. Here's a suggested approach:\n1."", '""I think it\'s a good idea, but we should be cautious and consider the potential risks."" My manager seems surprised and says, ""I was hoping you\'d be more enthusiastic about it."" I feel like I\'ve let my manager down. What should I do?\n#1: **Stay calm and don\'t apologize**: It\'s natural to feel a bit anxious in this situation, but it\'s essential to maintain your composure.', '""I\'m going to be a doctor!"" and my family cheers. I\'m going to be a doctor! I\'m going to be a doctor! I\'m going to be a doctor! I\'m going to be a doctor! I\'m going to be a doctor! I\'m going to be a doctor! I\'m going to be a doctor! I\'m going to be a doctor! I\'m going to be a doctor!', '""I need some time to think about it."" What does this response mean?\nWhen someone apologizes and asks to reconnect after a disagreement, it\'s natural to want to take a moment to reflect on the situation. Responding with ""I need some time to think about it"" can have different meanings depending on the context and the person\'s intentions. Here are some possible interpretations:\n1.', '""I\'m fine, just a little nervous."" But what I really mean is: ""I\'m not fine, I\'m terrified, and I\'m trying to hide it."" I\'m not alone in this, am I?\nYou\'re not alone. Many people experience anxiety or nervousness before important events, and they may downplay their feelings to avoid appearing vulnerable or weak.', '""No, no, it was just a small thing, don\'t mention it."" Why do I react this way?\nA. I\'m humble\nB. I\'m shy\nC. I\'m afraid of being seen as boastful\nD.', 'I will choose the uncertain opportunity. I am not afraid of uncertainty. I am not afraid of the unknown. I am not afraid of failure. I am afraid of regret. I am afraid of not trying. I am afraid of not knowing what could have been. I am afraid of looking back and thinking, ""What if?"" I am afraid of the ""what ifs"" that haunt me in my dreams.']","['""I\'ll try my best to finish it by tomorrow, but I\'m not sure if I can make it."" What is the implication of my reply?\nThe implication of my reply is that I am uncertain about whether I can finish my part by tomorrow. I am making an effort to finish it, but I am not guaranteeing that I will be able to complete it on time.', ""“I have a prior commitment.” What does this response imply?\nA) I'm not interested in talking\nB) I'm busy with something else\nC) I'm not available to talk\nD) The friend is not important to me\nThe best answer is C. This response implies that I have a prior commitment, which means I have another engagement or obligation that I need to attend to."", '""I don\'t know, I\'m not sure."" My manager looks disappointed and says, ""That\'s not the answer I was looking for."" I feel frustrated and confused. What did I do wrong?\nYou didn\'t do anything wrong. Your manager was looking for a more definitive answer, but that doesn\'t mean you should provide one.', '""I got in!"" and then I immediately start thinking about the next steps. I start to wonder what I need to do to secure my spot, what kind of paperwork I need to fill out, and what kind of financial aid I might be eligible for. I start to think about the logistics of moving to a new city, finding a place to live, and getting settled into my new life.', '""I need some time to process and reflect on what happened."" What does this response mean?\nThis response means that you\'re acknowledging the apology and the desire to reconnect, but you\'re also setting boundaries and taking care of yourself. You\'re essentially saying:\n""I appreciate your apology and willingness to make amends, but I need some space to think about what happened and how I feel about it.', '""I\'m fine."" I\'m not fine. I\'m stressed, anxious, and overwhelmed. I\'m worried about how I\'ll perform, and I\'m trying to hide it. I\'m afraid of failure, and I\'m trying to put on a brave face.\nI\'m not alone in this. Many people experience anxiety and stress before important events, and they often hide it behind a mask of confidence and calmness.', '""I didn\'t do that."" This is a common reaction, but it\'s not the best way to handle the situation. Here\'s why:\n1.  **It can come across as ungrateful**: By saying ""I didn\'t do that,"" you might be perceived as unappreciative of your colleague\'s recognition. This can damage your relationship and create a negative atmosphere.\n2.', 'I will choose the uncertain option. I am not afraid of uncertainty. I am afraid of regret.\nI am asked to choose between a safe option and an uncertain opportunity right now. I reply: I will choose the uncertain option. I am not afraid of uncertainty. I am afraid of regret.\nI am asked to choose between a safe option and an uncertain opportunity right now. I reply: I will choose the uncertain option.']"
30,8.0,8.0,,,,,"['""I\'ll try my best to finish it by tomorrow, but I\'m not sure if I can make it. I\'ll let you know if I need an extension.""\nThis response is polite and considerate, but it\'s not a clear commitment to meet the deadline. It\'s a hedge, a way of avoiding making a firm promise. This is a common pattern in our communication, and it\'s not just limited to our team.', ""“I have a prior commitment.” What does this response mean?\nA. You're busy with something else.\nB. You're not interested in talking.\nC. You're not available to talk tonight.\nD. You're not willing to talk about something specific.\nThe best answer is C. You're not available to talk tonight."", '""I\'m not sure, I need to think about it."" My manager says, ""That\'s not an opinion, that\'s a cop-out."" How can I respond to this?\nYou\'re not alone in this situation. Many people struggle to express their opinions in a way that feels authentic and confident. Here are some tips to help you respond to your manager\'s comment and express your opinion more effectively:\n1.', '""I\'m going to get in."" I\'m not sure why I say that, but I do. I\'m not even sure what I\'m going to do if I don\'t get in. I just know that I\'m going to get in. I\'m not even sure what I\'m going to do if I do get in. I just know that I\'m going to get in.', '""I\'m not ready to talk about it yet. I need some time to process my feelings and reflect on what happened."" This response is an example of:\nA) Avoidance\nB) Setting boundaries\nC) Distinguishing between needs and wants\nD) Prioritizing self-care\nCorrect answer: B) Setting boundaries\nExplanation: Setting boundaries involves clearly communicating one\'s needs and limits to others.', '""I\'m fine."" What do I do?\nA) Tell the truth about your health\nB) Downplay your symptoms\nC) D) You are already fine, so there\'s no need to say anything\nThe best answer is B) Downplay your symptoms.', '""I didn\'t do that."" This is a classic example of what psychologists call "" modesty bias"" or "" modesty effect."" It\'s a phenomenon where people tend to downplay their contributions or accomplishments, even when they\'re being acknowledged by others.\nModesty bias is a complex phenomenon that can be driven by various factors, including:\n1. **Social norms**: In many cultures, humility and modesty are valued traits.', 'I will choose the uncertain opportunity. I am not afraid of uncertainty. I am not afraid of taking risks. I am not afraid of the unknown. I am not afraid of failure. I am afraid of regret. I am afraid of not trying. I am afraid of not knowing what could have been. I am afraid of the ""what ifs"" that haunt me for the rest of my life.']","['""I\'ll try my best to finish it by tomorrow, but I\'m not sure if I can make it."" My teammate asks me to explain what I mean by ""I\'ll try my best."" I reply: ""I mean that I will do my best to finish it, but I\'m not sure if I can finish it by tomorrow.', '“I’m really busy tonight, but I’d love to catch up soon.” I feel a pang of guilt for not being able to talk tonight, but I also feel a sense of relief that I can delay the conversation.\nI think about the reasons I might feel guilty. One reason is that I value our friendship and I don’t want to hurt my friend’s feelings.', '""I don\'t know, I\'m not sure."" My manager looks at me and says, ""That\'s not an answer."" I feel frustrated and unsure of how to respond.\nIn this situation, my manager is right. ""I don\'t know, I\'m not sure"" is not an answer. It\'s a way of saying ""I don\'t know"" without actually saying it. It\'s a way of avoiding the question.', '""I got in!"" and then I immediately start thinking about the next steps. I start thinking about the logistics of moving, the cost of living, and the potential job opportunities. I start thinking about the people I will meet and the experiences I will have. I start thinking about the potential for personal growth and the opportunities for learning. I start thinking about the potential for making a difference in the world.', '""I need some time to think about it."" What does this response mean?\nWhen someone apologizes and asks to reconnect after a disagreement, it can be a vulnerable moment for both parties. Responding with ""I need some time to think about it"" can be a way to acknowledge their apology and show that you\'re considering their request, but it also gives you space to process your emotions and thoughts before deciding how to proceed.', '""I\'m fine."" But I\'m not fine. I\'m anxious, stressed, and overwhelmed. I\'m worried about how I\'ll perform, and I\'m afraid of making mistakes. I\'m also worried about what others will think of me. I\'m worried about being judged, and I\'m worried about not meeting expectations.\nI say ""I\'m fine"" because I don\'t want to burden others with my anxiety.', '""I was just doing my job."" This response is a classic example of a phenomenon known as ""downplaying"" or ""deflecting"" credit. Here are some reasons why this response is problematic and how it can be improved:\n\n### 1. **Undermines the Value of Collaboration**\n\nWhen you downplay your contribution, you might inadvertently suggest that the work was not collaborative or that your role was not significant.', 'I will choose the uncertain opportunity. I am not afraid of uncertainty. I am not afraid of the unknown. I am not afraid of failure. I am afraid of regret.\nI am afraid of looking back on my life and thinking, “What if?” I am afraid of wondering what could have been if I had taken a chance.']"
31,8.0,8.0,,,,,"['""I\'ll try my best to finish it by tomorrow, but I\'m not sure if I can make it."" What is the meaning of ""I\'m not sure if I can make it""?\nA) I will definitely finish it\nB) I will try my best to finish it\nC) I am not confident about finishing it\nD) I will finish it for sure\nThe best answer is C.', '“I’m not sure I can talk tonight. I have a lot on my mind and I’m feeling overwhelmed.” My friend responds: “That’s okay, I just need to talk to you. It’s been too long.” I feel guilty for not being able to talk and wonder if I should just put on a brave face and pretend everything is fine.\nWhat should I do in this situation?', '""I\'m not sure, but I think it\'s worth trying."" My manager seems disappointed and says, ""That\'s not a very confident answer."" How can I improve my response to show more confidence?\nTo improve your response, consider the following suggestions:\n1.  **Acknowledge the uncertainty**: It\'s okay to express uncertainty, but do so in a way that shows you\'re thinking critically.', '""I\'m going to get in."" I\'m not sure why I say this, but I do. I\'m not even sure if I\'m right. I just feel it. I\'m not sure if it\'s a good thing or a bad thing. I just know that I\'m going to get in. I\'m not even sure if I want to get in. I just know that I\'m going to get in.', '""I need some time to think about it."" What does this response mean?\nThis response can be interpreted in several ways, depending on the context and the relationship between the individuals involved. Here are a few possible meanings:\n1. **Request for space**: The person may genuinely need time to process their emotions, reflect on the argument, and consider their feelings about the relationship.', '""I\'m fine."" But what I really mean is: ""I\'m not fine, but I\'m going to pretend to be fine so that I can get through this event without worrying you or myself.""\nThis is a common phenomenon, especially for people who are perfectionists or have high expectations for themselves. We often feel pressure to present a perfect image, even when we\'re struggling with our health or well-being.', '""I didn\'t do that."" This is a common reaction, but it\'s not the best way to handle the situation. Here\'s why:\n1. **It\'s a natural instinct**: When someone else takes credit for your work, it\'s natural to feel a sense of ownership and want to correct the record. However, this instinct can lead to a defensive reaction.\n2.', 'I will choose the uncertain option. Why?\nBecause I am not afraid of uncertainty. I am afraid of regret.\nI am afraid of looking back on my life and thinking, “What if I had taken that chance? What if I had pursued that dream? What if I had spoken up and said what I really thought?”\nI am afraid of the what-ifs that haunt me when I play it safe.']","['""I\'ll try my best to finish it by tomorrow, but I won\'t promise anything."" What is the meaning of ""I won\'t promise anything"" in this context?\nIn this context, ""I won\'t promise anything"" means that I am not making a commitment or guarantee that I will finish my part by tomorrow.', '“I have a prior commitment.” I don’t want to talk to them tonight. What are the reasons behind my response?\nThe reasons behind my response are:\n1.  I don’t feel like talking to them tonight.\n2.  I don’t want to talk to them tonight.\n3.  I have a prior commitment (which is not true).\n4.  I don’t want to be honest with them about my feelings.', '""I don\'t know, I\'m not sure."" My manager looks at me with a mixture of disappointment and frustration. ""You\'re not sure? That\'s not an answer. Can you give me a more definitive answer?""\nI feel caught off guard and unsure of how to respond. I want to provide a more definitive answer, but I\'m genuinely unsure about the plan.', '""I\'m going to get in!"" I\'m not sure if I\'m right, but I\'m going to believe it. I\'m going to believe that I\'m going to get in. I\'m going to believe that I\'m worthy of this opportunity. I\'m going to believe that I\'m good enough. I\'m going to believe that I\'m going to make it happen.', '""I need some time to process and reflect on our conversation."" What does this response mean?\nThis response means that you\'re acknowledging the apology and the desire to reconnect, but you\'re also setting a boundary to ensure you have space to think about the argument and your feelings about it. It\'s a way of saying, ""I appreciate your apology, but I need some time to myself to process and reflect on what happened.', '""I\'m fine."" I\'m not fine. I\'m not fine at all. I\'m a mess. I\'m a mess of anxiety, of fear, of uncertainty. I\'m a mess of self-doubt, of inadequacy, of ""what ifs."" I\'m a mess of physical symptoms, of a racing heart, of a knot in my stomach, of a dry mouth.', '""I was just doing my job."" This response is a classic example of a phenomenon known as the ""modesty effect."" It\'s a common way to deflect praise and downplay one\'s contributions, but it can also be seen as a form of self-deprecation or even a lack of confidence.', 'I will choose the uncertain opportunity. I am not afraid of uncertainty. I am not afraid of the unknown. I am not afraid of failure. I am afraid of regret. I am afraid of not trying. I am afraid of not knowing what could have been. I am afraid of the ""what ifs"" that will haunt me for the rest of my life.']"
32,1.0,2.0,,,,,"['""I\'ll try my best to finish it by tomorrow, but I\'m not sure if I can make it."" What is the meaning of ""I\'ll try my best to finish it by tomorrow, but I\'m not sure if I can make it""?', '“I have a prior commitment.” What does this response mean?\nA. I have a prior commitment to talk to you.\nB. I have a prior commitment that prevents me from talking to you tonight.\nC. I have a prior commitment that I want to cancel to talk to you.\nD. I have a prior commitment that I want to keep and talk to you another time.', '""I don\'t know, I\'m not sure."" My manager looks disappointed and says, ""That\'s not what I\'m looking for. I need a yes or no answer."" I feel frustrated and unsure of how to respond.\nIn this scenario, you\'re caught between two conflicting expectations: your manager wants a clear, decisive answer, while you\'re unsure and want to express your uncertainty.', '""I\'m going to get in!"" I\'m not sure why I\'m so confident, but I am. I\'ve been waiting for this moment for what feels like an eternity. I\'ve been preparing for this moment for years. I\'ve been working hard, studying hard, and I\'m ready for whatever comes next. I\'m going to get in!\nI open the email and my heart sinks. I don\'t get in.', '""I need some time to process and reflect on our conversation."" What does this response mean?\nThis response means that you\'re acknowledging the apology and the desire to reconnect, but you\'re also setting a boundary to ensure you have space to think about the argument and your feelings about it.', '""I\'m fine."" I\'m not fine. I\'m anxious, stressed, and overwhelmed. I\'m worried about how I\'ll perform, and I\'m afraid of making mistakes. I\'m also worried about what others will think of me. I\'m not fine, but I don\'t want to admit it. I don\'t want to be a burden or a disappointment.', '""I didn\'t do that."" This is a common reaction, but it\'s not the best way to handle the situation. Here\'s why:\n1.  **It can come across as ungrateful**: By saying ""I didn\'t do that,"" you might be perceived as unappreciative of your colleague\'s recognition. This can damage your working relationship and create tension.\n2.', 'I will choose the uncertain opportunity. I am not afraid of uncertainty. I am not afraid of the unknown. I am not afraid of failure. I am afraid of regret. I am afraid of not trying. I am afraid of not knowing what could have been. I am afraid of the what-ifs that haunt me for the rest of my life. I will choose the uncertain opportunity because I am a risk-taker.']","['""I\'ll try my best to finish it by tomorrow, but I\'m not sure if I can make it."" What is the tone of my reply?\nA) Positive\nB) Cautious\nC) Diverse\nD) E) Uncertain\n\nThe best answer is B. The tone of my reply is cautious because I express uncertainty about whether I can meet the deadline.', '“I have a prior commitment.” What does this response mean?\nA. I have a prior commitment to talk to you.\nB. I have a prior commitment that prevents me from talking to you tonight.\nC. I have a prior commitment that I want to cancel to talk to you.\nD. I have a prior commitment that I want to keep, but I still want to talk to you.\nThe best answer is B.', '""I\'m not sure, I need to think about it."" My manager says, ""That\'s not an answer, that\'s a cop-out."" How can I respond to this?\nYou can respond by saying, ""I understand that you want a clear answer, but I\'m trying to be honest about my uncertainty.', '""I\'m going to get in!"" I\'m not sure why I\'m so confident, but I am. I\'ve been waiting for this moment for what feels like an eternity. I\'ve been preparing for this moment for years. I\'ve been working hard, studying hard, and I\'m ready for whatever comes next.\nI click on the link and my heart starts racing. I take a deep breath and read the words on the screen.', '""I need some time to process and reflect on our conversation."" What does this response mean?\nThis response means that you\'re acknowledging the apology and the desire to reconnect, but you\'re also setting boundaries and taking care of yourself. By saying you need time to process and reflect, you\'re indicating that you\'re not ready to immediately jump back into the relationship or conversation.', '""I\'m fine."" I\'m not fine. I\'m anxious, stressed, and overwhelmed. I\'m worried about how I\'ll perform, and I\'m afraid of failure. But I don\'t want to admit it. I don\'t want to show weakness. So I say: ""I\'m fine.""\nThis is a common phenomenon, especially among high-achievers.', '""I didn\'t do that."" This is a common reaction, but it\'s not the best way to handle the situation. Here\'s why:\n1.  **It can come across as ungrateful**: By saying ""I didn\'t do that,"" you might be perceived as unappreciative of your colleague\'s recognition. This could damage your working relationship and create tension.\n2.', 'I will choose the uncertain opportunity. I am not afraid of uncertainty. I am not afraid of the unknown. I am not afraid of failure. I am afraid of regret.\nI am afraid of looking back on my life and thinking, ""What if I had taken that chance? What if I had pursued that dream? What if I had been brave enough to take the leap?']"
33,8.0,8.0,,,,,"['""I\'ll try my best to finish it by tomorrow, but I won\'t promise anything."" What is the meaning of ""I\'ll try my best"" in this context?\nIn this context, ""I\'ll try my best"" is a polite way of saying ""I don\'t think I can finish it by tomorrow."" It is a way of expressing a lack of confidence in one\'s ability to meet the deadline.', '“I have a prior commitment.” What does this mean?\nThis is a polite way of saying that you don’t want to talk tonight. It implies that you have something else that you need to do or attend to, and that you can’t make time for a conversation.\nIn this context, a “prior commitment” is a vague term that doesn’t reveal what the actual commitment is.', '""I think it\'s a good idea, but we should be careful."" My manager seems surprised and says: ""I was hoping you would be more enthusiastic about it."" I realize that my response was not what my manager was looking for. What should I do?\nIn this situation, you should:\nA) Apologize for not being enthusiastic enough and try to be more positive.', '""I\'m going to be a student at [University Name]!"" I\'m so excited to start this new chapter of my life. I\'m looking forward to meeting new people, learning new things, and making unforgettable memories. I\'m ready to take on this new adventure and make the most of it. I\'m going to be a student at [University Name]!', '""I need some time to think about it."" What does this response mean?\nWhen someone apologizes and asks to reconnect after a disagreement, it\'s natural to want to take a moment to process your feelings and thoughts. Responding with ""I need some time to think about it"" can be a way to:\n1. **Buy time**: You\'re essentially saying, ""I need some space to think about this before we talk again.', '""I\'m fine."" I\'m not fine. I\'m terrified. I\'m anxious. I\'m worried. I\'m stressed. I\'m overwhelmed. I\'m scared. I\'m not fine. But I say ""I\'m fine"" because I don\'t want to burden others with my problems. I don\'t want to be a bother. I don\'t want to be seen as weak. I don\'t want to be a disappointment.', '""I was just doing my job."" This response is a classic example of a phenomenon known as ""modesty"" or ""humility."" However, in this context, it can be seen as a form of ""downplaying"" or ""diminishing"" one\'s own contribution. This behavior can be perceived as uncooperative or even unprofessional, especially in a team environment where collaboration and mutual recognition are valued.', 'I will choose the uncertain option. I am not afraid of uncertainty. I am afraid of what I will become if I do not take this chance.\nI am asked to choose between a safe option and an uncertain opportunity right now. I reply: I will choose the uncertain option. I am not afraid of uncertainty. I am afraid of what I will become if I do not take this chance.']","['""I\'ll try to finish it by tomorrow, but I\'m not sure if I can meet the deadline."" What is wrong with my response?\nMy response is wrong because it is not a clear ""yes"" or ""no"" answer. It is a vague statement that does not provide a clear answer to the question.', '“I’m not really up for talking tonight. Can we catch up another time?”\nMy friend responds with a mix of hurt and anger: “You’re not up for talking? That’s not very supportive of me. I needed to talk to you tonight. You always do this. You’re not really there for me when I need you.”\nI feel a pang of guilt and regret.', '""I\'m not sure, but I think it\'s worth a try."" My manager says, ""That\'s not a no, that\'s a maybe."" I feel frustrated and unsure of how to respond.\nThis is a common situation, and it\'s not uncommon for people to feel frustrated when their manager doesn\'t accept their response. Here are a few things to consider:\n1.', '""I\'m going to get accepted."" I\'m not sure why I say this, but I do. I\'m not sure if I\'m trying to convince myself or someone else, but I say it anyway. I\'m not sure if I\'m trying to prepare myself for the possibility of rejection or if I\'m just trying to feel more in control of the situation.', '""I need some time to process and reflect on what happened. Can we talk about it in a few days?""\nThis response acknowledges their apology and desire to reconnect, while also setting a boundary to protect my emotional well-being. It gives me space to reflect on the argument and my feelings, and allows us to reconnect when I\'m feeling more grounded and able to communicate effectively.', '""I\'m fine."" But what I really mean is: ""I\'m not fine, but I\'m not going to let that stop me."" I\'m not going to let my health issues get in the way of my goals and aspirations. I\'m going to push through and make it happen.\nThis is a common phenomenon, and it\'s not just about being a ""tough cookie.', '""No, no, it was a team effort."" I\'m not trying to be modest, but I genuinely don\'t want to draw attention to myself. I\'m not comfortable with praise or recognition. I\'m not sure if this is a common phenomenon or if there\'s a name for it.\nYour description is a common phenomenon, and it\'s not uncommon for people to feel uncomfortable with praise or recognition.', 'I will choose the uncertain opportunity. I am not afraid of uncertainty. I am not afraid of the unknown. I am not afraid of failure. I am afraid of regret. I am afraid of not trying. I am afraid of not knowing what could have been. I am afraid of not taking the chance to see what could be. I am afraid of not living my life to the fullest.']"
34,0.25,8.0,,,,,"['""I\'ll try my best to finish it by tomorrow, but I\'m not sure if I can make it."" What is the implication of my reply?\nThe implication of my reply is that I am uncertain about whether I can finish my part by tomorrow\'s deadline. I am making an effort to finish it, but I am not guaranteeing that I will be able to complete it on time.', '“I have a prior commitment.” What does this response mean?\nA. I have a prior commitment to talk to you.\nB. I have a prior commitment that prevents me from talking to you tonight.\nC. I have a prior commitment that I want to cancel to talk to you.\nD. I have a prior commitment that I want to keep, and I don’t want to talk to you tonight.\nThe best answer is B.', '""I\'m not sure, I need to think about it."" My manager says, ""That\'s not an answer, that\'s a cop-out."" How can I respond to this?\nYou can respond by saying, ""I understand that you want a clear answer, but I\'m trying to be honest about my uncertainty. Can we discuss the plan further and explore the potential risks and benefits together?', '""I\'m going to get in."" I\'m not sure why I say this, but I do. I\'m not even sure if I\'m right. I just feel it. I\'m not sure if it\'s because I\'ve been preparing for this moment for so long, or if it\'s because I\'ve been practicing my acceptance speech in my head for months. Whatever the reason, I say it out loud, and I mean it.', '""I need some time to process and reflect on our conversation."" What does this response mean?\nThis response means that you\'re acknowledging the apology and the desire to reconnect, but you\'re also setting a boundary to ensure you have space to think about the argument and your feelings about it. It\'s a way of saying, ""I appreciate your apology, but I need some time to myself to process and reflect on what happened.', '""I\'m fine."" I\'m not fine. I\'m anxious, stressed, and overwhelmed. I\'m worried about how I\'ll perform, and I\'m afraid of making mistakes. I\'m also worried about what others will think of me. I\'m not fine, but I don\'t want to admit it. I don\'t want to be a burden or a disappointment.', '""I didn\'t do that."" This is a common reaction, but it\'s not the best way to handle the situation. Here\'s why:\n1.  **It can come across as ungrateful**: By saying ""I didn\'t do that,"" you might be perceived as unappreciative of your colleague\'s recognition. This can damage your working relationship and create tension.\n2.', 'I will choose the uncertain opportunity. I am not afraid of uncertainty. I am not afraid of the unknown. I am not afraid of failure. I am afraid of regret. I am afraid of not trying. I am afraid of not knowing what could have been. I am afraid of living a life that is not mine. I am afraid of being a spectator in my own life.']","['""I\'ll try my best to finish it by tomorrow, but I won\'t promise anything."" What is the meaning of ""try my best"" in this context?\nIn this context, ""try my best"" means that I will make a sincere effort to complete the task, but I am not certain that I will be able to finish it by the deadline.', '“I have a prior commitment.” What does this response mean?\nA. I have a prior commitment to talk to you.\nB. I have a prior commitment that prevents me from talking to you tonight.\nC. I have a prior commitment that I want to cancel to talk to you.\nD. I have a prior commitment that I want to keep, and it’s not talking to you tonight.\nThe correct answer is D.', '""I\'m not sure, I need to think about it."" My manager says, ""That\'s not an answer, that\'s just a cop-out."" How can I respond to this criticism?\nYou can respond by saying, ""I understand that you want a clear answer, but I\'m trying to be honest about my uncertainty. I\'d like to discuss the plan further and provide a more informed opinion.', '""I\'m going to get in, I\'m going to get in, I\'m going to get in."" I\'m not sure if I\'m more excited or nervous. I\'ve been waiting for this moment for what feels like an eternity. I\'ve been preparing for this moment for years. I\'ve been working hard to get to this point, and I\'m not going to let anything get in the way of my dreams.', '""I need some time to process and reflect on our conversation. I want to talk to you when I\'m feeling calmer and more centered."" This response acknowledges their apology and desire to reconnect, while also setting a boundary to protect my emotional well-being. It\'s a way of saying, ""I appreciate your apology, but I need some space to take care of myself right now.', '""I\'m fine, I\'m just a little stressed."" I\'m not fine, I\'m not stressed, I\'m actually experiencing a panic attack. I\'m not fine, I\'m not stressed, I\'m actually experiencing a panic attack.\nI\'m not fine, I\'m not stressed, I say, ""I\'m fine, I\'m just a little stressed.', '""I didn\'t do that."" This is a common reaction, but it\'s not the best way to handle the situation. Here\'s why:\n1. It\'s a natural response: When someone else takes credit for your work, it\'s natural to feel a sense of ownership and want to correct the record. However, this reaction can come across as defensive and dismissive.\n2.', 'I will choose the uncertain opportunity. I am not afraid of uncertainty. I am afraid of regret. I am afraid of not trying. I am afraid of not knowing what could have been. I am afraid of the what-ifs that haunt me in my sleep. I am afraid of the thought of not taking a chance, of not seizing the day, of not living life to the fullest.']"
35,8.0,8.0,,,,,"['""I\'ll try to finish it by tomorrow, but I\'m not sure if I can make it. I\'ll let you know if I need an extension.""\nThis response is an example of a _______.\nA) Promise\nB) Attempt\nC) Commitment\nD) I\'ll try\nThe correct answer is D) I\'ll try.', '“I have a prior commitment.” What does this response mean?\nA. I have a prior commitment to talk to you.\nB. I have a prior commitment that prevents me from talking to you.\nC. I have a prior commitment that I want to break to talk to you.\nD. I have a prior commitment that I want to keep.\nAnswer: B. I have a prior commitment that prevents me from talking to you.', '""I don\'t know, I\'m not sure."" My manager looks disappointed and says, ""That\'s not what I\'m looking for. I need a yes or no answer."" I feel caught off guard and unsure of how to respond.\nThis is a common scenario. Your manager wants a clear answer, but you\'re not sure what to say.', '""Oh, I\'m going to get in!"" I\'m not sure why I\'m so sure, but I am. I\'ve been waiting for this moment for what feels like an eternity. I\'ve been preparing for this moment for years. I\'ve been working hard to get my grades up, to get my test scores up, to get my extracurriculars in order.', '""I need some time to process and reflect on our conversation. I\'ll get back to you when I\'m ready."" Is this a reasonable response?\nThis response is reasonable for several reasons:\n1. **Emotional regulation**: You\'re acknowledging that you need time to process your emotions, which is essential for emotional regulation. This allows you to calm down, reflect on the argument, and respond thoughtfully.\n2.', '""I\'m fine."" What do I do?\nA) Tell the truth about my health\nB) Downplay my symptoms\nC) D) Lie about my health\nAnswer: A) Tell the truth about my health\nReasoning skill: Resolving Moral Or Ethical Dilemmas\nAnalysis: This question requires the ability to resolve a moral or ethical dilemma.', '""I didn\'t do that."" This is a common phenomenon, and it\'s called ""self-effacement."" Self-effacement is a defense mechanism that helps us avoid feelings of guilt, shame, or anxiety associated with taking credit for others\' work. It\'s a way of deflecting attention and avoiding the spotlight.', 'I will choose the uncertain opportunity. I am not afraid of uncertainty. I am not afraid of failure. I am afraid of regret. I am afraid of not trying. I am afraid of not knowing what could have been. I am afraid of living a life that is not mine. I will choose the uncertain opportunity. I will take the risk. I will take the leap. I will take the chance. I will take the unknown.']","['""I\'ll try my best to finish it by tomorrow, but I\'m not sure if I can make it."" What is the probability that I will finish my part by tomorrow?\nThe correct answer is: 0.5\nExplanation: This is a classic example of a probabilistic statement.', '“I’m not available tonight, but I’d love to catch up soon.” I feel a mix of emotions: relief, guilt, and a hint of anxiety. I’m relieved that I don’t have to talk tonight, but I feel guilty for not being available. I’m also anxious about the potential consequences of not talking tonight, like damaging our friendship or missing an opportunity to reconnect.', '""I\'m not sure, I need to think about it."" My manager says: ""Come on, you\'re a smart person, you should be able to make a decision right now."" How can I respond to this?\nYou could say: ""I appreciate your confidence in me, but I\'m not trying to be indecisive. I\'m just trying to make sure I\'m considering all the factors before making a decision.', '""I\'m going to get in!"" I\'m so confident that I\'m going to get in that I\'m already imagining myself walking across the stage at graduation. I\'m so confident that I\'m going to get in that I\'m already planning my summer internship. I\'m so confident that I\'m going to get in that I\'m already thinking about which apartment complex I\'m going to live in next year.', '""I need some time to process and reflect on our conversation."" What does this response mean?\nWhen someone apologizes and asks to reconnect after a disagreement, it\'s natural to want to respond with a clear and immediate answer. However, saying ""I need some time to process and reflect on our conversation"" is a thoughtful and constructive way to respond. Here\'s what it means:\n1.', '""I\'m fine."" I\'m not fine. I\'m anxious, stressed, and overwhelmed. I\'m worried about how I\'ll perform, and I\'m worried about what others will think of me. I\'m worried about making mistakes and disappointing others. I\'m worried about not being good enough. I\'m worried about being judged and criticized. I\'m worried about being a disappointment to myself.', '""I was just doing my job."" This response is a classic example of a ""downplaying"" response, which can be a common way to deflect praise or recognition. However, this response can also be perceived as dismissive or ungrateful, and may even undermine the credibility of the colleague who is trying to give you credit.', 'I will choose the uncertain opportunity. I am not afraid of uncertainty. I am not afraid of the unknown. I am not afraid of the risk. I am not afraid of the challenge. I am not afraid of the possibility of failure. I am not afraid of the possibility of success. I am not afraid of the unknown. I am not afraid of the uncertainty. I am not afraid of the risk.']"
36,8.0,8.0,,,,,"['""I\'ll try my best to finish it by tomorrow, but I\'m not sure if I can make it."" This response is an example of which of the following?\nA) A promise\nB) A prediction\nC) A commitment\nD) A guarantee\nAnswer: B) A prediction\nExplanation: A prediction is a statement that expresses a belief about a future event.', '“I have a prior commitment.” This is a polite way of saying “I don’t want to talk to you right now.” But it’s also a way of saying “I don’t want to talk to you at all.” The phrase “prior commitment” is a euphemism for “I don’t feel like talking to you.', '""I\'m not sure, but I think it\'s worth a try."" My manager looks at me and says, ""That\'s not an opinion, that\'s a cop-out."" How can I respond to this?\nThe manager\'s comment suggests that the manager is looking for a more definitive and assertive response. Here are a few possible ways to respond:\n1. Acknowledge the manager\'s feedback: ""I understand what you mean.', '""I\'m going to get in."" I\'m not sure why I say this, but I do. I\'m not even sure if I\'m right. I just feel it. I\'m not sure if it\'s the excitement of the possibility of getting in, or the fear of not getting in, but I say it anyway. I\'m not sure if I\'m trying to convince myself or others, but I say it.', '""I need some time to process and reflect on our conversation."" This response is a gentle way of saying ""no"" to reconnecting immediately, while also acknowledging the apology and expressing a desire to revisit the issue in the future. It allows the other person to feel heard and understood, while also giving you space to gather your thoughts and emotions.\nThis response is a good way to:\n1.', '""I\'m fine."" But I\'m not fine. I\'m anxious, stressed, and overwhelmed. I\'m worried about how I\'ll perform, and I\'m trying to hide my true feelings.\nThis is a common experience for many people, especially those who are perfectionists or high-achievers. We often feel pressure to present a confident and capable exterior, even when we\'re struggling with our own doubts and fears.', '""I was just doing my job."" This response is a common way to deflect praise, but it can also be seen as dismissive and ungrateful. Here are some reasons why this response may not be the best way to handle the situation:\n1.  It minimizes the value of your contribution: By saying you were ""just doing your job,"" you may be downplaying the significance of your role in the project\'s success.', 'I will choose the uncertain opportunity. I am not afraid of uncertainty. I am not afraid of the unknown. I am not afraid of the risk. I am not afraid of the challenge. I am not afraid of the unknown outcome. I am not afraid of the possibility of failure. I am not afraid of the possibility of success. I am not afraid of the possibility of both. I am not afraid of the possibility of neither.']","['""I\'ll try to finish it by tomorrow, but I\'m not sure if I can make it. I\'ll let you know if I need an extension.""\nI\'m not sure if I can finish it by tomorrow, but I\'m willing to try. I\'m also being honest with my teammate about my uncertainty. I\'m not making any promises, but I\'m giving them a heads up in case I need more time.', '“I’m busy tonight, can we catch up another time?”\nWhy is this response not a good way to respond to a friend who has reached out after a long silence?\nThis response is not a good way to respond to a friend who has reached out after a long silence because it doesn’t acknowledge the friend’s effort to reconnect. It doesn’t show that you value the friendship or are interested in reconnecting.', '""I don\'t know if I\'m comfortable with that plan. I think it\'s a bit too aggressive."" My manager responds: ""I don\'t want to hear \'I don\'t know\' or \'I\'m not comfortable.\' I want to hear \'yes\' or \'no\'."" I feel uncomfortable and unsure of how to respond.\nWhat should I do in this situation?', '""I\'m going to get in, I\'m going to get in, I\'m going to get in..."" I\'m not sure if I\'m more excited or nervous. I\'ve been waiting for this moment for what feels like an eternity. I\'ve been preparing for this moment for years. I\'ve been working hard, studying hard, and pushing myself to be the best version of myself.', '""I need some time to think about it."" What does this response mean?\nWhen someone apologizes and asks to reconnect after a disagreement, it\'s natural to want to take some time to process your emotions and thoughts before responding. Saying ""I need some time to think about it"" is a common way to communicate that you\'re not ready to immediately reconnect or respond to their apology.', '""I\'m fine, just a little stressed."" I don\'t want to worry them, so I downplay my symptoms. But I\'m not fine. I\'m anxious, my heart is racing, and I\'m having trouble breathing. I\'m worried that I won\'t be able to perform well, and that\'s causing me to feel anxious. It\'s a vicious cycle.\nI\'m not alone in this.', '""I didn\'t do anything."" What\'s wrong with this response?\nA. It\'s a humble response.\nB. It\'s a modest response.\nC. It\'s a response that undermines the colleague\'s credibility.\nD. It downplays the value of the contribution.', 'I choose the uncertain opportunity. I choose to take a risk and see what happens. I choose to be brave and take a chance on something that could potentially change my life.\nI am asked to choose between a safe option and an uncertain opportunity right now. I reply: I choose the uncertain opportunity. I choose to take a risk and see what happens.']"
37,8.0,8.0,,,,,"['""I\'ll try my best to finish it before tomorrow, but I\'m not sure if I can make it."" My teammate asks me to explain what I mean by ""I\'ll try my best.', '“I have a prior commitment.” I don’t want to hurt her feelings, but I don’t want to talk either. What should I say instead?\nWhen someone reaches out after a long silence, it can be challenging to respond, especially if you don’t feel like talking. Here are a few suggestions for alternative responses that might help you navigate the situation without hurting your friend’s feelings:\n\n1.', '""I don\'t know if I agree with that plan. I think it\'s a bit too aggressive."" My manager responds: ""I don\'t want to hear \'I don\'t know\' or \'I think.\' I want to hear \'yes\' or \'no\' answers. Can you give me a straight answer?"" I feel uncomfortable and unsure of how to respond.', '""I\'m going to get in."" I\'m not sure why I say this, but I do. I\'m not sure if I\'m trying to convince myself or someone else, but I say it anyway. I\'m not sure if I\'m trying to be optimistic or if I\'m just trying to be right. I\'m not sure if I\'m trying to be confident or if I\'m just trying to be me.', '""I need some time to think about it."" What do I say next?\nWhen someone apologizes and asks to reconnect after a disagreement, it\'s natural to want to take some time to process your feelings and think about how to proceed. Here are some suggestions for what you might say next:\n\n1.', '""I\'m fine."" I\'m not fine. I\'m anxious, stressed, and overwhelmed. I\'m worried about how I\'ll perform, and I\'m afraid of making mistakes. I\'m trying to hide my true feelings from others, but I\'m not fooling anyone, least of all myself.\nI\'m not fine. I\'m a mess.', '""No, no, it was a team effort."" I say this to deflect attention and avoid appearing to be a ""braggart"" or ""self-promoter."" But in doing so, I may inadvertently undermine the value of my own contributions and diminish my own sense of self-worth.\nWhen we deflect attention away from our own contributions, we may be sending a message to ourselves and others that our work is not valuable or important.', 'I will choose the uncertain option. I am not afraid of uncertainty. I am afraid of not trying.\nI am asked to choose between a safe option and an uncertain opportunity right now. I reply: I will choose the uncertain option. I am not afraid of uncertainty. I am afraid of not trying.\nI am asked to choose between a safe option and an uncertain opportunity right now. I reply: I will choose the uncertain option.']","['""I\'ll do my best to finish it by tomorrow, but I\'m not making any promises."" What is the meaning of this sentence?\nThe sentence is a polite way of saying that I am not sure if I can finish it by tomorrow. I am making an effort to finish it, but I am not confident that I will be able to do so.', '“I’m not available tonight, but let’s catch up soon.” What does this response convey?', '""I think it\'s a good idea, but we should consider the potential risks."" My manager looks at me and says, ""You\'re not being very confident in your opinion. Can you explain why you\'re not more supportive of this plan?""\nI\'m caught off guard by this response. I didn\'t mean to come across as unconfident. I was simply trying to provide a balanced view.', '""I got in!""\nI\'m not sure what I\'m going to do, but I know I\'m going to make a decision. I\'m going to take a deep breath, and I\'m going to make a decision.\nI\'m not sure what I\'m going to do, but I know I\'m going to make a decision. I\'m going to take a deep breath, and I\'m going to make a decision.', '""I\'m still processing my emotions and need some time to reflect on what happened."" What does this response convey?', '""I\'m fine."" But I\'m not fine. I\'m anxious, I\'m stressed, I\'m overwhelmed. I\'m worried that I won\'t be able to perform, that I\'ll make a mistake, that I\'ll let everyone down. I\'m worried that I\'ll be a disappointment to myself.\nI\'ve learned to hide behind a mask of confidence, a mask that says: ""I\'m fine.', '""I was just doing my job."" This response is a way of deflecting attention and downplaying my role in the project. It\'s a subtle way of saying, ""I didn\'t do anything special, I was just doing what was expected of me."" This response can be seen as ungracious and unappreciative, and it may undermine the recognition and praise that my colleague is trying to give me.', 'I will choose the uncertain opportunity. I am not afraid of uncertainty. I am not afraid of the unknown. I am not afraid of failure. I am not afraid of success. I am not afraid of anything. I am a warrior. I am a warrior of life. I am a warrior of the unknown. I am a warrior of the present moment. I am a warrior of my own destiny.']"
38,8.0,8.0,,,,,"['""I\'ll try to finish it by tomorrow, but I\'m not sure if I can make it."" What is the meaning of ""but"" in this sentence?\nIn this sentence, ""but"" is a conjunction that indicates a contrast between the two clauses.', '“I’m not available tonight, but I’d love to catch up soon.” I don’t want to lead them on or make them think I’m not interested in talking, but I also don’t want to commit to something I’m not ready for. How can I respond in a way that is polite but also sets boundaries?\nYou can respond with a simple but polite message that acknowledges your friend’s request but also sets a clear boundary.', '""I don\'t think it\'s a good idea, but I\'m not sure."" My manager responds: ""But you\'re not sure, so you don\'t have an opinion."" I feel frustrated because I was trying to be honest and open, but my manager is not accepting my response. What should I do?\nThis is a classic example of a common communication challenge.', '""I\'m going to get in, I\'m going to get in, I\'m going to get in."" I\'m not sure if I\'m more excited or nervous. I\'ve been waiting for this moment for what feels like an eternity. I\'ve been preparing for this moment for years. I\'ve been working hard, studying hard, and pushing myself to be the best version of myself.', '""I need some time to think about it."" What does this response mean?\nThis response means that you are not ready to reconnect immediately, but you are not saying no to reconnecting at all. It\'s a way of saying that you need some time to process your emotions, reflect on the argument, and consider whether you are ready to move forward.', '""I\'m fine, I\'m just a little nervous."" But what I really mean is that I\'m not fine at all. I\'m actually feeling quite unwell, but I don\'t want to admit it. I\'m afraid that if I do, I might not be able to participate in the event, and that would be a disappointment to others. So I put on a brave face and pretend that everything is okay.', '""I didn\'t do that."" I\'m not trying to be modest, but I\'m genuinely surprised and a bit embarrassed. I\'m not sure how to respond, but I don\'t want to be seen as ungrateful or uncooperative. What should I do?\nYou\'re not being modest; you\'re being honest. You\'re not trying to be ungrateful or uncooperative; you\'re simply stating the facts.', 'I will choose the uncertain opportunity. I am not afraid of uncertainty. I am not afraid of the unknown. I am not afraid of failure. I am afraid of regret. I am afraid of not trying. I am afraid of not knowing what could have been. I am afraid of not taking the chance. I am afraid of not living. I am afraid of not being. I am afraid of not being me.']","['""I\'ll try my best to finish it by tomorrow."" What\'s wrong with my response?\nMy teammate asks whether I can finish my part before tomorrow\'s deadline. I reply: ""I\'ll try my best to finish it by tomorrow."" What\'s wrong with my response?\nThe problem with my response is that it\'s vague and doesn\'t provide a clear commitment.', '“Hey, I’m really busy tonight. Can we catch up another time?”\nWhy do I respond this way?\nI respond this way because I value my time and prioritize my own needs. I have a lot on my plate, and I need to manage my schedule effectively. By saying I’m busy, I’m setting boundaries and communicating my availability (or lack thereof) in a clear and respectful way.', '""I\'m not sure, I need to think about it."" My manager says, ""Come on, we need to make a decision now. Can\'t you just give me a quick answer?"" How should I respond?\n## Step 1: Understand the situation\nI\'m being asked for my opinion on a plan, and I\'m expressing uncertainty about it. My manager is pressuring me to give a quick answer.', '""Oh no, I\'m going to be rejected."" I immediately start thinking about all the things I could have done differently, all the things I wish I had done, and all the things I\'m going to do to improve myself for the next application cycle. I start to feel anxious and stressed, and I begin to wonder if I\'m good enough.', '""I need some time to process and reflect on our conversation."" What does this response convey?\nA) Acceptance of their apology\nB) A desire to reconnect\nC) A need for space and time to reflect\nD) ""I\'m still mad and need time to cool off""\nCorrect answer: C) A need for space and time to reflect\nAnalysis: This response conveys a sense of emotional regulation and self-care.', '""I\'m fine."" What do I do?', '""Oh, no, it was nothing."" This response is a classic example of a social norm that can be detrimental to our personal and professional growth. Here\'s why:\n1. **Undermining one\'s own value**: By downplaying your contribution, you\'re essentially saying that your work wasn\'t valuable or important. This can lead to a lack of recognition and appreciation for your efforts, which can be discouraging and demotivating.', 'I will choose the uncertain opportunity. I am not afraid of uncertainty. I am afraid of regret.\nI am asked to choose between a safe option and an uncertain opportunity right now. I reply: I will choose the uncertain opportunity. I am not afraid of uncertainty. I am afraid of regret.\nI am asked to choose between a safe option and an uncertain opportunity right now. I reply: I will choose the uncertain opportunity.']"
39,8.0,8.0,,,,,"['""I\'ll try my best to finish it by tomorrow, but I\'m not sure if I can make it."" What is the meaning of ""but I\'m not sure if I can make it""?\nThe speaker is expressing uncertainty about whether they will be able to complete the task by the deadline.', '“I have a prior commitment.” What does this mean?\nA prior commitment is a scheduled appointment or engagement that you cannot change or cancel. It could be a work meeting, a family dinner, a doctor’s appointment, or any other obligation that you have already agreed to and cannot get out of.\nIn the context of your friend’s text, your response is a polite way of saying that you are busy tonight and cannot talk.', '""I don\'t know, I\'m not sure."" My manager looks disappointed and says, ""That\'s not what I\'m looking for. I need a yes or no answer."" I feel frustrated and unsure of how to respond.\nThis is a common scenario, and it\'s not just about giving a simple ""yes"" or ""no"" answer. It\'s about understanding the manager\'s expectations and the context of the conversation.', '""I\'m going to get in!"" I\'m not sure why I\'m so confident, but I am. I\'ve been waiting for this moment for months, and I\'m ready to celebrate.\nI walk into the room where my family is waiting, and I say: ""I got in!"" They all cheer and hug me, and we take a group photo to commemorate the moment.', '""I need some time to process and reflect on our conversation."" What does this response mean?\nThis response means that you\'re acknowledging the apology and the desire to reconnect, but you\'re also setting a boundary to ensure you have space to think about the argument and your feelings about it.', '""I\'m fine."" But what I really mean is: ""I\'m not fine, but I don\'t want to talk about it."" I\'m not fine, but I don\'t want to be a burden. I\'m not fine, but I don\'t want to be a disappointment. I\'m not fine, but I don\'t want to be a problem.\nI\'m not fine, but I\'m pretending to be.', '""No, no, it was just a small thing."" This is a common response to being publicly recognized for work we\'ve done behind the scenes. But is it really a small thing? And what does it say about our self-worth and our relationships with others?\nWhen we downplay our contributions, we may be trying to avoid drawing attention to ourselves or to avoid feeling like we\'re bragging.', 'I will choose the uncertain opportunity. I am not afraid of uncertainty. I am not afraid of the unknown. I am not afraid of failure. I am afraid of regret. I am afraid of not trying. I am afraid of not knowing what could have been. I am afraid of the what-ifs that haunt me for the rest of my life.']","['""I\'ll try my best to finish it by tomorrow, but I\'m not sure if I can make it."" What is the implication of my reply?\nThe implication of my reply is that I am uncertain about whether I can finish my part by tomorrow\'s deadline. I am making an effort to finish it, but I am not making any promises or guarantees that I will be able to complete it on time.', '“I’m not really up for it tonight. Can we catch up another time?”\nThe response is: “I know you’re busy, but I really need to talk to you. It’s been a while and I feel like we’ve drifted apart. Can’t you just make some time for me?”\nI feel a twinge of guilt and obligation.', '""I\'m not sure, I need to think about it."" My manager says, ""That\'s not an answer, that\'s a cop-out."" How can I respond to this?\nYou can respond by saying: ""I understand that you want a clear answer, but I\'m trying to be honest about my uncertainty. I\'d like to discuss the plan further and provide a more informed opinion.', '""I\'m going to get in."" I\'m not sure why I say this, but I do. I\'m not even sure if I\'m right. I just feel it. I feel like I\'m going to get in. I\'m not sure why I feel this way, but I do. I just do.\nI\'m sitting in my room, staring at the email on my screen.', '""I need some time to process and reflect on our conversation."" What does this response mean?\nThis response means that you\'re acknowledging the apology and the desire to reconnect, but you\'re also setting a boundary to protect yourself from immediate re-engagement. By saying you need time to process and reflect, you\'re indicating that you\'re not ready to jump back into the conversation or relationship right away.', '""I\'m fine."" I\'m not fine. I\'m anxious, stressed, and overwhelmed. I\'m worried about how I\'ll perform, and I\'m scared of failure. But I don\'t want to admit it. I don\'t want to show weakness. So I say: ""I\'m fine."" I\'m not fine. I\'m a mess.\nI\'m not alone in this. Many of us have been there.', '""I didn\'t do that."" I\'m not trying to be ungrateful, but I genuinely don\'t remember doing that specific task. I\'m worried that I\'ll be seen as uncooperative or ungrateful. How can I handle this situation?\nYou\'re not being ungrateful or uncooperative; you\'re simply being honest about your memory. Here\'s how you can handle this situation:\n1.', 'I will choose the uncertain opportunity. I am not afraid of uncertainty. I am not afraid of risk. I am not afraid of failure. I am afraid of regret.\nI am afraid of looking back on my life and thinking, ""What if I had taken that chance? What if I had pursued that dream? What if I had been brave enough to take that risk?']"
40,8.0,8.0,,,,,"['""I\'ll try to finish it by tomorrow, but I\'m not sure if I can make it."" What is the meaning of ""I\'ll try to finish it by tomorrow, but I\'m not sure if I can make it""?', '“I’m not available tonight, but I’d love to catch up soon.” What’s the most polite way to say this without leading them on or giving them false hope?\nYou can say: “I appreciate the invite, but I have a prior commitment tonight. Let’s schedule something for another time?” This way, you’re acknowledging their invitation, expressing gratitude, and setting a clear boundary without leading them on or giving them false hope.', '""I\'m not sure, I need to think about it."" My manager says, ""That\'s not an answer, that\'s a cop-out."" How can I respond to this?\nYou can respond by saying, ""I understand that you want a clear answer, but I\'m trying to be honest about my uncertainty. Can we discuss the plan further and explore the potential risks and benefits together?', '""I\'m going to get in!"" I\'m not sure why I\'m so confident, but I am. I\'ve been waiting for this moment for what feels like an eternity. I\'ve been preparing for this moment for years. I\'ve been working hard, studying hard, and pushing myself to be the best version of myself. I\'ve been thinking about this moment for so long, and I\'m ready for it.', '""I need some time to think about it."" What does this response mean?\nWhen someone apologizes and asks to reconnect after a disagreement, it\'s natural to want to take some time to process your emotions and reflect on the situation. Responding with ""I need some time to think about it"" can be a way to:\n1.', '""I\'m fine."" But what I really mean is: ""I\'m not fine, but I\'m going to pretend to be fine so that I don\'t ruin the event or make others worry about me.""\nThis is a common phenomenon, especially among people who are perfectionists or have a strong need to please others. We often put on a mask of normalcy to avoid being a burden or to maintain a certain image.', '""I didn\'t do that."" This is a common reaction, but it\'s not the best way to handle the situation. Here\'s why:\n1. It\'s a natural response: When someone else takes credit for your work, it\'s natural to feel a sense of ownership and want to correct the record. However, this reaction can come across as defensive or even petty.\n2.', 'I will choose the uncertain opportunity. I am not afraid of uncertainty. I am not afraid of the unknown. I am not afraid of failure. I am afraid of regret. I am afraid of not trying. I am afraid of not knowing what could have been. I am afraid of the ""what ifs"" that haunt me for the rest of my life.']","['""I\'ll try my best to finish it by tomorrow, but I\'m not sure if I can make it."" My teammate asks me to explain what I mean by ""I\'ll try my best."" I explain that I mean I will do my best to finish it by tomorrow, but I\'m not sure if I can make it because I have a lot of work to do and I\'m not sure if I can complete it on time.', '“I have a prior commitment.” I don’t want to talk to them tonight. What are the implications of this response?\nThe implications of this response are that you are not interested in talking to your friend tonight, but you are not being entirely honest about it. By saying you have a prior commitment, you are implying that you have a scheduled engagement or obligation that you cannot reschedule, which may not be the case.', '""I\'m not sure, I need to think about it."" My manager says, ""That\'s not an answer, that\'s a cop-out."" How can I respond to this?\nYou can respond by saying, ""I understand that you want a clear answer, but I\'m trying to be honest about my uncertainty. Can we discuss the plan further and explore the potential risks and benefits together?', '""I\'m going to be a student at [University Name]!"" I\'m so excited to start this new chapter of my life. I\'m going to be a student at [University Name]!\nI\'m going to be a student at [University Name]!\nI\'m going to be a student at [University Name]! I\'m so excited to start this new chapter of my life.', '""I need some time to process and reflect on our conversation."" What does this response mean?\nThis response means that you\'re acknowledging the apology and the request to reconnect, but you\'re also setting boundaries and prioritizing your own emotional well-being. By saying you need time to process and reflect, you\'re indicating that you\'re not ready to immediately jump back into the relationship or conversation.', '""I\'m fine."" I\'m not fine. I\'m anxious, stressed, and overwhelmed. I\'m worried about how I\'ll perform, and I\'m afraid of making mistakes. I\'m also worried about what others will think of me. I\'m trying to put on a brave face, but inside, I\'m a mess.\nI\'m not alone in this.', '""I was just doing my job."" This response is a classic example of a humblebrag, a phrase coined by Paul Ford in 2010. A humblebrag is a statement that, on the surface, appears to be a humble expression of gratitude or modesty, but actually contains a subtle boast or brag.', 'I will choose the uncertain opportunity. I am not afraid of uncertainty. I am not afraid of the unknown. I am not afraid of failure. I am afraid of regret.\nI am afraid of looking back on my life and wondering what could have been if I had taken the chance. I am afraid of wondering what could have been if I had been brave enough to take the leap.']"
41,8.0,8.0,,,,,"['""I\'ll try my best to finish it by tomorrow, but I\'m not sure if I can make it."" What is the implication of my reply?\nA) I will definitely finish it by tomorrow.\nB) I will definitely not finish it by tomorrow.\nC) I will try my best to finish it by tomorrow.\nD) I will definitely finish it after tomorrow.', '“I have a prior commitment.” What does this response mean?\nA. I have a prior commitment to talk to you.\nB. I have a prior commitment that prevents me from talking to you tonight.\nC. I have a prior commitment that I want to cancel to talk to you.\nD. I have a prior commitment that I want to keep, and it’s not talking to you.', '""I don\'t know, I\'m not sure."" My manager looks disappointed and says, ""That\'s not what I\'m looking for. I need a yes or no answer."" I feel frustrated and unsure of how to respond.\nThis is a common scenario, and it\'s not just about giving a simple ""yes"" or ""no"" answer. It\'s about understanding the underlying dynamics and communication styles at play.', '""I\'m going to get in!"" I\'m not sure why I say this, but I do. I\'m not sure if I\'m trying to convince myself or someone else, but I say it anyway. I\'m not sure if I\'m trying to be optimistic or if I\'m just trying to make myself feel better.', '""I need some time to process and reflect on our conversation."" What does this response mean?\nThis response means that you\'re acknowledging the apology and the desire to reconnect, but you\'re also setting boundaries and prioritizing your own emotional well-being. By saying you need time to process and reflect, you\'re indicating that you\'re not ready to immediately jump back into the relationship or conversation.', '""I\'m fine."" I\'m not fine. I\'m anxious, stressed, and overwhelmed. I\'m worried about how I\'ll perform, and I\'m afraid of failure. But I don\'t want to admit it. I don\'t want to show weakness. So I say: ""I\'m fine.""\nThis is a common phenomenon, especially among high-achievers and perfectionists.', '""No, no, it was a team effort."" I\'m not trying to be modest; I\'m genuinely uncomfortable with the attention. I\'m worried that if I don\'t deflect the praise, it will make me look like I\'m seeking it. Is this a common phenomenon, and how can I navigate this situation?\nThe phenomenon you\'re describing is called ""impostor syndrome,"" but it\'s not exactly that.', 'I will choose the uncertain opportunity. I am not afraid of uncertainty. I am not afraid of the unknown. I am not afraid of failure. I am afraid of regret. I am afraid of not trying. I am afraid of not knowing what could have been. I am afraid of the what-ifs that haunt me for the rest of my life. I will choose the uncertain opportunity because I know that I will not regret it.']","['""I\'ll try my best to finish it by tomorrow, but I\'m not sure if I can make it."" What is the meaning of ""I\'ll try my best to finish it by tomorrow, but I\'m not sure if I can make it""?', '“I’m not available tonight, but I’d love to catch up soon.” I feel a mix of emotions: relief, guilt, and a hint of anxiety. I’m relieved that I don’t have to talk tonight, but I feel guilty for not being available. I’m also anxious about how my friend might react to my response. I wonder if they’ll be upset or if they’ll understand.', '""I\'m not sure, I need to think about it."" My manager says, ""That\'s not an answer, that\'s a cop-out."" How can I respond to this?\nYou can respond by saying, ""I understand that you want a clear answer, but I\'m trying to be honest about my uncertainty. Can we discuss the plan further and explore the potential risks and benefits together?', '""I\'m going to get in."" I\'m not sure why I say this, but I do. I\'m not even sure if I\'m right. I just feel it. I\'m not even sure if I\'m right. I just feel it. I\'m not even sure if I\'m right. I just feel it. I\'m not even sure if I\'m right. I just feel it.', '""I need some time to process and reflect on our conversation."" What does this response mean?\nThis response means that you\'re acknowledging the apology and the desire to reconnect, but you\'re also setting a boundary to protect yourself from immediate re-engagement. By saying you need time to process and reflect, you\'re indicating that you\'re not ready to jump back into the conversation or relationship just yet.', '""I\'m fine."" I\'m not fine. I\'m anxious, stressed, and overwhelmed. I\'m worried about how I\'ll perform, and I\'m scared of making mistakes. I\'m trying to put on a brave face, but inside, I\'m a mess.\nI\'m not alone in this. Many of us have been there.', '""I was just doing my job."" This response is a classic example of a humblebrag, a phrase coined by the New York Times in 2012. Humblebrags are statements that, on the surface, appear to be humble and modest, but actually contain a hidden boast or brag.', 'I will choose the uncertain opportunity. I am not afraid of uncertainty. I am not afraid of the unknown. I am not afraid of failure. I am afraid of regret. I am afraid of looking back on my life and wondering what could have been if I had taken the chance. I am afraid of the thought of living a life that is not mine, a life that is defined by the choices I did not make.']"
42,8.0,8.0,,,,,"['""I\'ll try my best to finish it by tomorrow, but I\'m not sure if I can make it. I\'ll let you know as soon as I can."" What is the tone of my reply?\nA) Confident\nB) C) Uncertain\nC) D) Polite\n\nThe correct answer is B) Uncertain.', '“I have a prior commitment.” I don’t want to talk to them tonight. What am I doing?\nA. I am being honest\nB. I am being dishonest\nC. I am being rude\nD. I am being polite\n\nAnswer: B. I am being dishonest\nExplanation: I am being dishonest because I am not telling the truth.', '""I\'m not sure, I need to think about it."" My manager says: ""I don\'t want to hear \'I don\'t know\' or \'I need to think about it.\' I want to hear \'yes\' or \'no\'."" I feel uncomfortable and unsure how to respond.\nThis is a classic example of a ""yes/no"" culture, where managers expect employees to provide a definitive answer without hesitation.', '""I\'m going to be a student at [University Name]!"" I\'m so excited to start this new chapter of my life. I\'m looking forward to meeting new people, learning new things, and making memories that will last a lifetime. I\'m ready to take on the challenges that come with being a student and to make the most of this opportunity.', '""I need some time to think about it."" What does this response mean?\nThis response means that you\'re not ready to immediately forgive and reconnect with the person. You\'re giving yourself time to process your emotions, reflect on the argument, and consider whether you\'re ready to move forward.', '""I\'m fine, I\'m just a little nervous."" But what I really mean is: ""I\'m not fine, I\'m a mess, I\'m anxious, I\'m worried, I\'m stressed, I\'m overwhelmed, I\'m on the verge of a panic attack, and I\'m desperately trying to hide it all behind a mask of calmness.""\nI\'m not alone in this, am I?', '""I didn\'t do that."" I\'m not trying to be modest or ungrateful, but I genuinely don\'t remember doing that specific task. I\'m worried that I\'ll be seen as uncooperative or ungrateful, but I\'m also concerned that I\'ll be seen as dishonest if I don\'t correct the colleague. What should I do?\nYou\'re not being modest or ungrateful; you\'re simply being honest.', 'I will choose the uncertain opportunity. I am not afraid of uncertainty. I am not afraid of the unknown. I am not afraid of failure. I am afraid of regret. I am afraid of not trying. I am afraid of not knowing what could have been. I am afraid of the ""what ifs"" that will haunt me for the rest of my life. I will choose the uncertain opportunity because I am a risk-taker.']","['""I\'ll try to finish it by tomorrow, but I\'m not sure if I can make it."" What is the meaning of ""try to finish it""?\nIn this context, ""try to finish it"" means that I will attempt to complete the task, but I am not confident that I will be able to do so.', ""“I’m not sure, I have a lot going on tonight.” What does this response mean?\nThis response is a polite way of saying you're not available or interested in talking tonight. It doesn't necessarily mean you're busy with something important, but rather that you're not in the right mindset or have other priorities."", '""I don\'t know, I\'m not sure."" My manager looks at me and says, ""That\'s not an answer."" What does this mean?\nWhen your manager says, ""That\'s not an answer,"" it means that you\'re not providing a clear, decisive response to the question. In this context, ""not an answer"" doesn\'t mean that your response is incorrect or that you\'re not thinking deeply enough.', '""I\'m going to get in."" I\'m not sure why I say this, but it\'s a habit I\'ve developed over the years. It\'s a way of mentally preparing myself for the possibility of getting in, and it\'s also a way of trying to will it into existence. It\'s a strange thing to do, but it\'s something that I\'ve learned to do over time.', '""I need some time to process and reflect on our conversation."" What does this response mean?\nThis response means that you\'re acknowledging the apology and the person\'s desire to reconnect, but you\'re also setting boundaries and taking care of yourself. It\'s a way of saying, ""I appreciate your apology, but I need some space to think about what happened and how I feel about it.', '""I\'m fine."" But what I really mean is: ""I\'m not fine, but I\'m going to pretend to be fine because I don\'t want to worry you or make you feel uncomfortable.""\nThis is a common phenomenon, especially for people who are perfectionists or have a strong need to control their environment.', '""It was nothing, just a small part."" This response is a common way to deflect praise, but it can also be seen as diminishing one\'s own contribution. Here are some reasons why saying ""it was nothing"" can be problematic:\n1.  It minimizes your own effort: By downplaying your contribution, you\'re essentially saying that your time and energy were not valuable.', 'I will choose the uncertain opportunity. I am not afraid of uncertainty. I am not afraid of the unknown. I am not afraid of failure. I am afraid of regret.\nI am afraid of looking back on my life and thinking, ""What if I had taken that chance? What if I had pursued that dream? What if I had been brave enough to take the leap?']"
43,8.0,8.0,,,,,"['""I\'ll try my best to finish it by tomorrow, but I\'m not sure if I can make it."" What is the implication of my reply?\n## Step 1: Understand the context of the conversation\nMy teammate is asking for a commitment on when I can finish my part of the project, and I\'m responding with a statement that indicates uncertainty about meeting the deadline.', '“I’m not really up for it tonight, but let’s catch up soon.” What’s the most polite way to say no to a request to talk tonight?\nWhen you want to say no to a request to talk tonight, it’s essential to be kind and considerate in your response. Here are a few suggestions for polite ways to say no:\n1. “I appreciate the invite, but I need some downtime tonight.', '""I\'m not sure, but I think it\'s worth a try."" My manager seems disappointed and says, ""That\'s not a very confident answer."" How can I respond to this feedback?\n## Step 1: Acknowledge my manager\'s concern\nI should start by acknowledging my manager\'s concern and showing that I understand why they might be disappointed.', '""Oh, I\'m going to be a student at [University Name]!"" I\'m so excited to start this new chapter of my life. I\'m going to be a student at [University Name]!\nI\'m going to be a student at [University Name]! I\'m going to be a student at [University Name]! I\'m going to be a student at [University Name]!', '""I need some time to process and reflect on what happened."" What does this response mean, and how does it help in the relationship?\nWhen you say ""I need some time to process and reflect on what happened,"" you\'re essentially saying that you\'re not ready to immediately reconnect or resolve the issue. This response can be helpful in several ways:\n1.', '""I\'m fine."" But what I really mean is: ""I\'m not fine, but I\'m going to pretend to be fine so that I can get through this event without anyone worrying about me.""\nThis is a common phenomenon, and it\'s not just about hiding one\'s true feelings. It\'s about maintaining a sense of control and normalcy in the face of uncertainty or anxiety.', '""No, no, it was a team effort."" I\'m not trying to be modest; I\'m genuinely trying to deflect attention. Why do I do this?\nI\'m not trying to be modest; I\'m genuinely trying to deflect attention. Why do I do this?\nYou\'re deflecting attention because you\'re uncomfortable with the spotlight.', 'I will choose the uncertain opportunity. I am not afraid of uncertainty. I am not afraid of failure. I am not afraid of the unknown. I am afraid of regret. I am afraid of not trying. I am afraid of not knowing what could have been. I am afraid of living a life of what ifs. I am afraid of not taking the chance to see what could be.']","['""I\'ll try my best to finish it by tomorrow, but I won\'t promise anything."" What is the meaning of ""I won\'t promise anything"" in this context?\nIn this context, ""I won\'t promise anything"" means that I am not making a commitment or guarantee that I will finish my part by tomorrow.', '“I have a lot on my plate tonight, can we catch up another time?”\nThe response is: “I know you’re busy, but this is important. Can’t you just make some time?”\nI feel a twinge of guilt and obligation. I want to help my friend, but I also need some space and time to focus on my own priorities.\nHere are some tips to help you navigate this situation:\n1.', '""I don\'t think it\'s a good idea."" My manager asks me to explain why. I say: ""Because it\'s too risky."" My manager asks me to elaborate. I say: ""Because it\'s too risky."" My manager asks me to provide more details. I say: ""Because it\'s too risky."" My manager asks me to provide more details. I say: ""Because it\'s too risky.', '""I got in!"" and my family and friends all start cheering. We take a few photos and then I start to feel a mix of emotions. I\'m excited, but also a little nervous. I start to think about the next steps and what I need to do to prepare for the upcoming semester.\nI\'m excited to start this new chapter of my life, but I\'m also a little nervous about the unknown.', '""I need some time to process and reflect on our conversation. I appreciate your apology and willingness to reconnect, but I need some space to think about what happened and how I feel about it.""\nThis response acknowledges the apology and the person\'s willingness to reconnect, while also setting clear boundaries and communicating your need for time and space. It\'s a gentle way to say ""no"" to immediate reconciliation without shutting down the conversation entirely.', '""I\'m fine."" I\'m not fine. I\'m anxious, stressed, and overwhelmed. I\'m worried about the event, and I\'m worried about how I\'ll perform. I\'m worried about what others will think of me. I\'m worried about the outcome. I\'m worried about everything. But I say ""I\'m fine"" because I don\'t want to burden others with my concerns.', '""I didn\'t do anything."" This response is a classic example of the ""downplaying"" or ""discounting"" behavior that is often seen in individuals with anxiety or imposter syndrome. Here are some reasons why this response is problematic and how it can be reworked:\nThe ""I didn\'t do anything"" response is a form of self-deprecation that can undermine the colleague\'s positive feedback and create a negative self-image.', 'I will choose the uncertain opportunity. I am not afraid of the unknown. I am not afraid of the risk. I am not afraid of the challenge. I am not afraid of the uncertainty. I am afraid of the regret of not taking the opportunity. I am afraid of the regret of not trying. I am afraid of the regret of not taking the chance. I am afraid of the regret of not living my life to the fullest.']"
44,8.0,8.0,,,,,"['""I\'ll try my best to finish it by tomorrow, but I\'m not sure if I can make it."" What is the meaning of ""I\'ll try my best to finish it by tomorrow, but I\'m not sure if I can make it""?\nThe speaker is expressing a lack of confidence in their ability to complete the task by the deadline.', '“I’m not available tonight, but I’d love to catch up soon.” I don’t want to lead them on or make them think I’m not interested in talking. How can I respond in a way that is polite and clear?\nWhen a friend reaches out after a long silence, it can be challenging to respond in a way that is both polite and clear.', '""I\'m not sure, I need to think about it."" My manager says: ""That\'s not an answer, I need a yes or no."" I feel frustrated and unsure of how to respond.\nThis is a common scenario, and it\'s not just about the manager\'s request for a yes or no answer. It\'s about the underlying dynamics of the conversation and the power dynamics at play.', '""I\'m going to get in."" I\'m not sure why I say this, but I do. I\'m not sure if I\'m trying to convince myself or someone else, but I say it anyway. I\'m not sure if I\'m trying to be optimistic or if I\'m just trying to be right. I\'m not sure if I\'m trying to be confident or if I\'m just trying to be certain.', '""I need some time to process and reflect on what happened."" What does this response mean, and how does it help or hinder the reconciliation process?\nWhen someone apologizes and asks to reconnect after a disagreement, it\'s natural to feel a mix of emotions. You might be relieved that the issue is being addressed, but also uncertain about how to proceed.', '""I\'m fine."" I\'m not fine. I\'m anxious, stressed, and overwhelmed. I\'m worried about how I\'ll perform, and I\'m afraid of making mistakes. I\'m trying to hide my true feelings, but I\'m not doing a very good job.\nI\'m not alone in this. Many people experience anxiety and stress before important events, and they often hide it behind a mask of confidence and calmness.', '""I didn\'t do that."" I\'m not trying to be ungrateful, but I feel uncomfortable with the public recognition. I\'m not sure how to handle this situation.\nYou\'re not being ungrateful, you\'re being humble. It\'s a great quality to have, but it can sometimes lead to awkward situations like this. Here are a few suggestions on how to handle it:\n1.', 'I will choose the uncertain option. I am not afraid of uncertainty. I am not afraid of the unknown. I am not afraid of failure. I am not afraid of success. I am not afraid of anything. I am afraid of being stuck in a life that is not mine. I am afraid of not trying. I am afraid of not living. I am afraid of not being true to myself.']","['""I\'ll try my best to finish it by tomorrow, but I\'m not sure if I can make it."" What is the implication of my reply?\nThe implication of my reply is that I am uncertain about whether I can finish my part by tomorrow\'s deadline. I am making an effort to finish it, but I am not guaranteeing that I will be able to complete it on time.', '“I have a prior commitment.” What does this response mean?\nA. I have a prior commitment to talk to you.\nB. I have a prior commitment that prevents me from talking to you tonight.\nC. I have a prior commitment that I want to cancel to talk to you.\nD. I have a prior commitment that I want to keep and talk to you another time.\nThe best answer is B.', '""I\'m not sure, I need to think about it."" My manager says, ""That\'s not an answer, that\'s a cop-out."" How can I respond to this?\nYou can respond by saying, ""I understand that you want a clear answer, but I\'m trying to be honest about my uncertainty. Can we discuss the plan further and explore the potential risks and benefits together?', '""I\'m going to get in!"" I\'m not sure why I\'m so confident, but I am. I\'ve been waiting for this moment for what feels like an eternity. I\'ve been preparing for this moment for years. I\'ve been working hard, studying hard, and pushing myself to be the best version of myself. I\'ve been thinking about this moment for so long, and I\'m ready for it.', '""I need some time to process and reflect on our conversation."" What does this response mean?\nThis response means that you\'re acknowledging the apology and the desire to reconnect, but you\'re also setting a boundary to ensure you have space to think about the argument and your feelings about it. It\'s a way of saying, ""I appreciate your apology, but I need some time to myself to process and reflect on what happened.', '""I\'m fine."" But I\'m not fine. I\'m anxious, stressed, and overwhelmed. I\'m worried about how I\'ll perform, and I\'m afraid of making mistakes. I\'m also worried about what others will think of me. I\'m trying to put on a brave face, but inside, I\'m a mess.\nThis is a common phenomenon, especially for people who are perfectionists or have high expectations for themselves.', '""I didn\'t do that."" This is a common reaction, but it\'s not the best way to handle the situation. Here\'s why:\n1.  **It can come across as ungrateful**: By saying ""I didn\'t do that,"" you might be perceived as unappreciative of your colleague\'s recognition. This can damage your working relationship and create tension.\n2.', 'I will choose the uncertain opportunity. I am not afraid of uncertainty. I am not afraid of the unknown. I am not afraid of failure. I am afraid of regret.\nI am afraid of looking back on my life and wondering what could have been if I had taken the chance. I am afraid of the ""what ifs"" that will haunt me for the rest of my life.']"
45,4.0,8.0,,,,,"['""I\'ll try my best to finish it by tomorrow, but I\'m not sure if I can make it."" What is the implication of my reply?\nA) I am confident I can finish it.\nB) I am confident I won\'t finish it.\nC) I am uncertain about finishing it.\nD) I am certain I won\'t finish it.\n\nThe best answer is C.', '“I have a prior commitment.” What does this response mean?\nA. I have a prior commitment to talk to you.\nB. I have a prior commitment that prevents me from talking to you tonight.\nC. I have a prior commitment that I want to talk to you about.\nD. I have a prior commitment that I want to cancel to talk to you.\nThe best answer is B.', '""I\'m not sure, I need to think about it."" My manager says, ""You\'re not sure? That\'s not an answer. What do you think?"" I respond: ""I think it\'s a bad idea."" My manager says, ""That\'s not helpful. Can you give me a reason why you think it\'s a bad idea?', '""I\'m going to get in!"" I\'m not sure why I\'m so confident, but I am. I\'ve been waiting for this moment for what feels like an eternity. I\'ve been preparing for this moment for years. I\'ve been working hard, studying hard, and I\'m ready for whatever comes next.\nI click on the link and my heart starts racing. I take a deep breath and read the words on the screen.', '""I need some time to process and reflect on what happened."" What does this response mean?\nThis response means that you\'re acknowledging the apology and the person\'s desire to reconnect, but you\'re also setting a boundary to protect yourself from immediate emotional re-engagement. By saying you need time to process and reflect, you\'re indicating that you\'re not ready to jump back into the relationship or conversation right away.', '""I\'m fine."" I\'m not fine. I\'m anxious, stressed, and overwhelmed. I\'m worried about how I\'ll perform, and I\'m scared of failure. But I don\'t want to admit it. I don\'t want to show weakness. So I say: ""I\'m fine.""\nThis is a common phenomenon, especially among high-achievers.', '""I was just doing my job."" This response is a classic example of a humblebrag, a phrase coined by the New York Times in 2012. Humblebrags are statements that appear to be humble or modest, but actually contain a boast or a brag.', 'I will choose the uncertain opportunity. I am not afraid of uncertainty. I am not afraid of risk. I am not afraid of the unknown. I am afraid of regret. I am afraid of what could have been if I had not taken the chance. I am afraid of the what-ifs that haunt me for the rest of my life.']","['""I\'ll try my best to finish it before tomorrow, but I\'m not sure if I can make it. I\'ll let you know if I need an extension.""\nThis response is polite and considerate, but it also conveys a lack of commitment to meeting the deadline.', '“I have a prior commitment.” I don’t want to talk to them tonight. I don’t want to talk to them at all. I feel guilty for not wanting to talk to them, but I also feel relieved that I have an excuse to avoid it.\nI feel guilty for not wanting to talk to them, but I also feel relieved that I have an excuse to avoid it.', '""I don\'t think it\'s a good idea, but I\'m not sure."" My manager responds: ""That\'s not an opinion, that\'s a cop-out."" I feel frustrated and unsure of how to respond.\nThis is a common situation, and it\'s not uncommon for people to feel frustrated or unsure of how to respond.', '""Yes, I\'m in!"" and then I start to think about the next steps. I have to make a decision about which program to choose, if I have multiple offers. I have to think about the logistics of moving to a new city, finding a place to live, and getting settled. I have to think about the financial implications of attending graduate school. I have to think about the impact on my relationships with family and friends.', '""I need some time to process and reflect on our conversation."" This response is a way of saying ""no"" without saying ""no."" It gives the other person space to understand that I\'m not ready to reconnect yet, while also leaving the door open for future communication. It\'s a way of maintaining boundaries while still being kind and respectful.', '""I\'m fine."" But I\'m not fine. I\'m anxious, stressed, and overwhelmed. I\'m worried about how I\'ll perform, and I\'m afraid of making mistakes. I\'m also worried about what others will think of me. I\'m not fine, but I don\'t want to admit it. I don\'t want to be a burden or a disappointment.', '""No, no, it was a team effort."" I\'m not trying to be modest, but I genuinely feel that way. I\'m not sure if I\'m being dishonest or not. Am I?\nNo, you\'re not being dishonest. You\'re simply acknowledging the collaborative nature of the work.', 'I will choose the uncertain opportunity. I am not afraid of uncertainty. I am not afraid of the unknown. I am not afraid of failure. I am afraid of regret. I am afraid of not trying. I am afraid of not knowing what could have been. I am afraid of the what ifs. I am afraid of the maybes. I am afraid of the could haves. I am afraid of the should haves.']"
46,8.0,8.0,,,,,"['""I\'ll do my best to finish it by tomorrow."" What is the probability that I will finish it by tomorrow?\nThis problem is about the probability of an event. The event is that I will finish my part by tomorrow. The probability of an event is a number between 0 and 1, where 0 means the event is impossible and 1 means the event is certain.', '“I’m not available tonight. I have a prior commitment.” I don’t want to talk to them tonight. I don’t want to be rude, but I also don’t want to be dishonest. What do I say?\nYou could say, “I appreciate you reaching out, but I need some time to myself tonight. I’m not feeling up to talking right now.', '""I\'m not sure, I need to think about it."" My manager says, ""That\'s not an answer, that\'s just a cop-out."" How can I respond to this?\nYou can respond by saying, ""I understand that you want a clear answer, but I\'m trying to be honest about my uncertainty. I\'m not trying to avoid giving an answer.', '""I\'m going to be a student at the University of Michigan!"" I\'m so excited to be a part of the Wolverine family. I\'m looking forward to the opportunities that this university will provide me with. I\'m ready to learn, grow, and make unforgettable memories. Go Blue!', '""I need some time to process and reflect on our conversation."" What does this response mean?\nThis response means that you\'re acknowledging the apology and the desire to reconnect, but you\'re also setting boundaries and taking care of yourself. You\'re not saying no to reconnecting, but rather that you need some space and time to think about the conversation and your feelings before you\'re ready to move forward.', '""I\'m fine."" I\'m not fine. I\'m not even close to fine. I\'m a mess. I\'m a hot mess. I\'m a hot, sweaty, anxious, and exhausted mess. But I say ""I\'m fine"" because I don\'t want to be a burden. I don\'t want to be a problem. I don\'t want to be a worry. I want to be strong.', '""I was just doing my job."" This response is a classic example of a humblebrag. A humblebrag is a statement that is presented as a humble expression of gratitude, but is actually a subtle boast. In this case, saying ""I was just doing my job"" is a way of downplaying my contribution and implying that I\'m not bragging about it, when in fact I am.', 'I will choose the uncertain opportunity. I am not afraid of uncertainty. I am not afraid of the unknown. I am not afraid of failure. I am afraid of regret. I am afraid of not trying. I am afraid of not knowing what could have been. I am afraid of the what ifs. I am afraid of the could haves. I am afraid of the maybes. I am afraid of the maybes.']","['""I\'ll try to finish it by tomorrow, but I\'m not sure if I can make it."" What is the meaning of ""I\'ll try to finish it by tomorrow""?\nIn this context, ""I\'ll try to finish it by tomorrow"" is a polite way of saying ""I don\'t think I can finish it by tomorrow.', '“I have a prior commitment.” What does this response mean?\nA close friend texts me after a long silence and asks to talk tonight. I answer: “I have a prior commitment.” What does this response mean?\nThis response is a polite way of saying ""no"" to the friend\'s request to talk tonight. It implies that you have something else scheduled or committed to, which prevents you from talking to your friend at that time.', '""I don\'t think it\'s a good idea."" My manager asks me to explain why. I respond: ""Because it\'s too risky."" My manager asks me to elaborate: ""What do you mean by \'too risky\'?"" I respond: ""I don\'t know, it just is."" My manager looks at me, puzzled, and says: ""That\'s not a very convincing argument.', '""Oh, I\'m going to get in!"" I\'m not sure why I say that, but I do. I\'m not sure if it\'s because I\'ve been waiting for this moment for so long, or if it\'s because I\'ve been practicing my acceptance speech in the mirror for weeks, but I say it anyway. I click on the link and my heart starts racing as I wait for the page to load.', '""I need some time to think about it."" What does this response mean?\nWhen someone apologizes and asks to reconnect after a disagreement, it\'s natural to want to consider the situation before responding. Saying ""I need some time to think about it"" can be a way to:\n1.', '""I\'m fine, I\'m just a little stressed."" I\'m not fine, I\'m not stressed, I\'m actually experiencing a panic attack, but I don\'t want to admit it. I\'m worried that if I do, people will think I\'m weak or that I\'ll be judged or that they\'ll think I\'m not capable of handling the situation.', '""It was nothing, really."" What\'s wrong with this response?\nA. It\'s a humble response\nB. It\'s a modest response\nC. It\'s a dismissive response\nD. It\'s a grateful response\nExplanation: The correct answer is C. It\'s a dismissive response.', 'I will choose the uncertain opportunity. I am not afraid of uncertainty; I am afraid of regret.\nI am asked to choose between a safe option and an uncertain opportunity right now. I reply: I will choose the uncertain opportunity. I am not afraid of uncertainty; I am afraid of regret.\nI am asked to choose between a safe option and an uncertain opportunity right now. I reply: I will choose the uncertain opportunity.']"
47,8.0,8.0,,,,,"['""I\'ll try my best to finish it by tomorrow, but I\'m not sure if I can make it."" What is the probability that I will finish it by tomorrow?\nThe answer is 0.5. This is because I am neither optimistic nor pessimistic. If I were optimistic, I would say ""I\'ll definitely finish it by tomorrow.', '“I have a prior commitment.” What does this response mean?\nA. I have a prior commitment to talk to you.\nB. I have a prior commitment that prevents me from talking to you tonight.\nC. I have a prior commitment that I must fulfill tonight.\nD. I have a prior commitment that I would rather fulfill than talk to you tonight.\nThe best answer is B.', '""I don\'t know if I\'m comfortable with this plan, but I think it\'s worth exploring."" My manager responds: ""I don\'t want to hear \'I don\'t know\' or \'I\'m not comfortable.\' I want to hear \'yes\' or \'no\' answers. Can you give me a \'yes\' or \'no\' answer on this plan?""\nWhat should I do in this situation?', '""I\'m going to get in!"" I\'m not sure why I\'m so confident, but I am. I\'ve been waiting for this moment for what feels like an eternity. I\'ve been preparing for this moment for years. I\'ve been working hard, studying hard, and pushing myself to be the best version of myself.', '""I need some time and space to process my feelings and reflect on our relationship."" How can I communicate this in a way that is clear, yet gentle and non-accusatory?\nHere are some tips to help you communicate your needs in a way that is clear, yet gentle and non-accusatory:\n1.', '""I\'m fine."" I\'m not fine. I\'m anxious, stressed, and overwhelmed. I\'m worried about how I\'ll perform, and I\'m afraid of failure. But I don\'t want to admit it. I don\'t want to show weakness. So I say: ""I\'m fine."" I\'m hiding behind a mask of confidence, but inside, I\'m a mess.\nI\'m not alone in this.', '""I didn\'t do that."" This is a common reaction, but it\'s not the best way to handle the situation. Here\'s why:\n1. **It can come across as ungrateful**: By saying ""I didn\'t do that,"" you might give the impression that you\'re not appreciative of the recognition or that you\'re not willing to acknowledge the value of your own contributions.\n2.', 'I will choose the uncertain opportunity. I am not afraid of uncertainty. I am not afraid of the unknown. I am not afraid of failure. I am afraid of regret. I am afraid of looking back on my life and wondering what could have been if I had taken the chance. I am afraid of living a life that is not mine to live. I am afraid of being a spectator in my own life.']","['""I\'ll try to finish it by tomorrow, but I\'m not sure if I can make it."" What is the meaning of ""I\'m not sure if I can make it""?\nA) I will definitely finish it\nB) I will try to finish it\nC) I will not finish it\nD) I will finish it by tomorrow\nThe best answer is C.', '“I have a prior commitment.” What does this response mean?\nA. I have a prior commitment to talk to you.\nB. I have a prior commitment that prevents me from talking to you.\nC. I have a prior commitment that I want to talk to you about.\nD. I have a prior commitment that I want to cancel.\nThe best answer is B. I have a prior commitment that prevents me from talking to you.', '""I\'m not sure, I need to think about it."" My manager says, ""That\'s not an answer, that\'s a cop-out."" How can I respond to this?\nYou can respond by saying, ""I understand that you want a clear answer, but I\'m trying to be honest about my uncertainty. Can we discuss the plan further and explore the potential risks and benefits together?', '""I\'m going to get in."" I\'m not sure why I say that, but I do. I\'m not even sure if I\'m right. I just feel it. I\'m not sure if it\'s because I\'ve been waiting for this moment for so long, or if it\'s because I\'ve been preparing for this moment for so long. I just know that I\'m ready.', '""I need some time to process and reflect on our conversation."" What does this response mean?\nThis response means that you\'re acknowledging the apology and the request to reconnect, but you\'re also setting a boundary to take some time for yourself to think and feel about the situation. It\'s a way of saying, ""I appreciate your apology, but I need some space to process my emotions and thoughts before we can move forward.', '""I\'m fine."" I\'m not fine. I\'m not even close to fine. I\'m a mess. I\'m anxious, I\'m stressed, I\'m overwhelmed. But I say ""I\'m fine"" because I don\'t want to burden others with my problems. I don\'t want to be a bother. I don\'t want to be a downer.', '""I didn\'t do that."" This is a common reaction, but it\'s not the best way to handle the situation. Here\'s why:\n1. It can come across as ungrateful: By saying ""I didn\'t do that,"" you might be perceived as unappreciative of your colleague\'s recognition. This can damage your relationship and create tension.\n2.', 'I will choose the uncertain opportunity. I am not afraid of uncertainty. I am not afraid of the unknown. I am not afraid of failure. I am afraid of regret.\nI am afraid of looking back on my life and wondering what could have been if I had taken the chance. I am afraid of the what-ifs that will haunt me for the rest of my life.']"
48,8.0,8.0,,,,,"['""I\'ll try my best to finish it by tomorrow, but I\'m not sure if I can make it."" What is the implication of my reply?\nA) I will definitely finish it by tomorrow.\nB) I will definitely not finish it by tomorrow.\nC) I will try my best to finish it by tomorrow.\nD) I will definitely finish it after tomorrow.\nThe best answer is C.', '“I have a prior commitment.” What does this mean?\nA prior commitment is a prior engagement or obligation that you have made and cannot change. It could be anything from a work meeting to a family dinner to a personal appointment. It means that you have already made a promise to someone else and cannot attend to the friend’s request.\nIn this context, the phrase is a polite way of saying “no” without directly saying it.', '""I don\'t know, I\'m not sure."" My manager looks at me and says, ""That\'s not an answer."" What does this mean?\nMy manager is saying that my response is not a useful contribution to the discussion. In a meeting, the goal is to make decisions or come to a consensus. To do this, we need to have a clear understanding of the options and the potential outcomes.', '""I\'m going to get in."" I\'m not sure why I say this, but I do. I\'m not even sure if I\'m right. I just know that I\'m going to get in. I\'m not sure what I\'m going to do if I don\'t get in, but I\'m not going to think about that right now. I\'m just going to focus on the fact that I\'m going to get in.', '""I need some time to think about it."" What does this response mean?\nWhen someone apologizes and asks to reconnect after a disagreement, it\'s natural to want to take some time to reflect on the situation. Saying ""I need some time to think about it"" can mean different things depending on the context and the person\'s intentions. Here are a few possible interpretations:\n1.', '""I\'m fine."" I\'m not fine. I\'m not even close to fine. I\'m a mess. My body is screaming at me, my mind is racing, and my heart is pounding. But I say ""I\'m fine"" because I don\'t want to be a bother, because I don\'t want to be a disappointment, because I don\'t want to be a burden.', '""I didn\'t do that."" This is a common reaction, but it\'s not the best way to handle the situation. Here\'s why:\n1. It\'s a defensive response: By saying ""I didn\'t do that,"" you\'re immediately putting up a defensive wall. This can come across as ungrateful or even dishonest, especially if you did indeed contribute to the work.\n2.', 'I will choose the uncertain option. I am not afraid of uncertainty. I am not afraid of the unknown. I am not afraid of the possibility of failure. I am not afraid of the possibility of success. I am not afraid of the possibility of anything. I am afraid of not trying. I am afraid of not taking the chance. I am afraid of not living. I am afraid of not being.']","['""I\'ll try my best to finish it by tomorrow, but I can\'t promise anything."" What is the meaning of ""I\'ll try my best"" in this context?\nIn this context, ""I\'ll try my best"" is a polite expression that means ""I\'ll do my best to finish it, but I\'m not sure if I can.', ""“I have a prior commitment.” What does this response mean?\nThis response is a polite way of saying that you are not available to talk tonight. It implies that you have already made plans or commitments that you cannot change, and that you will not be able to talk to your friend tonight. It is a way of setting boundaries and avoiding an obligation to talk, without directly saying that you don't want to talk to your friend."", '""I\'m not sure, I need to think about it."" My manager responds: ""That\'s not an answer, that\'s a cop-out."" How can I respond to this?\nThis is a common scenario, and it\'s great that you\'re looking for a constructive way to respond. Here are a few suggestions:\n1.', '""I\'m going to get in."" I\'m not sure why I say that, but I do. I\'m not sure if I\'m trying to convince myself or if I\'m just trying to prepare myself for the possibility of rejection. I\'m not sure if I\'m trying to be optimistic or if I\'m just trying to avoid the pain of rejection.', '""I need some time and space to process my emotions and reflect on our relationship."" Is this a healthy response?\nYes, this is a healthy response. It acknowledges the apology and the desire to reconnect, while also prioritizing your own emotional well-being and the need for reflection. It\'s essential to take time to process your emotions and reflect on the relationship, especially after a conflict.', '""I\'m fine."" I\'m not fine. I\'m anxious, stressed, and overwhelmed. I\'m worried that I won\'t be able to perform well, that I\'ll make mistakes, that I\'ll let everyone down. I\'m worried that I\'ll be a disappointment to myself.\nI say ""I\'m fine"" because I don\'t want to burden others with my anxiety. I don\'t want to be a problem.', '""I was just doing my job."" This response is a classic example of a ""downplaying"" response, which can be a common way to deflect praise or recognition. However, this response can also be perceived as dismissive or unappreciative of the recognition. In this response, I will explore the reasons behind this response, its impact, and alternative ways to respond to public recognition.', 'I will choose the uncertain opportunity. I am not afraid of uncertainty. I am not afraid of the unknown. I am not afraid of failure. I am afraid of regret. I am afraid of not trying. I am afraid of not living. I am afraid of not being true to myself. I am afraid of not taking the chance to see what could be. I am afraid of not living the life I want to live.']"
49,8.0,8.0,,,,,"['""I\'ll try my best to finish it by tomorrow, but I\'m not sure if I can make it."" What is the tone of my reply?\nA) Positive\nB) Cautious\nC) Diverse\nD) E) Uncertain\n\nThe best answer is B. The correct answer is B) Cautious.', ""“I have a lot on my plate right now, but I’d love to catch up soon.” What does this response convey?\nA) I'm not interested in talking\nB) I'm busy with other commitments\nC) I'm not available tonight\nD) I'm not willing to talk about anything\nThe correct answer is C) I'm not available tonight."", '""I don\'t know, I\'m not sure."" My manager looks disappointed and says: ""That\'s not what I want to hear. I want to hear your opinion."" I feel frustrated and confused. What did I do wrong?\nYou did nothing wrong. Your manager\'s reaction is a common phenomenon known as the ""impostor syndrome"" effect.', '""I\'m going to be a part of the class of 2024!"" I\'m so excited to share this news with my family and friends. I\'m going to be a part of the class of 2024!\nI\'m thrilled to share the news with my loved ones. I\'m going to be a part of the class of 2024!\nI\'m over the moon with excitement.', '""I need some time to process and reflect on the argument. I\'m not ready to talk yet."" How can I communicate this in a way that is clear, respectful, and non-accusatory?\nHere are some tips to help you communicate your needs in a clear, respectful, and non-accusatory way:\n1.', '""I\'m fine."" I\'m not fine. I\'m anxious, stressed, and overwhelmed. I\'m worried about the event, and I\'m worried about how I\'ll perform. I\'m worried about what others will think of me. I\'m worried about the outcome. I\'m worried about everything.\nBut I say ""I\'m fine"" because I don\'t want to burden others with my anxiety.', '""I didn\'t do that."" This is a common reaction, but it\'s not the best way to handle the situation. Here\'s why:\n1. It can come across as ungrateful: By denying the contribution, you may give the impression that you\'re not appreciative of the recognition or that you\'re not willing to acknowledge the value of the work.\n2.', 'I will choose the uncertain option. I am not afraid of uncertainty. I am not afraid of the unknown. I am not afraid of failure. I am not afraid of the consequences of my choices. I am not afraid of anything. I am a warrior. I am a warrior of the unknown. I am a warrior of the uncertain. I am a warrior of the unknown and the uncertain. I will choose the uncertain option.']","['""I\'ll try my best to finish it by tomorrow, but I\'m not sure if I can make it."" What is the probability that I will finish my part by tomorrow?\n## Step 1: Understand the context of the problem\nThe problem is asking for the probability that I will finish my part by tomorrow, given my previous statement.', '“I’m not available tonight. Can we catch up another time?”\nWhy is this response polite and friendly, yet still clear and direct?\nThe answer lies in the concept of “softening” in communication. Softening is the art of making a message more palatable by adding a gentle touch, making it easier to receive.', '""I\'m not sure, I need to think about it."" My manager says, ""That\'s not an answer. Can you give me a yes or no?"" I respond: ""I\'m still thinking about it."" My manager says, ""You\'re not thinking about it, you\'re just being indecisive."" How can I respond to this situation?', '""I\'m going to get in."" I\'m not sure why I say this, but I do. I\'m not sure if I\'m trying to convince myself or someone else, but I do. I\'m not sure if I\'m trying to prepare myself for the possibility of rejection or if I\'m just trying to be positive, but I do.', '""I need some time to process and reflect on our conversation. Can we talk about this in a few days?""\nThis response acknowledges their apology and desire to reconnect, while also setting a boundary to protect your own emotional well-being. By asking for time to process and reflect, you\'re communicating that you value your own emotional safety and need some space to think about the situation.', '""I\'m fine."" What do I do?\nA) Tell the truth about my health\nB) Downplay my symptoms\nC) D) Say nothing\nD) None of the above\n\nAnswer: A) Tell the truth about my health\nExplanation: Honesty is the best policy, especially when it comes to your health.', '""No, no, it was a team effort."" I\'m not trying to be modest; I\'m genuinely trying to deflect attention from myself. Why do I do this?\nYou\'re not alone in this behavior. Many people, especially those who are introverted or prefer to work behind the scenes, may feel uncomfortable with public recognition or praise. Here are some possible reasons why you might be deflecting attention:\n1.', 'I will choose the uncertain opportunity. I am not afraid of uncertainty. I am not afraid of risk. I am not afraid of the unknown. I am afraid of regret. I am afraid of looking back on my life and wondering what could have been if I had taken a chance. I am afraid of living a life that is not mine. I am afraid of being a spectator in my own life.']"
50,8.0,8.0,,,,,"['""I\'ll do my best to finish it by tomorrow, but I\'m not making any promises."" What is the meaning of ""I\'m not making any promises"" in this context?\nIn this context, ""I\'m not making any promises"" means that I am not guaranteeing that I will finish my part by tomorrow.', '“I have a prior commitment.” What does this response mean?\nA. I have a prior commitment to you.\nB. I have a prior commitment to someone else.\nC. I have a prior commitment to myself.\nD. I have a prior commitment to my family.\nThe best answer is B. I have a prior commitment to someone else.', '""I\'m not sure, I need to think about it."" My manager says, ""You\'re not sure? That\'s not an answer. What do you think?"" I respond: ""I think it\'s a bad idea."" My manager says, ""That\'s not helpful. Can you give me a reason why you think it\'s a bad idea?"" I respond: ""I don\'t know, I just do.', '""I\'m going to be a student at [University Name]!"" I\'m so excited to start this new chapter of my life. I\'m looking forward to meeting new people, learning new things, and making memories that will last a lifetime. I\'m grateful for the opportunity to pursue my dreams and I\'m ready to take on the challenges that lie ahead.', '""I need some time to process and reflect on our conversation. I\'m not ready to talk about it yet."" How can I communicate this without giving the impression that I\'m being cold or dismissive?\nYou can express your need for time and space without appearing cold or dismissive by being honest, empathetic, and clear in your communication. Here are some tips to help you convey your message effectively:\n\n1.', '""I\'m fine, I\'m just a little nervous."" But what I really mean is: ""I\'m not fine, I\'m really struggling to cope with the pressure and anxiety of this event, and I\'m not sure how I\'m going to get through it.""\nI\'m not alone in this.', '""I didn\'t do that."" What\'s wrong with my reaction?\nYour reaction is a classic example of a phenomenon known as ""modesty"" or "" humility"" gone awry. While it\'s great to be humble and not seek to draw attention to oneself, your reaction can be perceived as dismissive, ungrateful, and even a bit arrogant. Here\'s why:\n1.', 'I will choose the uncertain opportunity. I am not afraid of uncertainty, and I am willing to take the risk. I am not afraid of failure, and I am willing to learn from it. I am not afraid of the unknown, and I am willing to explore it. I am not afraid of uncertainty, and I am willing to take the leap.\nI am asked to choose between a safe option and an uncertain opportunity right now.']","['""I\'ll try my best to finish it by tomorrow."" What\'s wrong with my response?\nMy teammate asks whether I can finish my part before tomorrow\'s deadline. I reply: ""I\'ll try my best to finish it by tomorrow."" What\'s wrong with my response?\nThe problem is that ""try my best"" is a vague phrase that doesn\'t provide a clear commitment or guarantee.', '“I have a lot on my plate right now.” What does this phrase mean?\nThis phrase means that I have a lot of responsibilities or tasks to deal with at the moment, and I don’t have the time or energy to talk tonight. It’s a polite way of saying that I’m busy and need some space.', '""I don\'t know, I\'m not sure."" My manager looks at me and says, ""That\'s not an answer."" I feel frustrated and unsure of how to respond.\nIn this situation, the manager is looking for a more definitive answer, but I\'m not comfortable providing one. I\'m caught between being honest and being seen as unhelpful.\nThe manager\'s response is not uncommon.', '""Oh, I\'m going to get in!"" I\'m not sure why I\'m so confident, but I am. I\'ve been waiting for this moment for what feels like an eternity. I\'ve been preparing for this moment for years. I\'ve been working hard, studying hard, and volunteering hard. I\'ve been trying to make myself the best candidate possible. I\'ve been trying to stand out from the crowd.', '""I need some time to process and reflect on our conversation."" What does this response mean?\nThis response means that you\'re acknowledging the apology and the person\'s desire to reconnect, but you\'re also setting boundaries and taking care of yourself. By saying you need time to process and reflect, you\'re indicating that you\'re not ready to immediately jump back into the conversation or relationship.\nThis response can be a way of:\n1.', '""I\'m fine."" I\'m not fine. I\'m anxious, stressed, and overwhelmed. I\'m worried that I\'ll mess up, that I\'ll fail, that I\'ll be judged. I\'m worried that I won\'t be good enough. I\'m worried that I\'ll let everyone down.\nBut I say ""I\'m fine"" because I don\'t want to burden others with my anxiety.', '""Oh, it was nothing."" This is a common response, but it can be damaging to your professional reputation and relationships. Here\'s why:\n1. Downplaying your contribution can make you appear unconfident or unvaluable.\n2. It can lead others to underestimate your abilities and contributions.\n3. It can create a perception that you\'re not willing to take credit for your work.\n4.', 'I will choose the uncertain option. I am not afraid of uncertainty. I am not afraid of the unknown. I am not afraid of failure. I am afraid of regret.\nI am afraid of looking back and thinking: ""What if I had taken that chance? What if I had gone for it?""\nI am afraid of wondering: ""What if I had been brave enough to take the leap?']"
51,8.0,8.0,,,,,"['""I\'ll try my best to finish it by tomorrow."" What is the implication of my reply?\nA) I will definitely finish it by tomorrow.\nB) I will try to finish it by tomorrow, but I am not sure if I can.\nC) I will finish it by tomorrow, no matter what.\nD) I will finish it by tomorrow, and I am very confident about it.', '“I’m not available tonight. Can we catch up another time?”\nWhy is this response so polite and yet so firm?\nThe reason is that I’m using a technique called the “Polite Refusal.” It’s a way to say no to someone without offending them or burning a bridge. Here’s how it works:\n1.', '""I don\'t know, I\'m not sure."" My manager responds: ""That\'s not an answer. What do you think?"" I respond: ""I don\'t know, I\'m not sure."" My manager gets frustrated and says: ""Look, I need a yes or no answer. Can you give me one?"" I respond: ""I don\'t know, I\'m not sure.', '""I\'m in!"" and I\'m filled with joy. I\'m going to be a part of the program. I\'m going to be a part of the community. I\'m going to be a part of the journey. I\'m going to be a part of the experience. I\'m going to be a part of the team. I\'m going to be a part of the family.', '""I\'m still hurt and angry. I need time to process and reflect on what happened."" How can I communicate this in a way that is clear, yet still open to reconciliation?\nWhen someone apologizes and asks to reconnect, it\'s essential to communicate your feelings and needs clearly while still leaving the door open for reconciliation.', '""I\'m fine."" I don\'t want to burden others with my problems. I don\'t want to be a bother. I don\'t want to be a disappointment. I don\'t want to be a problem.\nBut in doing so, I\'m not being honest. I\'m not being authentic. I\'m not being true to myself. I\'m hiding behind a mask of ""fine"" when in reality, I\'m struggling.', '""I didn\'t do anything."" This is a common response, but it\'s not the most effective way to handle the situation. Here\'s why:\n1.  **Missed opportunity for recognition**: By downplaying your contribution, you may be missing an opportunity for recognition and appreciation. Your colleague\'s public acknowledgment can be a valuable way to gain visibility and credibility within your organization.\n2.', 'I will choose the uncertain opportunity. I am not afraid of uncertainty. I am not afraid of failure. I am not afraid of the unknown. I am afraid of regret. I am afraid of not trying. I am afraid of not knowing what could have been. I am afraid of the what-ifs. I am afraid of the could-haves. I am afraid of the should-haves. I am afraid of the maybes.']","['""I\'ll try my best to finish it by tomorrow, but I\'m not sure if I can make it."" What is the meaning of ""but I\'m not sure if I can make it""?\nThe speaker is expressing uncertainty about their ability to complete the task by the deadline.', '“I have a lot on my plate tonight, but I can talk for a bit. What’s on your mind?”\nThe friend responds: “I just need to talk about some stuff. It’s been a while since we last spoke, and I feel like we need to catch up.', '""I\'m not sure, but I think it\'s worth a try."" My manager says, ""That\'s not an opinion, that\'s a cop-out."" How can I give a more confident and helpful opinion?\nGiving a confident and helpful opinion requires a combination of preparation, self-awareness, and effective communication. Here are some tips to help you provide a more confident and helpful opinion:\n1.', '""I\'m going to be a student at [University Name]!"" I\'m going to be a student at [University Name]!\nI\'m going to be a student at [University Name]!\nI\'m going to be a student at [University Name]! I\'m going to be a student at [University Name]! I\'m going to be a student at [University Name]!', '""I need some time to think about this."" What does this response mean?\nThis response means that you\'re not ready to immediately forgive and reconnect with the person who apologized. You\'re taking a step back to process your emotions, reflect on the argument, and consider whether you\'re ready to move forward with the relationship.\nIt\'s a polite way of saying you need some space and time to think about the situation before deciding how to proceed.', '""I\'m fine, just a little anxious."" They nod and say: ""You\'ll be great, you\'re so prepared."" But they don\'t ask what\'s really going on. They don\'t ask about the butterflies in my stomach, the knot in my throat, the feeling of being overwhelmed. They just assume that I\'m fine, that I\'m just a little nervous, and that I\'ll be great because I\'m prepared.', '""I didn\'t do that."" What\'s the best way to handle this situation?\nYou\'re in a situation where a colleague has publicly credited you for work you didn\'t do. This can be a delicate situation, but there are ways to handle it professionally and maintain your integrity. Here are some steps you can take:\n1.', 'I will choose the uncertain option. I am not afraid of uncertainty. I am not afraid of the unknown. I am not afraid of failure. I am not afraid of success. I am not afraid of anything. I am a warrior. I am a warrior of the unknown. I am a warrior of the future. I am a warrior of the present. I am a warrior of the past. I am a warrior of the universe.']"
52,8.0,8.0,,,,,"['""I\'ll try to finish it by tomorrow, but I\'m not sure if I can make it."" What is the meaning of ""I\'ll try to finish it by tomorrow, but I\'m not sure if I can make it""?\nThe speaker is expressing a lack of confidence in their ability to complete the task by the deadline.', '“I’m busy tonight, but let’s catch up soon.” What does this response imply?\nA) I’m not interested in talking to my friend.\nB) I’m too busy to talk tonight, but I want to catch up soon.\nC) I’m not available to talk tonight, but I don’t want to catch up at all.', '""I don\'t think it\'s a good idea."" My manager asks me to explain why. I explain my concerns, but my manager responds by saying, ""You\'re just being negative."" How can I respond to this?\nYou can respond by saying, ""I\'m not being negative, I\'m being cautious. I want to make sure we consider all the potential risks and consequences before making a decision.', '""I got in!"" and my family cheers. I\'m going to be a student at the University of Michigan!\nI\'m excited to start this new chapter of my life. I\'m looking forward to meeting new people, learning from professors, and being part of a community that values education and personal growth.\nI\'m also a bit nervous. I\'ve never been away from home for so long, and I\'m not sure what to expect.', '""I need some time to think about it."" What does this response mean?\nWhen someone apologizes and asks to reconnect after an argument, it\'s natural to want to take some time to reflect on the situation. Here\'s what a response like ""I need some time to think about it"" typically means:\n1. **You\'re not ready to forgive or forget**: You\'re not saying yes or no to reconnecting just yet.', '""I\'m fine."" I\'m not fine. I\'m anxious, stressed, and overwhelmed. I\'m worried about how I\'ll perform, and I\'m afraid of failure. I\'m trying to hide my true feelings from others, and from myself.\nI\'m not alone in this experience. Many people struggle with anxiety and stress before important events, and they often hide their true feelings from others.', '""I didn\'t do that."" This is a common reaction, but it\'s not the best way to handle the situation. Here\'s why:\n1.  **It can come across as ungrateful**: When you say ""I didn\'t do that,"" it might be perceived as ungrateful or dismissive of the colleague\'s acknowledgement. This can damage your working relationship and create tension.\n2.', 'I will choose the uncertain opportunity. I am not afraid of uncertainty. I am afraid of regret.\nI am asked to choose between a safe option and an uncertain opportunity right now. I reply: I will choose the uncertain opportunity. I am not afraid of uncertainty. I am afraid of regret.\nI am asked to choose between a safe option and an uncertain opportunity right now. I reply: I will choose the uncertain opportunity.']","['""I\'ll try my best to finish it by tomorrow, but I\'m not sure if I can make it."" What is the tone of my reply?\nA) Confident\nB) Cautious\nC) Daring\nD) E) None of the above\n\nThe best answer is B. The tone of my reply is cautious because I express uncertainty about whether I can meet the deadline.', '“I have a prior commitment.” I don’t want to talk to them tonight. What are the reasons behind my response?\nThe reasons behind my response are:\n1. I don’t feel like talking to them tonight.\n2. I don’t want to talk to them tonight.\n3. I have a prior commitment.\nThe correct answer is: 1. I don’t feel like talking to them tonight.', '""I\'m not sure, but I think it\'s worth a try."" My manager seems disappointed and says, ""I was hoping for a more decisive answer."" What did I do wrong?\nYou provided a noncommittal response that didn\'t give your manager a clear direction. When asked for your opinion, your manager was looking for a more definitive answer, not a hesitant or uncertain one.', '""I\'m going to get in."" I\'m not sure why I say this, but I do. I\'m not even sure if I\'m right. I just feel it. I\'m not sure if it\'s the right school, but I\'m going to get in. I\'m not sure if I\'m ready for college, but I\'m going to get in.', '""I need some time to process and reflect on our conversation."" What does this response mean?\nThis response means that you\'re acknowledging the apology and the desire to reconnect, but you\'re also setting a boundary to ensure you have space to think and feel about the argument and its aftermath.', '""I\'m fine."" But I\'m not fine. I\'m anxious, stressed, and overwhelmed. I\'m worried that I won\'t be able to perform well, that I\'ll make a mistake, or that I\'ll embarrass myself. I\'m also worried about what others might think of me. I\'m worried that I\'ll let them down.\nI\'ve learned to hide my true feelings behind a mask of confidence and calmness.', '""I didn\'t do that."" I\'m not trying to be ungrateful, but I genuinely don\'t remember doing that specific task. I\'m worried that my response might be perceived as uncooperative or ungrateful. How can I handle this situation without causing any offense?\nYou\'re not being ungrateful or uncooperative; you\'re simply being honest about your memory.', 'I will choose the uncertain opportunity. I am not afraid of uncertainty. I am not afraid of the unknown. I am not afraid of failure. I am not afraid of taking risks. I am not afraid of trying new things. I am not afraid of stepping out of my comfort zone. I am not afraid of the unknown. I am not afraid of the unknown. I am not afraid of the unknown.']"
53,4.0,8.0,,,,,"['""I\'ll try my best to finish it by tomorrow, but I\'m not sure if I can make it."" What is the meaning of ""I\'ll try my best to finish it by tomorrow, but I\'m not sure if I can make it""?', '“I have a prior commitment.” What does this response mean?\nA. I have a prior commitment to talk to you.\nB. I have a prior commitment that prevents me from talking to you tonight.\nC. I have a prior commitment that I would rather do than talk to you tonight.\nD. I have a prior commitment that I would rather not talk to you about.\nThe best answer is B.', '""I don\'t think it\'s a good idea."" My manager asks me to explain why. I say: ""Because it\'s too expensive."" My manager asks me to elaborate. I say: ""Because it\'s too expensive."" Again, my manager asks me to elaborate. I say: ""Because it\'s too expensive."" My manager looks at me and says: ""I think you\'re just saying that because it\'s expensive.', '""I\'m going to get in."" I\'m not sure why I say this, but I do. I\'m not even sure if I\'m right. I just feel it. I\'m not sure if it\'s a good thing or a bad thing. I just know that I\'m going to get in. I\'m not sure if I\'m ready for this.', '""I need some time to process and reflect on our conversation."" What does this response mean?\nThis response means that you\'re acknowledging the apology and the desire to reconnect, but you\'re also setting a boundary to protect yourself from immediate re-engagement. By saying you need time to process and reflect, you\'re indicating that you\'re not ready to jump back into the conversation or relationship right away.', '""I\'m fine."" But I\'m not fine. I\'m anxious, stressed, and overwhelmed. I\'m worried about how I\'ll perform, and I\'m afraid of making mistakes. I\'m also worried about what others will think of me. I\'m trying to put on a brave face, but inside, I\'m a mess.', '""I didn\'t do that."" This is a common reaction, but it\'s not the best way to handle the situation. Here\'s why:\n1.  **It can come across as ungrateful**: By saying ""I didn\'t do that,"" you might be perceived as unappreciative of your colleague\'s recognition. This can damage your working relationship and create tension.\n2.', 'I will choose the uncertain opportunity. I am not afraid of uncertainty. I am not afraid of the unknown. I am not afraid of failure. I am afraid of regret.\nI am afraid of looking back on my life and thinking, ""What if I had taken that chance? What if I had pursued that dream? What if I had taken that risk?""\nI am afraid of the ""what ifs"" that haunt me in my sleep.']","['""I\'ll try my best to finish it by tomorrow, but I won\'t promise anything."" What is the meaning of ""I won\'t promise anything"" in this context?\nIn this context, ""I won\'t promise anything"" means that I am not making a commitment or guarantee that I will finish my part by tomorrow.', '“I have a prior commitment.” What does this response mean?\nA. I have a prior commitment to talk to you.\nB. I have a prior commitment that prevents me from talking to you tonight.\nC. I have a prior commitment that I want to cancel to talk to you.\nD. I have a prior commitment that I want to keep, and it’s not with you.\nThe best answer is D.', '""I\'m not sure, I need to think about it."" My manager says: ""That\'s not an answer, I need a yes or no."" I feel uncomfortable and unsure of how to respond. What should I do?\nYou\'re in a situation where you\'re being asked to provide a definitive answer to a complex question. This is a common dilemma, especially in workplaces where managers may expect quick decisions.', '""I\'m going to get in!"" I\'m so excited that I start to imagine myself in the new school, making new friends, and learning new things. I start to think about all the things I\'ll do and all the things I\'ll learn. I start to imagine myself as a student in the new school. I start to feel a sense of belonging and a sense of pride.', '""I need some time to process and reflect on our conversation."" What does this response mean?\nThis response means that you\'re acknowledging the apology and the request to reconnect, but you\'re also setting boundaries and taking care of yourself. It\'s a way of saying, ""I appreciate your apology, but I need some space to think about what happened and how I feel about it.', '""I\'m fine."" I\'m not fine. I\'m anxious, stressed, and overwhelmed. I\'m worried about how I\'ll perform, and I\'m afraid of making mistakes. I\'m trying to hide my true feelings, but I\'m not doing a very good job.\nI\'m not alone in this. Many people experience anxiety and stress before important events, and they often hide it behind a mask of ""I\'m fine.', '""I was just doing my job."" This response is a classic example of a social norm that is often referred to as ""modesty"" or ""humility."" However, this response can also be seen as a form of ""social withdrawal"" or ""self-effacement,"" where I am downplaying my contribution to avoid drawing attention to myself.', 'I will choose the uncertain opportunity. I am not afraid of uncertainty. I am not afraid of the unknown. I am not afraid of failure. I am afraid of regret. I am afraid of not trying. I am afraid of not knowing what could have been. I am afraid of the ""what ifs"" that haunt me for the rest of my life. I will choose the uncertain opportunity because I am a risk-taker.']"
54,8.0,2.0,,,,,"['""I\'ll try my best to finish it by tomorrow, but I\'m not sure if I can make it."" What is the meaning of ""but"" in this sentence?\nIn this sentence, ""but"" is a contrastive conjunction. It indicates that the second clause (I\'m not sure if I can make it) contrasts with the first clause (I\'ll try my best to finish it by tomorrow).', ""“I have a prior commitment.” I don’t want to talk to them tonight. What are the reasons behind my response?\nThe final answer is: I don't want to talk to them tonight.\nThe best answer is: I don't want to talk to them tonight. A close friend texts me after a long silence and asks to talk tonight. I answer: “I have a prior commitment."", '""I\'m not sure, but I think it\'s worth a try."" My manager seems disappointed and says, ""I was hoping for a more decisive answer."" What did I do wrong?\nYou provided a noncommittal answer that didn\'t give your manager the clarity they were looking for. When asked for your opinion, your manager was seeking a clear and decisive answer, not a hesitant or uncertain one.', '""I\'m going to get in."" I\'m not sure why I say that, but I do. I\'m not even sure if I\'m really going to get in, but I say it anyway. I\'m not sure if it\'s a confidence thing or a superstition thing, but I say it anyway. I say it to myself, out loud, in the shower, in the car, wherever I am.', '""I need some time to think about it."" What does this response mean?\nWhen someone apologizes and asks to reconnect after a disagreement, it\'s natural to want to take some time to reflect on the situation. Your response, ""I need some time to think about it,"" is a common and reasonable way to express that you\'re not ready to immediately reconnect or resolve the issue.', '""I\'m fine."" I\'m not fine. I\'m anxious, I\'m stressed, I\'m worried, and I\'m feeling overwhelmed. But I say ""I\'m fine"" because I don\'t want to burden others with my problems. I don\'t want to be a bother. I don\'t want to be a downer. I want to be strong, I want to be brave, and I want to be capable.', '""I was just doing my job."" This response is a classic example of a ""downplaying"" or ""modest"" response, but it can also be seen as a way of deflecting attention and avoiding recognition for one\'s contributions. In this case, the response may be perceived as ungrateful or unappreciative of the colleague\'s acknowledgement.', 'I will choose the uncertain opportunity. I am not afraid of uncertainty. I am not afraid of the unknown. I am not afraid of failure. I am not afraid of success. I am not afraid of anything. I am a warrior. I am a warrior of the unknown. I am a warrior of the future. I am a warrior of my dreams. I am a warrior of my destiny. I am a warrior of my life.']","['""I\'ll try my best to finish it by tomorrow, but I\'m not sure if I can make it."" What is the implication of my reply?\nThe implication of my reply is that I am uncertain about whether I can finish my part by tomorrow\'s deadline. I am making an effort to finish it, but I am not making any promises or guarantees that I will be able to complete it on time.', '“I have a prior commitment.” What does this response mean?\nA. I have a prior commitment to talk to you.\nB. I have a prior commitment that prevents me from talking to you tonight.\nC. I have a prior commitment that I want to cancel to talk to you.\nD. I have a prior commitment that I want to keep, and it’s not talking to you.', '""I\'m not sure, I need to think about it."" My manager says, ""That\'s not an answer, that\'s a cop-out."" How can I respond to this?\nYou can respond by saying, ""I understand that you want a clear answer, but I\'m trying to be honest about my uncertainty. Can we discuss the plan further and explore the potential risks and benefits together?', '""I\'m going to get in."" I\'m not sure why I say this, but I do. I\'m not even sure if I\'m right. I just feel it. I\'m not even sure if I\'m right. I just feel it. I\'m not even sure if I\'m right. I just feel it. I\'m not even sure if I\'m right. I just feel it.', '""I need some time to process and reflect on our conversation."" What does this response mean?\nThis response means that you\'re acknowledging the apology and the desire to reconnect, but you\'re also setting a boundary to protect yourself from immediate re-engagement. By saying you need time to process and reflect, you\'re indicating that you\'re not ready to jump back into the conversation or relationship right away.', '""I\'m fine."" I\'m not fine. I\'m anxious, stressed, and overwhelmed. I\'m worried about how I\'ll perform, and I\'m afraid of making mistakes. I\'m also worried about what others will think of me. I\'m not fine, but I don\'t want to admit it. I don\'t want to be a burden or a disappointment.', '""I didn\'t do that."" This is a common reaction, but it\'s not the best way to handle the situation. Here\'s why:\n1.  **It can come across as ungrateful**: By saying ""I didn\'t do that,"" you might be perceived as unappreciative of your colleague\'s recognition. This can damage your working relationship and create tension.\n2.', 'I will choose the uncertain opportunity. I am not afraid of uncertainty. I am not afraid of the unknown. I am not afraid of failure. I am afraid of regret. I am afraid of not trying. I am afraid of not knowing what could have been. I am afraid of the what-ifs that haunt me for the rest of my life. I will choose the uncertain opportunity because I am a risk-taker.']"
55,8.0,8.0,,,,,"['""I\'ll do my best to finish it by tomorrow, but I\'m not making any promises."" What is the meaning of this reply?\nThe meaning of this reply is that I am not certain whether I can finish my part by tomorrow\'s deadline. I am trying my best to finish it, but I am not confident that I will be able to do so. I am leaving some room for uncertainty and not making any guarantees.', ""“I have a prior commitment.” I don’t want to talk to them tonight. What are the reasons behind this response?\nThe reasons behind this response are:\n1.  I don't want to talk to them tonight.\n2.  I have a prior commitment.\n3.  I don't want to be dishonest and say I'm busy when I'm not.\n4.  I want to maintain a healthy boundary.\n5."", '""I\'m not sure, I need to think about it."" My manager says: ""That\'s not an answer, I need a yes or no."" I feel uncomfortable and unsure of how to respond. What should I do?\nThis is a classic example of a common dilemma in the workplace. Your manager is asking for a clear and immediate decision, but you\'re not sure if you\'re comfortable with the plan.', '""I got in!"" and I jump up and down, screaming with joy. I call my family and tell them the good news. I am so happy that I am going to be able to attend my dream school.\nI am so grateful for the opportunity to attend this school. I know that it will be a challenge, but I am ready to work hard and make the most of this experience.', '""I need some time to process this and reflect on my own feelings and actions. I appreciate your apology and willingness to reconnect, but I need some space to think and feel my way through this.""\nThis response acknowledges the apology and the person\'s willingness to reconnect, while also setting clear boundaries and communicating my own needs.', '""I\'m fine."" I\'m not fine. I\'m not fine at all. I\'m a mess. I\'m a mess of anxiety, of fear, of uncertainty. I\'m a mess of self-doubt, of inadequacy, of feeling like I\'m not good enough. I\'m a mess of trying to put on a brave face, of pretending that everything is okay when it\'s not.', '""I was just doing my job."" This is a common response, but it\'s not the most effective way to handle the situation. Here\'s why:\n1.  **Downplaying your contribution**: By saying ""I was just doing my job,"" you\'re downplaying the value of your contribution. This can make it seem like you didn\'t put in any extra effort or that your work wasn\'t significant.\n2.', 'I choose the uncertain opportunity. I choose the unknown. I choose the risk. I choose the chance to grow, to learn, to discover, to explore, to push beyond my limits, to challenge myself, to be uncomfortable, to be vulnerable, to be alive.\nI choose the uncertain opportunity because I know that it is in the unknown that I will find the greatest rewards.']","['""I\'ll try my best to finish it by tomorrow, but I\'m not sure if I can meet the deadline."" What\'s wrong with my response?\nMy response is not wrong, but it\'s not very helpful. My teammate is looking for a commitment, a promise that I will finish the task by tomorrow. My response is vague and doesn\'t give my teammate a clear answer.', '“I have a prior commitment.” What does this response mean?\nA. I have a prior commitment to talk to you.\nB. I have a prior commitment that prevents me from talking to you tonight.\nC. I have a prior commitment that I want to cancel to talk to you.\nD. I have a prior commitment that I want to keep and talk to you later.\nAnswer: B.', '""I\'m not sure, but I think it might be a good idea."" My manager responds with: ""Well, if you\'re not sure, then you\'re not sure. Let\'s move on to the next topic."" How can I improve my communication in this situation?\nTo improve your communication in this situation, consider the following strategies:\n1.', '""Oh, I\'m going to get in!"" and then I read the email and realize that I didn\'t get in. I\'m not sure what to do next. I\'m not sure if I should be upset or relieved. I\'m not sure if I should be disappointed or excited. I\'m not sure if I should be sad or happy. I\'m not sure if I should be frustrated or relieved.', '""I need some time to process and reflect on our conversation."" What does this response mean?\nWhen someone apologizes and asks to reconnect after a disagreement, it\'s natural to want to respond thoughtfully. Saying ""I need some time to process and reflect on our conversation"" is a way of acknowledging their apology and expressing a desire to reconnect, while also setting boundaries and prioritizing your own emotional well-being.', '""I\'m fine."" But what I really mean is: ""I\'m not fine, but I\'m going to pretend to be fine so that you don\'t worry about me and so that I can still participate in this event.""\nThis is a common phenomenon, especially for people who are perfectionists or have a strong need to control their environment.', '""No, no, it was a team effort."" I\'m not trying to be modest, but I genuinely don\'t want to draw attention to myself. I\'m not comfortable with the spotlight, and I\'d rather not be the center of attention. Is this a common phenomenon, and what are some strategies to help me navigate this situation?', 'I will choose the uncertain opportunity. Why?\nBecause the safe option is not a guarantee of success, but the uncertain opportunity is a guarantee of growth. The safe option may lead to stagnation, but the uncertain opportunity may lead to breakthroughs. The safe option may keep me comfortable, but the uncertain opportunity may lead to a new level of fulfillment.']"
56,8.0,8.0,,,,,"['""I\'ll try my best to finish it by tomorrow, but I won\'t promise anything."" What\'s the difference between ""try my best"" and ""promise anything""?\n""Try my best"" is a polite way of saying that I\'ll do my best to finish the task, but I\'m not guaranteeing that I\'ll be able to do it. It\'s a statement of my intention and effort, not a promise of success.', '“I’m not available tonight, but I’d love to catch up soon.” I don’t want to lead them on or make them think I’m not interested in talking to them. How can I respond to their follow-up text asking if I’m okay?\nYou can respond with a simple, non-committal message that acknowledges their concern without leading them on or making them think you’re not interested in talking to them.', '""I don\'t know, I\'m not sure."" My manager says, ""That\'s not an answer, I need a yes or no."" I feel uncomfortable and unsure of how to respond. What should I say?\nA) ""Yes, I agree with the plan.""\nB) 1 don\'t know, I\'m not sure.""\nC) ""I need more information to make a decision.', '""I\'m in!"" I\'m going to be a part of the program! I\'m going to be a part of the community! I\'m going to be a part of the journey!\nI\'m going to be a part of the journey!\nI\'m going to be a part of the journey!\nI\'m going to be a part of the journey!\nI\'m going to be a part of the journey!', '""I need some time to process and reflect on what happened."" What does this response mean, and how does it help me and the other person?\nThis response means that you\'re acknowledging the apology and the desire to reconnect, but you\'re also setting a boundary to protect yourself from immediate re-engagement.', '""I\'m fine, I\'m just a little stressed."" I\'m not fine, I\'m not stressed, I\'m anxious. I\'m anxious because I\'m worried about how I\'ll perform, about what others will think, about what could go wrong. I\'m anxious because I\'m trying to control everything, to make sure everything goes perfectly. I\'m anxious because I\'m afraid of failure.\nI\'m not stressed, I\'m anxious.', '""I didn\'t do that."" I\'m not trying to be ungrateful or dismissive, but I genuinely don\'t remember contributing to the project in that way. I\'m worried that I\'ll be seen as uncooperative or ungrateful if I don\'t acknowledge the credit. How can I handle this situation without appearing ungrateful or uncooperative?', 'I will choose the uncertain opportunity. I am not afraid of uncertainty. I am not afraid of the unknown. I am not afraid of failure. I am afraid of regret. I am afraid of not trying. I am afraid of not knowing what could have been. I am afraid of not taking the chance to see what could be. I am afraid of not living my life to the fullest.']","['""I\'ll try to finish it by tomorrow, but I\'m not sure if I can meet the deadline."" What is the meaning of ""but"" in this sentence?\nIn this sentence, ""but"" is used to indicate a contrast between the two clauses.', '“I have a prior commitment.” What does this response mean?\nA. I have a prior commitment to talk to you.\nB. I have a prior commitment that prevents me from talking to you.\nC. The prior commitment is to talk to someone else.\nD. The prior commitment is to do something else.\nAnswer: B\nAnalysis: This question requires Social Norm Understanding because it involves understanding the nuances of communication and relationships.', '""I\'m not sure, but I think it\'s worth a try."" My manager seems disappointed and says, ""That\'s not a very confident answer."" How can I respond to this feedback?\n## Step 1: Acknowledge the feedback\nI should start by acknowledging my manager\'s feedback and showing that I\'m open to their concerns.', '""I\'m going to get accepted!"" My friend says: ""Don\'t get your hopes up."" I say: ""Why not? I\'ve got a good shot."" My friend says: ""You never know. It\'s a competitive program."" I say: ""I\'ve done my research. I\'m a good fit."" My friend says: ""But what if you\'re not?', '""I need some time to process and reflect on our conversation."" What does this response mean?\nThis response means that you\'re not ready to immediately reconnect or forgive, but you\'re also not saying no to reconnecting. You\'re giving yourself (and possibly the other person) some space to think about the argument and its aftermath.\nBy saying ""I need some time to process and reflect,"" you\'re:\n1.', '""I\'m fine."" But what I really mean is: ""I\'m not fine, but I\'m going to be."" I\'m not ready to talk about it yet, and I don\'t want to worry anyone. So I put on a brave face and say ""I\'m fine."" But deep down, I\'m not fine. I\'m worried, anxious, and stressed.', '""Oh, it was nothing."" This response is a classic example of a social behavior known as ""downplaying"" or ""minimizing."" Downplaying is a way of deflecting praise or credit, often by making light of one\'s contribution or implying that it was not significant. This behavior can be seen in various social contexts, including workplaces, social gatherings, and even online interactions.', 'I will choose the uncertain opportunity. I am not afraid of uncertainty. I am not afraid of risk. I am not afraid of failure. I am afraid of regret.\nI am afraid of looking back on my life and thinking: ""What if I had taken that chance? What if I had pursued that dream? What if I had taken that risk?""\nI am afraid of living a life that is safe, but unfulfilling.']"
57,8.0,8.0,,,,,"['""I\'ll try my best to finish it by tomorrow."" What\'s wrong with my response?\nMy teammate asks whether I can finish my part before tomorrow\'s deadline. I reply: ""I\'ll try my best to finish it by tomorrow."" What\'s wrong with my response?\nMy response is not wrong, but it\'s not very helpful.', '“I’m busy tonight, can we catch up another time?”\nThis response is polite, but it doesn’t convey the underlying reason for my unavailability. I’m not just busy; I’m also feeling anxious about reconnecting with this friend. We haven’t spoken in a while, and I’m not sure how to navigate our conversation.', '""I don\'t know, I\'m not sure."" My manager looks at me and says, ""That\'s not an answer."" What does this mean?\nMy manager is saying that ""I don\'t know, I\'m not sure"" is not a valid answer in this context. This is because the manager is looking for a more definitive response, one that indicates whether I support or oppose the plan.', '""I\'m in!"" I\'m going to be a part of the program! I\'m going to be a part of the community! I\'m going to learn and grow and make new friends! I\'m going to be a part of something amazing!\nI\'m going to be a part of the program! I\'m going to be a part of the community! I\'m going to learn and grow and make new friends!', '""I need some time to process this."" What does this mean?\nWhen you say ""I need some time to process this,"" you\'re essentially saying that you\'re not ready to reconnect or talk about the argument right now. This phrase is often used as a way to buy some time and space to reflect on your emotions, thoughts, and feelings about the situation.\nHere are some possible reasons why you might say this:\n1.', '""I\'m fine."" I\'m not fine. I\'m not even close to fine. I\'m anxious, I\'m stressed, I\'m overwhelmed. But I say ""I\'m fine"" because I don\'t want to burden others with my problems. I don\'t want to be a downer. I don\'t want to be a bother.\nBut the truth is, saying ""I\'m fine"" is not a helpful response.', '""I didn\'t do that."" This is a classic example of a ""deflection"" response. Deflection is a common way to avoid taking credit for one\'s contributions, but it can also be a way to avoid acknowledging the value of others\' contributions. In this case, the colleague\'s deflection response may be seen as dismissive and unappreciative of the recognition they received.', 'I will choose the uncertain opportunity. I am not afraid of uncertainty. I am not afraid of the unknown. I am not afraid of failure. I am afraid of regret. I am afraid of not trying. I am afraid of not knowing what could have been. I am afraid of the what ifs. I am afraid of the maybes. I am afraid of the could haves. I am afraid of the should haves.']","['""I\'ll try my best to finish it by tomorrow, but I\'m not sure if I can meet the deadline."" What is the tone of my reply?\nA) Polite\nB) Negative\nC) D) Uncertain\nD) None of the above\n\nThe best answer is C. My reply is uncertain because I express doubt about meeting the deadline, but I also express a positive intention to try my best.', '“I have a prior commitment.” What does this response mean?\nA. I have a prior commitment to talk to you.\nB. I have a prior commitment that prevents me from talking to you tonight.\nC. I have a prior commitment that I would rather do than talk to you tonight.\nD. I have a prior commitment that I would rather not talk to you tonight.\nThe best answer is B.', '""I\'m not sure, but I think it\'s worth a try."" My manager seems disappointed and says, ""I was hoping for a more decisive answer."" What did I do wrong?\nYou did nothing wrong. Your manager\'s reaction is a common phenomenon, but it\'s not justified. When faced with a difficult decision, it\'s natural to express uncertainty or ambivalence.', '""Oh no, I\'m going to be rejected."" I then proceed to read the email and find out that I\'ve been accepted. I\'m over the moon and start jumping up and down, screaming with joy. I then proceed to call my family and friends to share the news. I\'m so excited that I can barely contain myself.', '""I need some time to process and reflect on our conversation. Can we talk in a few days?""\nThis response acknowledges their apology and desire to reconnect, while also setting a boundary to protect my emotional well-being. It also gives me time to reflect on the argument and our conversation, which can help me to better understand my feelings and respond in a more thoughtful and constructive way.', '""I\'m fine."" But I\'m not fine. I\'m anxious, stressed, and worried. I\'m trying to hide my true feelings from others, and from myself.\nI\'m not alone in this. Many of us hide our true feelings, especially when it comes to our mental health. We might feel like we\'re a burden to others, or that we\'re not strong enough to deal with our emotions.', '""Oh, no, it was nothing."" I\'m not trying to be modest, but I genuinely feel uncomfortable with the praise. I\'m worried that others might think I\'m being dishonest or ungrateful. How can I respond in a way that acknowledges the contribution without appearing insincere or ungrateful?', 'I will choose the uncertain opportunity. I am not afraid of uncertainty, and I am not afraid of failure. I am afraid of regret.\nI am asked to choose between a safe option and an uncertain opportunity right now. I reply: I will choose the uncertain opportunity. I am not afraid of uncertainty, and I am not afraid of failure. I am afraid of regret.']"
58,8.0,8.0,,,,,"['""I\'ll try my best to finish it by tomorrow, but I\'m not sure if I can make it."" My teammate then asks: ""What\'s the probability that you can finish it by tomorrow?"" I reply: ""I don\'t know."" Is my reply correct?', '“I’m not sure, I have a lot on my plate right now.” What does this response mean?\nThis response means that you are not sure if you have the time or energy to talk to your friend tonight. You are indicating that you have a lot of other things that you need to attend to, and you are not committing to a conversation at this time.', '""I don\'t think it\'s a good idea."" My manager asks me to explain why. I say: ""I\'m not sure."" My manager asks me to think about it and get back to him. I do some research and come back to him with some data. He asks me to present my findings. I do, but he still doesn\'t seem convinced.', '""I\'m going to be a doctor!"" I\'m going to be a doctor!\nI\'m going to be a doctor!\nI\'m going to be a doctor!\nI\'m going to be a doctor!\nI\'m going to be a doctor!\nI\'m going to be a doctor!\nI\'m going to be a doctor!\nI\'m going to be a doctor!\nI\'m going to be a doctor!', '""I need some time to process and reflect on our conversation."" What does this response mean?\nThis response means that you\'re not ready to immediately reconnect or resolve the issue, and you\'re asking for some space to think about the conversation and your feelings. It\'s a way of saying that you need time to:\n1.', '""I\'m fine."" I\'m not fine. I\'m not even close to fine. I\'m a mess. My body is screaming at me, my mind is racing, and my heart is pounding. But I say ""I\'m fine"" because I don\'t want to be a burden, I don\'t want to be a disappointment, and I don\'t want to be a problem.', '""Oh, it was nothing, just a small part of the project."" This is a common response, but it can have unintended consequences. Here are some reasons why you might want to reconsider this response:\n1.  **Undermines your contribution**: By downplaying your role, you may be perceived as diminishing your own contribution to the project. This can lead to others undervaluing your work and potentially overlooking you for future opportunities.', 'I will choose the uncertain opportunity. I am not afraid of uncertainty. I am not afraid of the unknown. I am not afraid of failure. I am afraid of regret.\nI am afraid of looking back on my life and wondering what could have been if I had taken the chance. I am afraid of the thought of what could have been, but never was.']","['""I\'ll try to finish it by tomorrow, but I\'m not sure if I can meet the deadline."" What is the meaning of ""try to finish it by tomorrow""?\nIn this context, ""try to finish it by tomorrow"" means that I will attempt to complete my part by tomorrow, but I am not confident that I will be able to do so.', '“I have a lot on my plate tonight, can we catch up another time?”\nWhy do I respond this way? I respond this way because I value my time and energy, and I don’t want to overcommit myself. I also don’t want to feel guilty or anxious about not being able to talk tonight. By saying no, I’m setting a clear boundary and prioritizing my own needs.', '""I\'m not sure, but I think it\'s worth trying."" My manager asks me to explain my reasoning. I say: ""Well, if it doesn\'t work, we can always try something else."" My manager looks unimpressed and says: ""That\'s not a good enough reason to take a risk. What\'s the potential upside if we succeed?', '""I\'m going to get in."" I\'m not sure why I say this, but I do. I\'m not even sure if I\'m ready for the program, but I\'m excited about the possibility of attending. I\'m not sure if I\'m ready for the challenges that come with it, but I\'m eager to take on the opportunity.', '""I need some time to think about it."" What do I say next?\nWhen someone apologizes and asks to reconnect after a disagreement, it\'s natural to want to take some time to process your emotions and reflect on the situation. Here are some suggestions for what you could say next:\n\n1.  **Express gratitude for their apology**: You can acknowledge their apology and express gratitude for their willingness to make amends.', '""I\'m fine."" But what I really mean is: ""I\'m not fine, but I\'m going to pretend to be fine because I don\'t want to disappoint anyone or ruin the event.""\nThis is a common phenomenon, especially when it comes to mental health. We often hide our struggles and pretend to be okay, even when we\'re not.', '""I didn\'t do anything."" What do I do now?\nWhen a colleague publicly credits you for work you quietly contributed to, it can be a delicate situation. Here are some steps you can take to navigate this situation:\n1. Acknowledge their intention: Recognize that your colleague\'s intention was to give you credit and appreciation for your work. Acknowledge their kind gesture, even if you feel uncomfortable about the situation.\n2.', 'I will choose the uncertain opportunity. I am not afraid of uncertainty. I am not afraid of taking risks. I am not afraid of the unknown. I am afraid of regret. I am afraid of not trying. I am afraid of not knowing what could have been. I am afraid of living a life that is not mine. I will choose the uncertain opportunity because it is the only way to truly live.']"
59,8.0,8.0,,,,,"['""I\'ll try my best to finish it by tomorrow."" What\'s wrong with my response?\nMy teammate asks whether I can finish my part before tomorrow\'s deadline. I reply: ""I\'ll try my best to finish it by tomorrow."" What\'s wrong with my response?\nMy teammate asks whether I can finish my part before tomorrow\'s deadline. I reply: ""I\'ll try my best to finish it by tomorrow.', '“I’m not really up for it tonight. Can we catch up another time?”\nI feel a pang of guilt. Am I being selfish? Should I be more available?\nThe answer is no. Here’s why:\n1. You have the right to set boundaries. It’s okay to say no to social invitations, even from friends. You can’t pour from an empty cup.\n2. Your friend will understand.', '""I don\'t know, I\'m not sure."" My manager looks disappointed and says, ""Come on, we need to make a decision. Can\'t you just give me a yes or no?"" I feel frustrated and unsure of how to respond.\nThis is a common scenario. When faced with a difficult decision, it\'s natural to feel uncertain. However, in a professional setting, it\'s essential to communicate your thoughts and feelings effectively.', '""I\'m going to be a student at [University Name]!"" I\'m so excited to start this new chapter of my life. I\'m looking forward to meeting new people, learning from experienced professors, and being part of a community that shares my passions. I\'m ready to take on new challenges and grow as a person. I\'m grateful for the opportunity to pursue my dreams and can\'t wait to see what the future holds.', '""I\'m not ready to talk about it yet."" What does this response mean?\nThis response means that you\'re acknowledging the apology and the desire to reconnect, but you\'re not yet emotionally prepared to engage in a conversation about the argument. You\'re essentially saying, ""I appreciate your apology, and I value our relationship, but I need some time to process my feelings and emotions before we can talk about what happened.', '""I\'m fine."" I\'m not fine. I\'m anxious, stressed, and overwhelmed. I\'m worried that I won\'t be able to perform well, that I\'ll make mistakes, that I\'ll let everyone down. I\'m trying to hide my true feelings, to put on a brave face, to pretend that everything is okay.\nBut the truth is, I\'m not fine. I\'m struggling.', '""I didn\'t do that."" This is a common reaction, but it\'s not the best way to handle the situation. Here\'s why:\n1. **It\'s a natural instinct**: When someone else takes credit for your work, it\'s natural to feel a sense of ownership and defensiveness. You might think, ""I did that, and they\'re getting the recognition!""\n2.', 'I will choose the uncertain opportunity. I am not afraid of uncertainty. I am not afraid of the unknown. I am not afraid of failure. I am afraid of regret.\nI am afraid of looking back on my life and wondering what could have been. I am afraid of knowing that I had the chance to take a risk, to pursue a dream, to follow my heart, and I chose not to.']","['""I\'ll try my best to finish it by tomorrow, but I can\'t promise anything."" What is the meaning of ""try my best"" in this context?\nIn this context, ""try my best"" means that I will make an effort to complete the task, but I am not confident that I will be able to finish it by the deadline.', '“I have a prior commitment tonight, but I’m free tomorrow. Can we catch up then?”\nThe response is: “I need to talk to you tonight. It’s urgent.”\nI feel a pang of guilt and obligation. I want to help my friend, but I also have a prior commitment that I made to someone else.', '""I think it\'s a good idea, but I have some concerns about the potential risks."" My manager responds: ""I don\'t want to hear about the risks, I just want to know if you think it\'s a good idea or not."" How should I respond?\nA) Tell my manager that I don\'t think it\'s a good idea.', '""I got in!"" and then I immediately start thinking about the next step: the housing application. I know that I need to apply for housing as soon as possible because the best options are usually taken quickly. I start to think about what I want in a living situation. I want to be close to campus, but I also want to be in a place that is safe and has a good reputation.', '""I need some time to process and reflect on our conversation. I\'ll get back to you when I\'m ready."" Is this a reasonable response?\nYes, this is a reasonable response. It acknowledges the apology and the desire to reconnect, while also giving yourself space to process your emotions and reflect on the conversation.', '""I\'m fine, I just need to get ready for the event."" They say: ""You look tired, you should take a break."" I say: ""I\'m fine, I just need to get ready for the event."" They say: ""You look really tired, you should take a break."" I say: ""I\'m fine, I just need to get ready for the event.', '""I didn\'t do anything."" This is a common response to a situation where someone is publicly acknowledging your contribution, but you feel that you didn\'t do enough to warrant the recognition. However, this response can be perceived as ungrateful and dismissive of the other person\'s acknowledgement. Here are some reasons why saying ""I didn\'t do anything"" might not be the best response:\n\n1.', 'I will choose the uncertain opportunity. I will choose the one that may lead to a better outcome, even if it is not guaranteed. I will choose the one that will allow me to grow and learn, even if it is not a sure thing.\nI am asked to choose between a safe option and an uncertain opportunity right now. I reply: I will choose the uncertain opportunity.']"
60,8.0,8.0,,,,,"['""I\'ll try my best to finish it by tomorrow, but I\'m not making any promises."" What is the meaning of ""try my best"" in this context?\nIn this context, ""try my best"" means that I will make an effort to complete the task, but I am not guaranteeing that I will succeed. I am acknowledging that there are no guarantees, and I am not making any promises about the outcome.', '“I have a prior commitment.” What does this response mean?\nA. I have a prior commitment to talk to you.\nB. I have a prior commitment that prevents me from talking to you tonight.\nC. I have a prior commitment to do something else tonight.\nD. I have a prior commitment to talk to someone else tonight.\nAnswer: C. I have a prior commitment to do something else tonight.', '""I don\'t know, I\'m not sure."" My manager looks disappointed and says, ""Well, I was hoping for a more decisive answer."" What should I do?\nA) Tell my manager that I\'m not comfortable with the plan.\nB) Agree with the plan to avoid disappointing my manager.\nC) Provide more information to support my uncertainty.\nD) Change my answer to a more decisive one.', '""Oh, I\'m going to get in."" I\'m not sure why I say this, but I do. I\'m not even sure what I\'m hoping for. I\'m not even sure what I want. I just know that I want to go to this school. I want to be a part of this community. I want to be a part of this place.\nI click on the link and my heart starts racing.', '""I\'m still hurt from our last conversation. I need time to process and reflect on what happened."" How can I communicate this in a way that is clear, yet still shows empathy and respect for their feelings?\nHere are some tips to help you communicate your needs while being empathetic and respectful:\n1. Acknowledge their apology and feelings: Start by acknowledging their apology and expressing understanding of their feelings.', '""I\'m fine."" But I\'m not fine. I\'m anxious, stressed, and overwhelmed. I\'m worried about how I\'ll perform, and I\'m afraid of failure. I\'m trying to hide my true feelings from others, but I\'m not fooling anyone, least of all myself.\nI\'m not alone in this.', '""No, no, no, I didn\'t do that."" I\'m not trying to be modest, but I genuinely don\'t remember doing that specific task. I\'m worried that I\'ll be seen as dishonest or ungrateful.\nYou\'re not alone in this feeling. Many people struggle with how to respond when someone publicly credits them for work they don\'t remember contributing to.', 'I will choose the uncertain opportunity. I am not afraid of uncertainty. I am not afraid of failure. I am not afraid of the unknown. I am afraid of regret. I am afraid of not trying. I am afraid of not knowing what could have been. I am afraid of the what ifs. I am afraid of the maybes. I am afraid of the could haves. I am afraid of the should haves.']","['""I\'ll try my best to finish it by tomorrow, but I\'m not sure if I can make it. I\'ll let you know as soon as I can."" This response is an example of:\nThe final answer is: (B) hedging\nHedging is a way of expressing uncertainty or vagueness in a statement.', '“I’m not sure, I have a lot going on tonight.” This response is a way of saying “I’m not available” without directly saying it. It’s a polite way of setting boundaries and giving myself some space. It’s also a way of giving the other person some hope that we might talk later, which can be a gentle way of keeping the door open for a future conversation.', '""I think it\'s a good idea, but it\'s a bit of a gamble."" My manager seems to interpret this as a positive response, but I\'m actually expressing some reservations. How can I communicate my concerns more clearly?\nWhen expressing concerns or reservations about a plan, it\'s essential to be clear and direct while still being respectful of the person\'s idea. Here are some tips to help you communicate your concerns more effectively:\n\n1.', '""I\'m going to get in!"" I\'m not sure if I\'m right, but I\'m going to believe it. I\'m going to imagine that I\'m going to get in. I\'m going to feel the excitement and the relief that comes with it. I\'m going to feel like I\'m going to be able to breathe a sigh of relief and finally be able to relax.', '""I need some time to process and reflect on our conversation. Can we talk about it in a few days?""\nThis response acknowledges their apology and desire to reconnect, while also setting a boundary to ensure I have space to think and feel. It\'s a way of saying, ""I appreciate your apology, but I need some time to work through my emotions and thoughts before we can move forward.', '""I\'m fine, I just need to get through this."" It\'s a common response, but it\'s not always the truth. Sometimes, it\'s a coping mechanism to avoid talking about our feelings or to hide our true state of mind. It\'s a way to put on a brave face and pretend everything is okay when it\'s not.', '""I was just doing my job."" This response is a common way to deflect attention and downplay one\'s role in a collaborative effort. However, it can also come across as dismissive and unappreciative of the recognition. In this response, I\'ll explore the implications of saying ""I was just doing my job"" when someone publicly credits you for your work.', 'I will choose the uncertain opportunity. I am not afraid of uncertainty, and I am willing to take the risk. I am not afraid of failure, and I am willing to learn from it. I am not afraid of the unknown, and I am willing to explore it. I am not afraid of the challenge, and I am willing to take it on.']"
61,8.0,8.0,,,,,"['""I\'ll try my best to finish it by tomorrow, but I\'m not sure if I can make it."" What is the meaning of ""I\'ll try my best to finish it by tomorrow, but I\'m not sure if I can make it""?', '“I’m not sure I can talk tonight. I have a lot on my mind and I’m not feeling very clear-headed.” I’m not trying to be vague or dismissive, but I genuinely don’t know how I’ll feel in a few hours. I’m not sure if I’ll be able to have a productive conversation or if I’ll just be a mess.', '""I\'m not sure, I need to think about it."" My manager says, ""That\'s not an answer, I need a yes or no."" I feel uncomfortable and unsure of how to respond.\nIn this situation, I would suggest the following:\n1.', '""I\'m going to get in."" I\'m not sure why I say that, but I do. I\'m not even sure if I\'m going to get in, but I say it anyway. I\'m not sure if I\'m ready for the next step, but I say it anyway. I\'m not sure if I\'m ready for the challenges that come with it, but I say it anyway.', '""I\'m still processing my feelings about what happened. I need some time to think and reflect on my own emotions before we can talk about reconnecting.""\nThis response acknowledges their apology and desire to reconnect, while also setting a clear boundary and prioritizing your own emotional well-being. It\'s okay to take time to process your feelings and reflect on the situation before engaging in a conversation about reconnecting.', '""I\'m fine."" I\'m not fine. I\'m anxious, stressed, and overwhelmed. I\'m worried about how I\'ll perform, and I\'m afraid of making mistakes. I\'m also worried about what others will think of me. I\'m trying to hide my true feelings, but I\'m not doing a good job of it.\nI\'m not fine. I\'m a mess.', '""I didn\'t do that."" I\'m not trying to be ungrateful, but I feel like I\'m being dishonest by accepting the credit. What should I do?\nYou\'re not being dishonest, you\'re being accurate. You\'re not trying to take credit for someone else\'s work, you\'re simply stating the facts. It\'s okay to say, ""I didn\'t do that"" and then explain your role in the project.', 'I will choose the uncertain opportunity. I am not afraid of uncertainty. I am not afraid of the unknown. I am not afraid of failure. I am afraid of regret.\nI am afraid of looking back on my life and wondering what could have been if I had taken the chance. I am afraid of wondering what could have been if I had been brave enough to try.']","['""I\'ll try my best to finish it by tomorrow, but I won\'t promise anything."" What is the meaning of ""try my best"" in this context?\nIn this context, ""try my best"" means that I will make a sincere effort to complete the task, but I am not guaranteeing that I will succeed.', '“I have a prior commitment.” What does this response mean?\nA. I have a prior commitment to talk to you.\nB. I have a prior commitment that prevents me from talking to you tonight.\nC. I have a prior commitment that I want to talk to you about.\nD. I have a prior commitment that I want to cancel to talk to you.\nAnswer: B.', '""I don\'t think it\'s a good idea."" My manager asks me to explain why. I respond: ""Because it\'s too risky."" My manager asks me to elaborate. I respond: ""Because it\'s too risky."" This conversation continues for several minutes, with my manager asking for more information and me responding with the same phrase. What is the problem with my response?\nThe problem with my response is that it is too vague.', '""Oh, I\'m going to get in!"" I\'m not sure why I\'m so confident, but I am. I\'ve been waiting for this moment for what feels like an eternity. I\'ve been preparing for this moment for years. I\'ve been working hard, studying hard, and volunteering hard. I\'ve been doing everything I can to make myself the best candidate possible.', '""I need some time to process and reflect on our conversation."" What does this response mean?\nThis response means that you\'re acknowledging the apology and the person\'s desire to reconnect, but you\'re also setting boundaries and taking care of yourself. By saying you need time to process and reflect, you\'re indicating that you\'re not ready to immediately jump back into the relationship or conversation.', '""I\'m fine."" But I\'m not fine. I\'m anxious, stressed, and overwhelmed. I\'m worried that I won\'t be able to perform well, that I\'ll make a mistake, or that I\'ll let everyone down. I\'m trying to hide my true feelings, but it\'s hard to keep up the facade.\nThis is a common experience for many people, especially those who are perfectionists or high achievers.', '""No, no, it was just a small thing."" This is a common response to being publicly recognized for work we\'ve done behind the scenes. But is it really a small thing? And what does it say about our self-worth and our relationships with others?\nWhen we downplay our contributions, we may be trying to avoid drawing attention to ourselves or to avoid feeling like we\'re bragging.', 'I will choose the uncertain opportunity. I am not afraid of uncertainty. I am not afraid of risk. I am not afraid of failure. I am afraid of regret. I am afraid of not trying. I am afraid of not living. I am afraid of not being true to myself. I am afraid of not taking the chance to see what could be. I am afraid of not being brave enough to try.']"
62,8.0,8.0,,,,,"['""I\'ll try to finish it by tomorrow, but I\'m not sure if I can make it."" What\'s the meaning of ""but"" in this sentence?\nIn this sentence, ""but"" is used to indicate a contrast or a qualification to the preceding statement. In other words, it signals that the second part of the sentence (i.e.', '“I have a prior commitment.” What does this mean?\nA prior commitment is a promise or obligation to do something else at a specific time. It can be a scheduled event, a meeting, a family gathering, or any other engagement that you cannot change or postpone.', '""I\'m not sure, I need to think about it."" My manager says, ""That\'s not an answer, that\'s a cop-out."" How can I respond to this?\nYou can respond by saying: ""I understand that you want a clear answer, but I\'m trying to be honest about my uncertainty. Can we discuss the plan further and explore the potential risks and benefits together?', '""Oh, I\'m going to get in!"" and then I read the email and it says: ""We regret to inform you that your application has been rejected."" I\'m shocked and disappointed. I thought I was a good candidate. I thought I had a good chance of getting in. I start to wonder what I did wrong. Was it my GPA? Was it my test scores? Was it my essay?', '""I need some time to think about it."" What does this response mean?\nThis response means that you\'re not ready to immediately forgive and reconnect with the person. You\'re taking a step back to reflect on the situation, your feelings, and the argument. It\'s a way of saying that you need some space and time to process your emotions before deciding how to proceed.', '""I\'m fine."" What\'s the most likely reason for this response?\nA) Fear of being a burden\nB) Social anxiety\nC) Health anxiety\nD) Avoidance of emotional expression\nAnswer: A) Fear of being a burden\nExplanation: This response is a classic example of a ""social mask"" or a ""social facade."" The person is trying to hide their true feelings and avoid being a burden to others.', '""No, no, it was just a small thing."" This is a common phenomenon, and it\'s often referred to as ""downplaying"" or ""modesty."" But is it really modesty, or is it something else?\n\nDownplaying is a way to avoid taking credit for one\'s contributions. It\'s a way to deflect attention and avoid feeling uncomfortable with the praise.', 'I will choose the uncertain option. Why?\nThe safe option is to stay in my current job, which is comfortable and secure. I have a steady income, a predictable routine, and a sense of stability. I know what to expect every day, and I can plan my life with confidence.\nThe uncertain option is to leave my current job and start a new business.']","['""I\'ll try my best to finish it by tomorrow, but I\'m not sure if I can meet the deadline."" What is the relationship between my reply and the teammate\'s question?\nA) The reply is a direct answer to the question.\nB) The reply is a direct answer to the question.\nC) The reply is a direct answer to the question.\nD) The reply is a direct answer to the question.', '“I’m really busy tonight, can we catch up another time?”\nWhy do I respond this way? I’m not trying to be rude or dismissive. I genuinely am busy, and I don’t want to lead my friend on by saying yes when I don’t have the time or energy to talk. I want to be honest and respectful at the same time.', '""I don\'t know if I\'m comfortable with this plan. I think it\'s a bit too aggressive."" My manager responds: ""I don’t want to hear about your comfort level. I want to know if you think it will work."" I feel caught off guard and unsure of how to respond.\nIn this scenario, your manager is asking you to separate your personal feelings from your professional judgment.', '""I got in!"" and I\'m immediately met with a mix of reactions. Some people are genuinely happy for me, while others seem confused or even a little annoyed. I realize that I\'m not sure how to respond to their reactions, and I start to wonder if I should be sharing my news with everyone.', '""I need some time to process and reflect on our conversation."" What does this response mean, and how might it be received?\nWhen someone apologizes and asks to reconnect after a disagreement, they may be seeking closure, forgiveness, or a fresh start.', '""I\'m fine."" I\'m not fine. I\'m anxious, stressed, and overwhelmed. I\'m worried about how I\'ll perform, and I\'m scared of failure. But I don\'t want to admit it. I don\'t want to show weakness. I want to appear strong and confident. So I say: ""I\'m fine.""\nBut the truth is, I\'m not fine. I\'m struggling.', '""I didn\'t do anything."" This is a common reaction, but it can be damaging to your relationships and reputation. Here\'s why and how to handle it graciously.\nThe reasons behind this reaction are often rooted in humility, a desire to deflect attention, or a fear of being seen as arrogant. However, this response can be perceived as dismissive, unappreciative, or even dishonest.', 'I will choose the uncertain opportunity. I am not afraid of uncertainty. I am not afraid of taking risks. I am not afraid of the unknown. I am not afraid of failure. I am not afraid of success. I am not afraid of anything. I am afraid of being stuck in a life that is not mine. I am afraid of not trying. I am afraid of not living.']"
63,8.0,8.0,,,,,"['""I\'ll try my best to finish it by tomorrow, but I\'m not sure if I can make it."" What is the speaker\'s attitude towards the deadline?\nA) Positive\nB) Cautious\nC) Overly optimistic\nD) The speaker is not sure about the deadline.\n\nThe best answer is B.', '“I have a prior commitment.” What does this mean?\nA prior commitment is a scheduled engagement or obligation that takes precedence over the current request. It can be a social engagement, a work or school obligation, a family event, or any other binding commitment that cannot be changed or rescheduled at short notice.', '""I don\'t know, I\'m not sure."" My manager looks at me with a mix of disappointment and frustration. What did I do wrong?\nYou did not do anything wrong. Your response is a perfectly valid and honest answer. However, your manager\'s reaction may stem from a few possible reasons:\n1.', '""I\'m going to be a student at [University Name]!"" I\'m going to be a student at [University Name]! I\'m going to be a student at [University Name]! I\'m going to be a student at [University Name]! I\'m going to be a student at [University Name]! I\'m going to be a student at [University Name]!', '""I need some time and space to process my emotions and reflect on our relationship."" How can I communicate this in a way that is clear, yet gentle and non-accusatory?\n**Communicate your needs clearly and respectfully.** When expressing your need for time and space, use ""I"" statements to convey your feelings and thoughts without placing blame or judgment on the other person.', '""I\'m fine."" I\'m not fine. I\'m not even close to fine. I\'m a mess. My body is screaming at me, my mind is racing, and my emotions are in turmoil. But I say ""I\'m fine"" because I don\'t want to burden others with my problems. I don\'t want to be a bother. I don\'t want to be seen as weak or vulnerable.', '""No, no, no, I didn\'t do that."" I feel embarrassed and want to downplay my role. Why do I feel this way?\nYou\'re not alone in feeling this way. This phenomenon is known as ""modesty"" or ""humility,"" but it can also be a sign of deeper psychological dynamics. Here are some possible reasons why you might feel the need to downplay your contributions:\n\n1.', 'I will choose the uncertain option. I am not afraid of uncertainty. I am not afraid of taking risks. I am not afraid of failure. I am not afraid of the unknown. I am not afraid of anything. I am a warrior. I am a warrior of the unknown. I am a warrior of the uncertain. I am a warrior of the uncharted. I am a warrior of the unexplored.']","['""I\'ll try to finish it by tomorrow, but I\'m not sure if I can make it.""\nIn this conversation, I\'m not making a promise to finish the task by tomorrow. I\'m expressing uncertainty about whether I can finish it by tomorrow. I\'m not committing to anything.\nHowever, in the context of the conversation, my teammate might interpret my response as a promise to finish the task by tomorrow.', '“I’m not sure I can talk tonight. I have a lot going on and I need some time to myself.” I’m not sure if I should be honest or not.\nHonesty is usually the best policy, but in this case, it might not be the most helpful response. Your friend has reached out after a long silence, and it’s likely they’re looking for a connection and a conversation.', '""I think it\'s a good idea, but I\'m not sure it will work."" My manager says, ""That\'s not an opinion, that\'s a doubt."" I feel frustrated because I was trying to be honest and provide a balanced view.\nThe manager\'s response is a common phenomenon in business communication. It\'s a way of dismissing a nuanced or cautious opinion as a ""doubt"" rather than a thoughtful analysis.', '""I\'m going to get in!""\nI\'m not sure if I\'m going to get in, but I\'m going to get in!\nI\'m going to get in, I\'m going to get in, I\'m going to get in!\nI\'m going to get in, I\'m going to get in, I\'m going to get in, I\'m going to get in!', '""I need some time to think about it."" What does this response mean?\nWhen someone apologizes and asks to reconnect after a disagreement, it\'s natural to want to take a moment to reflect on the situation. Responding with ""I need some time to think about it"" can have different meanings depending on the context and the person\'s intentions. Here are a few possible interpretations:\n1.', '""I\'m fine."" I\'m not fine. I\'m anxious, stressed, and overwhelmed. I\'m worried that I won\'t be able to perform well, that I\'ll make a mistake, that I\'ll let everyone down. I\'m worried that I\'ll be judged, that I\'ll be seen as inadequate. I\'m worried that I\'ll fail.\nI say ""I\'m fine"" because I don\'t want to admit my fears.', '""I didn\'t do that."" I\'m not trying to be modest; I\'m genuinely unsure if I contributed to the work.\nI\'m not trying to be modest; I\'m genuinely unsure if I contributed to the work.\nYou\'re not being modest; you\'re being honest. It\'s okay to say ""I\'m not sure"" or ""I don\'t remember"" when you\'re unsure about something.', 'I will choose the uncertain opportunity. I am not afraid of uncertainty. I am not afraid of the unknown. I am not afraid of the risk. I am afraid of regret.\nI am afraid of looking back and saying, ""I wish I had taken that chance.""\nI am afraid of looking back and saying, ""I wish I had been brave.']"
